2025-12-03 15:20:10,838 - kedro.framework.project - INFO - Using 'conf\logging.yml' as logging configuration. You can change this by setting the KEDRO_LOGGING_CONFIG environment variable accordingly.
2025-12-03 15:20:12,506 - kedro.framework.session.session - INFO - Kedro project banking-customer-churn-prediction
2025-12-03 15:20:12,804 - py.warnings - WARNING - c:\Users\BIGSAM TECH\Desktop\ML Churn Modelling\.venv\lib\site-packages\kedro\framework\project\__init__.py:350: UserWarning: The 'banking_customer_churn_prediction.pipelines.etl' module does not expose a 'create_pipeline' function, so no pipelines defined therein will be returned by 'find_pipelines'.
  warnings.warn(

2025-12-03 15:20:12,826 - py.warnings - WARNING - c:\Users\BIGSAM TECH\Desktop\ML Churn Modelling\.venv\lib\site-packages\kedro\framework\project\__init__.py:350: UserWarning: The 'banking_customer_churn_prediction.pipelines.feature_engineering' module does not expose a 'create_pipeline' function, so no pipelines defined therein will be returned by 'find_pipelines'.
  warnings.warn(

2025-12-03 15:20:12,836 - py.warnings - WARNING - c:\Users\BIGSAM TECH\Desktop\ML Churn Modelling\.venv\lib\site-packages\kedro\framework\project\__init__.py:350: UserWarning: The 'banking_customer_churn_prediction.pipelines.inference' module does not expose a 'create_pipeline' function, so no pipelines defined therein will be returned by 'find_pipelines'.
  warnings.warn(

2025-12-03 15:20:12,843 - py.warnings - WARNING - c:\Users\BIGSAM TECH\Desktop\ML Churn Modelling\.venv\lib\site-packages\kedro\framework\project\__init__.py:350: UserWarning: The 'banking_customer_churn_prediction.pipelines.postprocessing' module does not expose a 'create_pipeline' function, so no pipelines defined therein will be returned by 'find_pipelines'.
  warnings.warn(

2025-12-03 15:20:12,864 - py.warnings - WARNING - c:\Users\BIGSAM TECH\Desktop\ML Churn Modelling\.venv\lib\site-packages\kedro\framework\project\__init__.py:350: UserWarning: The 'banking_customer_churn_prediction.pipelines.preprocessing' module does not expose a 'create_pipeline' function, so no pipelines defined therein will be returned by 'find_pipelines'.
  warnings.warn(

2025-12-03 15:20:12,875 - py.warnings - WARNING - c:\Users\BIGSAM TECH\Desktop\ML Churn Modelling\.venv\lib\site-packages\kedro\framework\project\__init__.py:350: UserWarning: The 'banking_customer_churn_prediction.pipelines.training' module does not expose a 'create_pipeline' function, so no pipelines defined therein will be returned by 'find_pipelines'.
  warnings.warn(

2025-12-03 15:20:12,884 - kedro_telemetry.plugin - INFO - Kedro is sending anonymous usage data with the sole purpose of improving the product. No personal data or IP addresses are stored on our side. To opt out, set the `KEDRO_DISABLE_TELEMETRY` or `DO_NOT_TRACK` environment variables, or create a `.telemetry` file in the current working directory with the contents `consent: false`. To hide this message, explicitly grant or deny consent. Read more at https://docs.kedro.org/en/stable/configuration/telemetry.html
2025-12-03 15:39:21,214 - kedro.framework.project - INFO - Using 'conf\logging.yml' as logging configuration. You can change this by setting the KEDRO_LOGGING_CONFIG environment variable accordingly.
2025-12-03 15:39:22,181 - kedro.framework.session.session - INFO - Kedro project banking-customer-churn-prediction
2025-12-03 15:39:22,379 - kedro_telemetry.plugin - INFO - Kedro is sending anonymous usage data with the sole purpose of improving the product. No personal data or IP addresses are stored on our side. To opt out, set the `KEDRO_DISABLE_TELEMETRY` or `DO_NOT_TRACK` environment variables, or create a `.telemetry` file in the current working directory with the contents `consent: false`. To hide this message, explicitly grant or deny consent. Read more at https://docs.kedro.org/en/stable/configuration/telemetry.html
2025-12-03 15:42:38,561 - kedro.framework.project - INFO - Using 'conf\logging.yml' as logging configuration. You can change this by setting the KEDRO_LOGGING_CONFIG environment variable accordingly.
2025-12-03 15:43:42,926 - kedro.framework.project - INFO - Using 'conf\logging.yml' as logging configuration. You can change this by setting the KEDRO_LOGGING_CONFIG environment variable accordingly.
2025-12-03 15:43:43,869 - kedro.framework.session.session - INFO - Kedro project banking-customer-churn-prediction
2025-12-03 15:43:44,051 - kedro_telemetry.plugin - INFO - Kedro is sending anonymous usage data with the sole purpose of improving the product. No personal data or IP addresses are stored on our side. To opt out, set the `KEDRO_DISABLE_TELEMETRY` or `DO_NOT_TRACK` environment variables, or create a `.telemetry` file in the current working directory with the contents `consent: false`. To hide this message, explicitly grant or deny consent. Read more at https://docs.kedro.org/en/stable/configuration/telemetry.html
2025-12-03 15:45:51,582 - kedro.framework.project - INFO - Using 'conf\logging.yml' as logging configuration. You can change this by setting the KEDRO_LOGGING_CONFIG environment variable accordingly.
2025-12-03 15:45:52,461 - kedro_telemetry.plugin - INFO - Kedro is sending anonymous usage data with the sole purpose of improving the product. No personal data or IP addresses are stored on our side. To opt out, set the `KEDRO_DISABLE_TELEMETRY` or `DO_NOT_TRACK` environment variables, or create a `.telemetry` file in the current working directory with the contents `consent: false`. To hide this message, explicitly grant or deny consent. Read more at https://docs.kedro.org/en/stable/configuration/telemetry.html
2025-12-03 15:46:14,322 - kedro.framework.project - INFO - Using 'conf\logging.yml' as logging configuration. You can change this by setting the KEDRO_LOGGING_CONFIG environment variable accordingly.
2025-12-03 15:46:15,170 - kedro_telemetry.plugin - INFO - Kedro is sending anonymous usage data with the sole purpose of improving the product. No personal data or IP addresses are stored on our side. To opt out, set the `KEDRO_DISABLE_TELEMETRY` or `DO_NOT_TRACK` environment variables, or create a `.telemetry` file in the current working directory with the contents `consent: false`. To hide this message, explicitly grant or deny consent. Read more at https://docs.kedro.org/en/stable/configuration/telemetry.html
2025-12-03 15:59:03,618 - kedro.framework.project - INFO - Using 'conf\logging.yml' as logging configuration. You can change this by setting the KEDRO_LOGGING_CONFIG environment variable accordingly.
2025-12-03 16:00:31,392 - kedro.framework.project - INFO - Using 'conf\logging.yml' as logging configuration. You can change this by setting the KEDRO_LOGGING_CONFIG environment variable accordingly.
2025-12-03 16:00:32,294 - kedro.framework.session.session - INFO - Kedro project banking-customer-churn-prediction
2025-12-03 16:00:32,474 - kedro_telemetry.plugin - INFO - Kedro is sending anonymous usage data with the sole purpose of improving the product. No personal data or IP addresses are stored on our side. To opt out, set the `KEDRO_DISABLE_TELEMETRY` or `DO_NOT_TRACK` environment variables, or create a `.telemetry` file in the current working directory with the contents `consent: false`. To hide this message, explicitly grant or deny consent. Read more at https://docs.kedro.org/en/stable/configuration/telemetry.html
2025-12-03 16:06:29,578 - kedro.framework.project - INFO - Using 'conf\logging.yml' as logging configuration. You can change this by setting the KEDRO_LOGGING_CONFIG environment variable accordingly.
2025-12-03 16:06:30,634 - kedro.framework.session.session - INFO - Kedro project banking-customer-churn-prediction
2025-12-03 16:06:30,854 - kedro_telemetry.plugin - INFO - Kedro is sending anonymous usage data with the sole purpose of improving the product. No personal data or IP addresses are stored on our side. To opt out, set the `KEDRO_DISABLE_TELEMETRY` or `DO_NOT_TRACK` environment variables, or create a `.telemetry` file in the current working directory with the contents `consent: false`. To hide this message, explicitly grant or deny consent. Read more at https://docs.kedro.org/en/stable/configuration/telemetry.html
2025-12-03 16:24:49,888 - kedro.framework.project - INFO - Using 'conf\logging.yml' as logging configuration. You can change this by setting the KEDRO_LOGGING_CONFIG environment variable accordingly.
2025-12-03 16:24:51,045 - kedro.framework.session.session - INFO - Kedro project banking-customer-churn-prediction
2025-12-03 16:24:52,536 - kedro_telemetry.plugin - INFO - Kedro is sending anonymous usage data with the sole purpose of improving the product. No personal data or IP addresses are stored on our side. To opt out, set the `KEDRO_DISABLE_TELEMETRY` or `DO_NOT_TRACK` environment variables, or create a `.telemetry` file in the current working directory with the contents `consent: false`. To hide this message, explicitly grant or deny consent. Read more at https://docs.kedro.org/en/stable/configuration/telemetry.html
2025-12-03 16:30:40,180 - kedro.framework.project - INFO - Using 'conf\logging.yml' as logging configuration. You can change this by setting the KEDRO_LOGGING_CONFIG environment variable accordingly.
2025-12-03 16:30:41,147 - kedro.framework.session.session - INFO - Kedro project banking-customer-churn-prediction
2025-12-03 16:30:42,080 - kedro_telemetry.plugin - INFO - Kedro is sending anonymous usage data with the sole purpose of improving the product. No personal data or IP addresses are stored on our side. To opt out, set the `KEDRO_DISABLE_TELEMETRY` or `DO_NOT_TRACK` environment variables, or create a `.telemetry` file in the current working directory with the contents `consent: false`. To hide this message, explicitly grant or deny consent. Read more at https://docs.kedro.org/en/stable/configuration/telemetry.html
2025-12-03 16:32:21,394 - kedro.framework.project - INFO - Using 'conf\logging.yml' as logging configuration. You can change this by setting the KEDRO_LOGGING_CONFIG environment variable accordingly.
2025-12-03 16:32:22,296 - kedro.framework.session.session - INFO - Kedro project banking-customer-churn-prediction
2025-12-03 16:32:41,303 - kedro_telemetry.plugin - INFO - Kedro is sending anonymous usage data with the sole purpose of improving the product. No personal data or IP addresses are stored on our side. To opt out, set the `KEDRO_DISABLE_TELEMETRY` or `DO_NOT_TRACK` environment variables, or create a `.telemetry` file in the current working directory with the contents `consent: false`. To hide this message, explicitly grant or deny consent. Read more at https://docs.kedro.org/en/stable/configuration/telemetry.html
2025-12-03 16:33:42,636 - kedro.framework.project - INFO - Using 'conf\logging.yml' as logging configuration. You can change this by setting the KEDRO_LOGGING_CONFIG environment variable accordingly.
2025-12-03 16:33:44,379 - kedro.framework.session.session - INFO - Kedro project banking-customer-churn-prediction
2025-12-03 16:37:38,819 - kedro_telemetry.plugin - INFO - Kedro is sending anonymous usage data with the sole purpose of improving the product. No personal data or IP addresses are stored on our side. To opt out, set the `KEDRO_DISABLE_TELEMETRY` or `DO_NOT_TRACK` environment variables, or create a `.telemetry` file in the current working directory with the contents `consent: false`. To hide this message, explicitly grant or deny consent. Read more at https://docs.kedro.org/en/stable/configuration/telemetry.html
2025-12-04 11:28:58,007 - kedro.framework.project - INFO - Using 'conf\logging.yml' as logging configuration. You can change this by setting the KEDRO_LOGGING_CONFIG environment variable accordingly.
2025-12-04 11:28:59,120 - kedro.framework.session.session - INFO - Kedro project banking-customer-churn-prediction
2025-12-04 11:29:03,041 - kedro_telemetry.plugin - INFO - Kedro is sending anonymous usage data with the sole purpose of improving the product. No personal data or IP addresses are stored on our side. To opt out, set the `KEDRO_DISABLE_TELEMETRY` or `DO_NOT_TRACK` environment variables, or create a `.telemetry` file in the current working directory with the contents `consent: false`. To hide this message, explicitly grant or deny consent. Read more at https://docs.kedro.org/en/stable/configuration/telemetry.html
2025-12-04 11:30:19,850 - kedro.framework.project - INFO - Using 'conf\logging.yml' as logging configuration. You can change this by setting the KEDRO_LOGGING_CONFIG environment variable accordingly.
2025-12-04 11:30:20,752 - kedro.framework.session.session - INFO - Kedro project banking-customer-churn-prediction
2025-12-04 11:30:22,886 - kedro_telemetry.plugin - INFO - Kedro is sending anonymous usage data with the sole purpose of improving the product. No personal data or IP addresses are stored on our side. To opt out, set the `KEDRO_DISABLE_TELEMETRY` or `DO_NOT_TRACK` environment variables, or create a `.telemetry` file in the current working directory with the contents `consent: false`. To hide this message, explicitly grant or deny consent. Read more at https://docs.kedro.org/en/stable/configuration/telemetry.html
2025-12-04 11:31:40,576 - kedro.framework.project - INFO - Using 'conf\logging.yml' as logging configuration. You can change this by setting the KEDRO_LOGGING_CONFIG environment variable accordingly.
2025-12-04 11:31:41,494 - kedro.framework.session.session - INFO - Kedro project banking-customer-churn-prediction
2025-12-04 11:31:43,705 - kedro_telemetry.plugin - INFO - Kedro is sending anonymous usage data with the sole purpose of improving the product. No personal data or IP addresses are stored on our side. To opt out, set the `KEDRO_DISABLE_TELEMETRY` or `DO_NOT_TRACK` environment variables, or create a `.telemetry` file in the current working directory with the contents `consent: false`. To hide this message, explicitly grant or deny consent. Read more at https://docs.kedro.org/en/stable/configuration/telemetry.html
2025-12-04 11:32:34,167 - kedro.framework.project - INFO - Using 'conf\logging.yml' as logging configuration. You can change this by setting the KEDRO_LOGGING_CONFIG environment variable accordingly.
2025-12-04 11:32:35,085 - kedro.framework.session.session - INFO - Kedro project banking-customer-churn-prediction
2025-12-04 11:32:37,294 - kedro_telemetry.plugin - INFO - Kedro is sending anonymous usage data with the sole purpose of improving the product. No personal data or IP addresses are stored on our side. To opt out, set the `KEDRO_DISABLE_TELEMETRY` or `DO_NOT_TRACK` environment variables, or create a `.telemetry` file in the current working directory with the contents `consent: false`. To hide this message, explicitly grant or deny consent. Read more at https://docs.kedro.org/en/stable/configuration/telemetry.html
2025-12-04 13:00:13,914 - kedro.framework.project - INFO - Using 'conf\logging.yml' as logging configuration. You can change this by setting the KEDRO_LOGGING_CONFIG environment variable accordingly.
2025-12-04 13:00:14,890 - kedro.framework.session.session - INFO - Kedro project banking-customer-churn-prediction
2025-12-04 13:00:17,293 - kedro_telemetry.plugin - INFO - Kedro is sending anonymous usage data with the sole purpose of improving the product. No personal data or IP addresses are stored on our side. To opt out, set the `KEDRO_DISABLE_TELEMETRY` or `DO_NOT_TRACK` environment variables, or create a `.telemetry` file in the current working directory with the contents `consent: false`. To hide this message, explicitly grant or deny consent. Read more at https://docs.kedro.org/en/stable/configuration/telemetry.html
2025-12-04 13:10:24,886 - kedro.framework.project - INFO - Using 'conf\logging.yml' as logging configuration. You can change this by setting the KEDRO_LOGGING_CONFIG environment variable accordingly.
2025-12-04 13:10:25,868 - kedro.framework.session.session - INFO - Kedro project banking-customer-churn-prediction
2025-12-04 13:10:28,213 - kedro_telemetry.plugin - INFO - Kedro is sending anonymous usage data with the sole purpose of improving the product. No personal data or IP addresses are stored on our side. To opt out, set the `KEDRO_DISABLE_TELEMETRY` or `DO_NOT_TRACK` environment variables, or create a `.telemetry` file in the current working directory with the contents `consent: false`. To hide this message, explicitly grant or deny consent. Read more at https://docs.kedro.org/en/stable/configuration/telemetry.html
2025-12-04 13:18:50,731 - kedro.framework.project - INFO - Using 'conf\logging.yml' as logging configuration. You can change this by setting the KEDRO_LOGGING_CONFIG environment variable accordingly.
2025-12-04 13:18:54,058 - kedro_telemetry.plugin - INFO - Kedro is sending anonymous usage data with the sole purpose of improving the product. No personal data or IP addresses are stored on our side. To opt out, set the `KEDRO_DISABLE_TELEMETRY` or `DO_NOT_TRACK` environment variables, or create a `.telemetry` file in the current working directory with the contents `consent: false`. To hide this message, explicitly grant or deny consent. Read more at https://docs.kedro.org/en/stable/configuration/telemetry.html
2025-12-04 13:19:35,175 - kedro.framework.project - INFO - Using 'conf\logging.yml' as logging configuration. You can change this by setting the KEDRO_LOGGING_CONFIG environment variable accordingly.
2025-12-04 13:19:36,149 - kedro.framework.session.session - INFO - Kedro project banking-customer-churn-prediction
2025-12-04 13:20:03,049 - kedro_telemetry.plugin - INFO - Kedro is sending anonymous usage data with the sole purpose of improving the product. No personal data or IP addresses are stored on our side. To opt out, set the `KEDRO_DISABLE_TELEMETRY` or `DO_NOT_TRACK` environment variables, or create a `.telemetry` file in the current working directory with the contents `consent: false`. To hide this message, explicitly grant or deny consent. Read more at https://docs.kedro.org/en/stable/configuration/telemetry.html
2025-12-04 13:25:53,596 - kedro.framework.project - INFO - Using 'conf\logging.yml' as logging configuration. You can change this by setting the KEDRO_LOGGING_CONFIG environment variable accordingly.
2025-12-04 13:25:54,457 - kedro.framework.session.session - INFO - Kedro project banking-customer-churn-prediction
2025-12-04 13:25:56,567 - kedro_telemetry.plugin - INFO - Kedro is sending anonymous usage data with the sole purpose of improving the product. No personal data or IP addresses are stored on our side. To opt out, set the `KEDRO_DISABLE_TELEMETRY` or `DO_NOT_TRACK` environment variables, or create a `.telemetry` file in the current working directory with the contents `consent: false`. To hide this message, explicitly grant or deny consent. Read more at https://docs.kedro.org/en/stable/configuration/telemetry.html
2025-12-04 13:29:26,587 - kedro.framework.project - INFO - Using 'conf\logging.yml' as logging configuration. You can change this by setting the KEDRO_LOGGING_CONFIG environment variable accordingly.
2025-12-04 13:29:27,525 - kedro.framework.session.session - INFO - Kedro project banking-customer-churn-prediction
2025-12-04 13:29:30,005 - kedro_telemetry.plugin - INFO - Kedro is sending anonymous usage data with the sole purpose of improving the product. No personal data or IP addresses are stored on our side. To opt out, set the `KEDRO_DISABLE_TELEMETRY` or `DO_NOT_TRACK` environment variables, or create a `.telemetry` file in the current working directory with the contents `consent: false`. To hide this message, explicitly grant or deny consent. Read more at https://docs.kedro.org/en/stable/configuration/telemetry.html
2025-12-04 13:29:31,727 - py.warnings - WARNING - c:\Users\BIGSAM TECH\Desktop\ML Churn Modelling\.venv\lib\site-packages\kedro\io\core.py:545: UserWarning: Since kedro-datasets 2.0, 'Dataset' is spelled with a lowercase 's'. Got 'pandas.CSVDataSet'.
  warnings.warn(

2025-12-04 15:23:29,348 - kedro.framework.project - INFO - Using 'conf\logging.yml' as logging configuration. You can change this by setting the KEDRO_LOGGING_CONFIG environment variable accordingly.
2025-12-04 15:23:30,280 - kedro.framework.session.session - INFO - Kedro project banking-customer-churn-prediction
2025-12-04 15:23:32,748 - kedro_telemetry.plugin - INFO - Kedro is sending anonymous usage data with the sole purpose of improving the product. No personal data or IP addresses are stored on our side. To opt out, set the `KEDRO_DISABLE_TELEMETRY` or `DO_NOT_TRACK` environment variables, or create a `.telemetry` file in the current working directory with the contents `consent: false`. To hide this message, explicitly grant or deny consent. Read more at https://docs.kedro.org/en/stable/configuration/telemetry.html
2025-12-04 15:23:34,453 - py.warnings - WARNING - c:\Users\BIGSAM TECH\Desktop\ML Churn Modelling\.venv\lib\site-packages\kedro\io\core.py:545: UserWarning: Since kedro-datasets 2.0, 'Dataset' is spelled with a lowercase 's'. Got 'pandas.CSVDataSet'.
  warnings.warn(

2025-12-04 15:31:34,601 - kedro.framework.project - INFO - Using 'conf\logging.yml' as logging configuration. You can change this by setting the KEDRO_LOGGING_CONFIG environment variable accordingly.
2025-12-04 15:31:35,835 - kedro.framework.session.session - INFO - Kedro project banking-customer-churn-prediction
2025-12-04 15:31:44,382 - kedro_telemetry.plugin - INFO - Kedro is sending anonymous usage data with the sole purpose of improving the product. No personal data or IP addresses are stored on our side. To opt out, set the `KEDRO_DISABLE_TELEMETRY` or `DO_NOT_TRACK` environment variables, or create a `.telemetry` file in the current working directory with the contents `consent: false`. To hide this message, explicitly grant or deny consent. Read more at https://docs.kedro.org/en/stable/configuration/telemetry.html
2025-12-04 15:31:46,049 - py.warnings - WARNING - c:\Users\BIGSAM TECH\Desktop\ML Churn Modelling\.venv\lib\site-packages\kedro\io\core.py:545: UserWarning: Since kedro-datasets 2.0, 'Dataset' is spelled with a lowercase 's'. Got 'pandas.CSVDataSet'.
  warnings.warn(

2025-12-04 15:31:50,243 - py.warnings - WARNING - c:\Users\BIGSAM TECH\Desktop\ML Churn Modelling\.venv\lib\site-packages\google\api_core\_python_version_support.py:266: FutureWarning: You are using a Python version (3.10.11) which Google will stop supporting in new releases of google.api_core once it reaches its end of life (2026-10-04). Please upgrade to the latest Python version, or at least Python 3.11, to continue receiving updates for google.api_core past that date.
  warnings.warn(message, FutureWarning)

2025-12-04 15:33:21,044 - kedro.framework.project - INFO - Using 'conf\logging.yml' as logging configuration. You can change this by setting the KEDRO_LOGGING_CONFIG environment variable accordingly.
2025-12-04 15:33:21,968 - kedro.framework.session.session - INFO - Kedro project banking-customer-churn-prediction
2025-12-04 15:33:24,446 - kedro_telemetry.plugin - INFO - Kedro is sending anonymous usage data with the sole purpose of improving the product. No personal data or IP addresses are stored on our side. To opt out, set the `KEDRO_DISABLE_TELEMETRY` or `DO_NOT_TRACK` environment variables, or create a `.telemetry` file in the current working directory with the contents `consent: false`. To hide this message, explicitly grant or deny consent. Read more at https://docs.kedro.org/en/stable/configuration/telemetry.html
2025-12-04 15:33:25,891 - py.warnings - WARNING - c:\Users\BIGSAM TECH\Desktop\ML Churn Modelling\.venv\lib\site-packages\kedro\io\core.py:545: UserWarning: Since kedro-datasets 2.0, 'Dataset' is spelled with a lowercase 's'. Got 'pandas.CSVDataSet'.
  warnings.warn(

2025-12-04 15:33:26,110 - py.warnings - WARNING - c:\Users\BIGSAM TECH\Desktop\ML Churn Modelling\.venv\lib\site-packages\google\api_core\_python_version_support.py:266: FutureWarning: You are using a Python version (3.10.11) which Google will stop supporting in new releases of google.api_core once it reaches its end of life (2026-10-04). Please upgrade to the latest Python version, or at least Python 3.11, to continue receiving updates for google.api_core past that date.
  warnings.warn(message, FutureWarning)

2025-12-04 15:46:08,042 - kedro.framework.project - INFO - Using 'conf\logging.yml' as logging configuration. You can change this by setting the KEDRO_LOGGING_CONFIG environment variable accordingly.
2025-12-04 15:46:08,945 - kedro_telemetry.plugin - INFO - Kedro is sending anonymous usage data with the sole purpose of improving the product. No personal data or IP addresses are stored on our side. To opt out, set the `KEDRO_DISABLE_TELEMETRY` or `DO_NOT_TRACK` environment variables, or create a `.telemetry` file in the current working directory with the contents `consent: false`. To hide this message, explicitly grant or deny consent. Read more at https://docs.kedro.org/en/stable/configuration/telemetry.html
2025-12-04 15:50:42,918 - kedro.framework.project - INFO - Using 'conf\logging.yml' as logging configuration. You can change this by setting the KEDRO_LOGGING_CONFIG environment variable accordingly.
2025-12-04 15:50:43,871 - kedro.framework.session.session - INFO - Kedro project banking-customer-churn-prediction
2025-12-04 15:50:46,349 - kedro_telemetry.plugin - INFO - Kedro is sending anonymous usage data with the sole purpose of improving the product. No personal data or IP addresses are stored on our side. To opt out, set the `KEDRO_DISABLE_TELEMETRY` or `DO_NOT_TRACK` environment variables, or create a `.telemetry` file in the current working directory with the contents `consent: false`. To hide this message, explicitly grant or deny consent. Read more at https://docs.kedro.org/en/stable/configuration/telemetry.html
2025-12-04 15:50:48,208 - py.warnings - WARNING - c:\Users\BIGSAM TECH\Desktop\ML Churn Modelling\.venv\lib\site-packages\google\api_core\_python_version_support.py:266: FutureWarning: You are using a Python version (3.10.11) which Google will stop supporting in new releases of google.api_core once it reaches its end of life (2026-10-04). Please upgrade to the latest Python version, or at least Python 3.11, to continue receiving updates for google.api_core past that date.
  warnings.warn(message, FutureWarning)

2025-12-04 15:50:48,839 - kedro.runner.sequential_runner - INFO - Using synchronous mode for loading and saving data. Use the --async flag for potential performance gains. https://docs.kedro.org/en/stable/nodes_and_pipelines/run_a_pipeline.html#load-and-save-asynchronously
2025-12-04 15:50:48,839 - kedro.io.data_catalog - INFO - Loading data from [dark_orange]raw_churn[/dark_orange] (CSVDataset)...
2025-12-04 15:50:48,915 - kedro.pipeline.node - INFO - Running node: etl.extract_raw: extract_raw([raw_churn]) -> [raw_df]
2025-12-04 15:50:48,921 - kedro.io.data_catalog - INFO - Saving data to [dark_orange]raw_df[/dark_orange] (MemoryDataset)...
2025-12-04 15:50:48,928 - kedro.runner.sequential_runner - INFO - Completed node: etl.extract_raw
2025-12-04 15:50:48,933 - kedro.runner.sequential_runner - INFO - Completed 1 out of 2 tasks
2025-12-04 15:50:48,940 - kedro.io.data_catalog - INFO - Loading data from [dark_orange]raw_df[/dark_orange] (MemoryDataset)...
2025-12-04 15:50:48,946 - kedro.pipeline.node - INFO - Running node: etl.basic_merge_and_clean: basic_merge_and_clean([raw_df]) -> [cleaned_customers]
2025-12-04 15:50:48,964 - kedro.io.data_catalog - INFO - Saving data to [dark_orange]cleaned_customers[/dark_orange] (MemoryDataset)...
2025-12-04 15:50:48,970 - kedro.runner.sequential_runner - INFO - Completed node: etl.basic_merge_and_clean
2025-12-04 15:50:48,970 - kedro.runner.sequential_runner - INFO - Completed 2 out of 2 tasks
2025-12-04 15:50:48,981 - kedro.runner.sequential_runner - INFO - Pipeline execution completed successfully in 0.1 sec.
2025-12-04 15:54:31,604 - kedro.framework.project - INFO - Using 'conf\logging.yml' as logging configuration. You can change this by setting the KEDRO_LOGGING_CONFIG environment variable accordingly.
2025-12-04 15:54:32,528 - kedro.framework.session.session - INFO - Kedro project banking-customer-churn-prediction
2025-12-04 15:54:34,977 - kedro_telemetry.plugin - INFO - Kedro is sending anonymous usage data with the sole purpose of improving the product. No personal data or IP addresses are stored on our side. To opt out, set the `KEDRO_DISABLE_TELEMETRY` or `DO_NOT_TRACK` environment variables, or create a `.telemetry` file in the current working directory with the contents `consent: false`. To hide this message, explicitly grant or deny consent. Read more at https://docs.kedro.org/en/stable/configuration/telemetry.html
2025-12-04 15:54:36,957 - py.warnings - WARNING - c:\Users\BIGSAM TECH\Desktop\ML Churn Modelling\.venv\lib\site-packages\google\api_core\_python_version_support.py:266: FutureWarning: You are using a Python version (3.10.11) which Google will stop supporting in new releases of google.api_core once it reaches its end of life (2026-10-04). Please upgrade to the latest Python version, or at least Python 3.11, to continue receiving updates for google.api_core past that date.
  warnings.warn(message, FutureWarning)

2025-12-04 16:01:05,093 - kedro.framework.project - INFO - Using 'conf\logging.yml' as logging configuration. You can change this by setting the KEDRO_LOGGING_CONFIG environment variable accordingly.
2025-12-04 16:01:06,088 - kedro.framework.session.session - INFO - Kedro project banking-customer-churn-prediction
2025-12-04 16:01:08,505 - kedro_telemetry.plugin - INFO - Kedro is sending anonymous usage data with the sole purpose of improving the product. No personal data or IP addresses are stored on our side. To opt out, set the `KEDRO_DISABLE_TELEMETRY` or `DO_NOT_TRACK` environment variables, or create a `.telemetry` file in the current working directory with the contents `consent: false`. To hide this message, explicitly grant or deny consent. Read more at https://docs.kedro.org/en/stable/configuration/telemetry.html
2025-12-04 16:01:10,361 - py.warnings - WARNING - c:\Users\BIGSAM TECH\Desktop\ML Churn Modelling\.venv\lib\site-packages\google\api_core\_python_version_support.py:266: FutureWarning: You are using a Python version (3.10.11) which Google will stop supporting in new releases of google.api_core once it reaches its end of life (2026-10-04). Please upgrade to the latest Python version, or at least Python 3.11, to continue receiving updates for google.api_core past that date.
  warnings.warn(message, FutureWarning)

2025-12-04 16:03:22,301 - kedro.framework.project - INFO - Using 'conf\logging.yml' as logging configuration. You can change this by setting the KEDRO_LOGGING_CONFIG environment variable accordingly.
2025-12-04 16:03:23,272 - kedro.framework.session.session - INFO - Kedro project banking-customer-churn-prediction
2025-12-04 16:03:25,695 - kedro_telemetry.plugin - INFO - Kedro is sending anonymous usage data with the sole purpose of improving the product. No personal data or IP addresses are stored on our side. To opt out, set the `KEDRO_DISABLE_TELEMETRY` or `DO_NOT_TRACK` environment variables, or create a `.telemetry` file in the current working directory with the contents `consent: false`. To hide this message, explicitly grant or deny consent. Read more at https://docs.kedro.org/en/stable/configuration/telemetry.html
2025-12-04 16:04:56,243 - kedro.framework.project - INFO - Using 'conf\logging.yml' as logging configuration. You can change this by setting the KEDRO_LOGGING_CONFIG environment variable accordingly.
2025-12-04 16:04:57,228 - kedro.framework.session.session - INFO - Kedro project banking-customer-churn-prediction
2025-12-04 16:04:59,579 - kedro_telemetry.plugin - INFO - Kedro is sending anonymous usage data with the sole purpose of improving the product. No personal data or IP addresses are stored on our side. To opt out, set the `KEDRO_DISABLE_TELEMETRY` or `DO_NOT_TRACK` environment variables, or create a `.telemetry` file in the current working directory with the contents `consent: false`. To hide this message, explicitly grant or deny consent. Read more at https://docs.kedro.org/en/stable/configuration/telemetry.html
2025-12-04 16:11:06,079 - kedro.framework.project - INFO - Using 'conf\logging.yml' as logging configuration. You can change this by setting the KEDRO_LOGGING_CONFIG environment variable accordingly.
2025-12-04 16:11:07,047 - kedro.framework.session.session - INFO - Kedro project banking-customer-churn-prediction
2025-12-04 16:11:09,465 - kedro_telemetry.plugin - INFO - Kedro is sending anonymous usage data with the sole purpose of improving the product. No personal data or IP addresses are stored on our side. To opt out, set the `KEDRO_DISABLE_TELEMETRY` or `DO_NOT_TRACK` environment variables, or create a `.telemetry` file in the current working directory with the contents `consent: false`. To hide this message, explicitly grant or deny consent. Read more at https://docs.kedro.org/en/stable/configuration/telemetry.html
2025-12-04 16:18:34,309 - kedro.framework.project - INFO - Using 'conf\logging.yml' as logging configuration. You can change this by setting the KEDRO_LOGGING_CONFIG environment variable accordingly.
2025-12-04 16:18:35,226 - kedro.framework.session.session - INFO - Kedro project banking-customer-churn-prediction
2025-12-04 16:18:37,687 - kedro_telemetry.plugin - INFO - Kedro is sending anonymous usage data with the sole purpose of improving the product. No personal data or IP addresses are stored on our side. To opt out, set the `KEDRO_DISABLE_TELEMETRY` or `DO_NOT_TRACK` environment variables, or create a `.telemetry` file in the current working directory with the contents `consent: false`. To hide this message, explicitly grant or deny consent. Read more at https://docs.kedro.org/en/stable/configuration/telemetry.html
2025-12-04 17:19:38,635 - kedro.framework.project - INFO - Using 'conf\logging.yml' as logging configuration. You can change this by setting the KEDRO_LOGGING_CONFIG environment variable accordingly.
2025-12-04 17:19:42,207 - kedro.framework.session.session - INFO - Kedro project banking-customer-churn-prediction
2025-12-04 17:20:11,007 - kedro_telemetry.plugin - INFO - Kedro is sending anonymous usage data with the sole purpose of improving the product. No personal data or IP addresses are stored on our side. To opt out, set the `KEDRO_DISABLE_TELEMETRY` or `DO_NOT_TRACK` environment variables, or create a `.telemetry` file in the current working directory with the contents `consent: false`. To hide this message, explicitly grant or deny consent. Read more at https://docs.kedro.org/en/stable/configuration/telemetry.html
2025-12-09 12:00:49,226 - kedro.framework.project - INFO - Using 'conf\logging.yml' as logging configuration. You can change this by setting the KEDRO_LOGGING_CONFIG environment variable accordingly.
2025-12-09 12:00:52,374 - kedro.framework.session.session - INFO - Kedro project banking-customer-churn-prediction
2025-12-09 12:01:18,573 - kedro_telemetry.plugin - INFO - Kedro is sending anonymous usage data with the sole purpose of improving the product. No personal data or IP addresses are stored on our side. To opt out, set the `KEDRO_DISABLE_TELEMETRY` or `DO_NOT_TRACK` environment variables, or create a `.telemetry` file in the current working directory with the contents `consent: false`. To hide this message, explicitly grant or deny consent. Read more at https://docs.kedro.org/en/stable/configuration/telemetry.html
2025-12-09 12:16:49,572 - kedro.framework.project - INFO - Using 'conf\logging.yml' as logging configuration. You can change this by setting the KEDRO_LOGGING_CONFIG environment variable accordingly.
2025-12-09 12:16:50,596 - kedro.framework.session.session - INFO - Kedro project banking-customer-churn-prediction
2025-12-09 12:16:52,995 - kedro_telemetry.plugin - INFO - Kedro is sending anonymous usage data with the sole purpose of improving the product. No personal data or IP addresses are stored on our side. To opt out, set the `KEDRO_DISABLE_TELEMETRY` or `DO_NOT_TRACK` environment variables, or create a `.telemetry` file in the current working directory with the contents `consent: false`. To hide this message, explicitly grant or deny consent. Read more at https://docs.kedro.org/en/stable/configuration/telemetry.html
2025-12-09 12:19:22,085 - kedro.framework.project - INFO - Using 'conf\logging.yml' as logging configuration. You can change this by setting the KEDRO_LOGGING_CONFIG environment variable accordingly.
2025-12-09 12:19:23,089 - kedro.framework.session.session - INFO - Kedro project banking-customer-churn-prediction
2025-12-09 12:19:25,515 - kedro_telemetry.plugin - INFO - Kedro is sending anonymous usage data with the sole purpose of improving the product. No personal data or IP addresses are stored on our side. To opt out, set the `KEDRO_DISABLE_TELEMETRY` or `DO_NOT_TRACK` environment variables, or create a `.telemetry` file in the current working directory with the contents `consent: false`. To hide this message, explicitly grant or deny consent. Read more at https://docs.kedro.org/en/stable/configuration/telemetry.html
2025-12-09 12:19:31,126 - py.warnings - WARNING - c:\Users\BIGSAM TECH\Desktop\ML Churn Modelling\.venv\lib\site-packages\google\api_core\_python_version_support.py:266: FutureWarning: You are using a Python version (3.10.11) which Google will stop supporting in new releases of google.api_core once it reaches its end of life (2026-10-04). Please upgrade to the latest Python version, or at least Python 3.11, to continue receiving updates for google.api_core past that date.
  warnings.warn(message, FutureWarning)

2025-12-09 12:19:36,130 - kedro.runner.sequential_runner - INFO - Using synchronous mode for loading and saving data. Use the --async flag for potential performance gains. https://docs.kedro.org/en/stable/nodes_and_pipelines/run_a_pipeline.html#load-and-save-asynchronously
2025-12-09 12:19:36,144 - kedro.io.data_catalog - INFO - Loading data from [dark_orange]raw_churn[/dark_orange] (CSVDataset)...
2025-12-09 12:19:36,205 - kedro.pipeline.node - INFO - Running node: etl.extract_raw: extract_raw([raw_churn]) -> [raw_df]
2025-12-09 12:19:36,208 - kedro.io.data_catalog - INFO - Saving data to [dark_orange]raw_df[/dark_orange] (MemoryDataset)...
2025-12-09 12:19:36,210 - kedro.runner.sequential_runner - INFO - Completed node: etl.extract_raw
2025-12-09 12:19:36,215 - kedro.runner.sequential_runner - INFO - Completed 1 out of 10 tasks
2025-12-09 12:19:36,220 - kedro.io.data_catalog - INFO - Loading data from [dark_orange]params:numeric_cols[/dark_orange] (MemoryDataset)...
2025-12-09 12:19:36,225 - kedro.io.data_catalog - INFO - Loading data from [dark_orange]params:categorical_cols[/dark_orange] (MemoryDataset)...
2025-12-09 12:19:36,230 - kedro.pipeline.node - INFO - Running node: pre.build_preprocessor: build_preprocessor([params:numeric_cols;params:categorical_cols]) -> [preprocessor]
2025-12-09 12:19:36,235 - kedro.pipeline.node - ERROR - Node pre.build_preprocessor: build_preprocessor([params:numeric_cols;params:categorical_cols]) -> [preprocessor] failed with error: 
OneHotEncoder.__init__() got an unexpected keyword argument 'sparse'
2025-12-09 12:19:36,250 - kedro.runner.sequential_runner - WARNING - There are 9 nodes that have not run.
You can resume the pipeline run from the nearest nodes with persisted inputs by adding the following argument to your previous command:
  --from-nodes "etl.extract_raw,pre.build_preprocessor"
2025-12-09 12:22:26,895 - kedro.framework.project - INFO - Using 'conf\logging.yml' as logging configuration. You can change this by setting the KEDRO_LOGGING_CONFIG environment variable accordingly.
2025-12-09 12:22:27,835 - kedro.framework.session.session - INFO - Kedro project banking-customer-churn-prediction
2025-12-09 12:22:30,390 - kedro_telemetry.plugin - INFO - Kedro is sending anonymous usage data with the sole purpose of improving the product. No personal data or IP addresses are stored on our side. To opt out, set the `KEDRO_DISABLE_TELEMETRY` or `DO_NOT_TRACK` environment variables, or create a `.telemetry` file in the current working directory with the contents `consent: false`. To hide this message, explicitly grant or deny consent. Read more at https://docs.kedro.org/en/stable/configuration/telemetry.html
2025-12-09 12:22:32,239 - py.warnings - WARNING - c:\Users\BIGSAM TECH\Desktop\ML Churn Modelling\.venv\lib\site-packages\google\api_core\_python_version_support.py:266: FutureWarning: You are using a Python version (3.10.11) which Google will stop supporting in new releases of google.api_core once it reaches its end of life (2026-10-04). Please upgrade to the latest Python version, or at least Python 3.11, to continue receiving updates for google.api_core past that date.
  warnings.warn(message, FutureWarning)

2025-12-09 12:22:32,865 - kedro.runner.sequential_runner - INFO - Using synchronous mode for loading and saving data. Use the --async flag for potential performance gains. https://docs.kedro.org/en/stable/nodes_and_pipelines/run_a_pipeline.html#load-and-save-asynchronously
2025-12-09 12:22:32,875 - kedro.io.data_catalog - INFO - Loading data from [dark_orange]raw_churn[/dark_orange] (CSVDataset)...
2025-12-09 12:22:32,910 - kedro.pipeline.node - INFO - Running node: etl.extract_raw: extract_raw([raw_churn]) -> [raw_df]
2025-12-09 12:22:32,920 - kedro.io.data_catalog - INFO - Saving data to [dark_orange]raw_df[/dark_orange] (MemoryDataset)...
2025-12-09 12:22:32,925 - kedro.runner.sequential_runner - INFO - Completed node: etl.extract_raw
2025-12-09 12:22:32,925 - kedro.runner.sequential_runner - INFO - Completed 1 out of 10 tasks
2025-12-09 12:22:32,935 - kedro.io.data_catalog - INFO - Loading data from [dark_orange]params:numeric_cols[/dark_orange] (MemoryDataset)...
2025-12-09 12:22:32,940 - kedro.io.data_catalog - INFO - Loading data from [dark_orange]params:categorical_cols[/dark_orange] (MemoryDataset)...
2025-12-09 12:22:32,940 - kedro.pipeline.node - INFO - Running node: pre.build_preprocessor: build_preprocessor([params:numeric_cols;params:categorical_cols]) -> [preprocessor]
2025-12-09 12:22:32,945 - kedro.io.data_catalog - INFO - Saving data to [dark_orange]preprocessor[/dark_orange] (PickleDataset)...
2025-12-09 12:22:32,955 - kedro.runner.sequential_runner - INFO - Completed node: pre.build_preprocessor
2025-12-09 12:22:32,961 - kedro.runner.sequential_runner - INFO - Completed 2 out of 10 tasks
2025-12-09 12:22:32,965 - kedro.io.data_catalog - INFO - Loading data from [dark_orange]raw_df[/dark_orange] (MemoryDataset)...
2025-12-09 12:22:32,969 - kedro.pipeline.node - INFO - Running node: etl.basic_merge_and_clean: basic_merge_and_clean([raw_df]) -> [cleaned_customers]
2025-12-09 12:22:33,005 - kedro.io.data_catalog - INFO - Saving data to [dark_orange]cleaned_customers[/dark_orange] (MemoryDataset)...
2025-12-09 12:22:33,013 - kedro.runner.sequential_runner - INFO - Completed node: etl.basic_merge_and_clean
2025-12-09 12:22:33,015 - kedro.runner.sequential_runner - INFO - Completed 3 out of 10 tasks
2025-12-09 12:22:33,020 - kedro.io.data_catalog - INFO - Loading data from [dark_orange]cleaned_customers[/dark_orange] (MemoryDataset)...
2025-12-09 12:22:33,025 - kedro.io.data_catalog - INFO - Loading data from [dark_orange]params:target[/dark_orange] (MemoryDataset)...
2025-12-09 12:22:33,030 - kedro.pipeline.node - INFO - Running node: pre.split_features_target: split_features_target([cleaned_customers;params:target]) -> [X_raw;y_raw]
2025-12-09 12:22:33,035 - kedro.io.data_catalog - INFO - Saving data to [dark_orange]X_raw[/dark_orange] (MemoryDataset)...
2025-12-09 12:22:33,041 - kedro.io.data_catalog - INFO - Saving data to [dark_orange]y_raw[/dark_orange] (MemoryDataset)...
2025-12-09 12:22:33,043 - kedro.runner.sequential_runner - INFO - Completed node: pre.split_features_target
2025-12-09 12:22:33,046 - kedro.runner.sequential_runner - INFO - Completed 4 out of 10 tasks
2025-12-09 12:22:33,051 - kedro.io.data_catalog - INFO - Loading data from [dark_orange]X_raw[/dark_orange] (MemoryDataset)...
2025-12-09 12:22:33,056 - kedro.pipeline.node - INFO - Running node: feats.create_features: create_features([X_raw]) -> [features_df]
2025-12-09 12:22:33,066 - kedro.io.data_catalog - INFO - Saving data to [dark_orange]features_df[/dark_orange] (MemoryDataset)...
2025-12-09 12:22:33,076 - kedro.runner.sequential_runner - INFO - Completed node: feats.create_features
2025-12-09 12:22:33,081 - kedro.runner.sequential_runner - INFO - Completed 5 out of 10 tasks
2025-12-09 12:22:33,087 - kedro.io.data_catalog - INFO - Loading data from [dark_orange]preprocessor[/dark_orange] (PickleDataset)...
2025-12-09 12:22:33,113 - kedro.io.data_catalog - INFO - Loading data from [dark_orange]X_raw[/dark_orange] (MemoryDataset)...
2025-12-09 12:22:33,119 - kedro.pipeline.node - INFO - Running node: pre.fit_transform_preprocessor: fit_transform_preprocessor([preprocessor;X_raw]) -> [features_array;preprocessor_fitted]
2025-12-09 12:22:33,170 - kedro.io.data_catalog - INFO - Saving data to [dark_orange]features_array[/dark_orange] (MemoryDataset)...
2025-12-09 12:22:33,179 - kedro.io.data_catalog - INFO - Saving data to [dark_orange]preprocessor_fitted[/dark_orange] (PickleDataset)...
2025-12-09 12:22:33,184 - kedro.runner.sequential_runner - INFO - Completed node: pre.fit_transform_preprocessor
2025-12-09 12:22:33,189 - kedro.runner.sequential_runner - INFO - Completed 6 out of 10 tasks
2025-12-09 12:22:33,193 - kedro.io.data_catalog - INFO - Loading data from [dark_orange]features_df[/dark_orange] (MemoryDataset)...
2025-12-09 12:22:33,198 - kedro.pipeline.node - INFO - Running node: feats.to_catalog: <lambda>([features_df]) -> [features]
2025-12-09 12:22:33,201 - kedro.io.data_catalog - INFO - Saving data to [dark_orange]features[/dark_orange] (ParquetDataset)...
2025-12-09 12:22:33,285 - kedro.runner.sequential_runner - INFO - Completed node: feats.to_catalog
2025-12-09 12:22:33,290 - kedro.runner.sequential_runner - INFO - Completed 7 out of 10 tasks
2025-12-09 12:22:33,300 - kedro.io.data_catalog - INFO - Loading data from [dark_orange]best_model[/dark_orange] (PickleDataset)...
2025-12-09 12:22:33,310 - kedro.runner.sequential_runner - WARNING - There are 3 nodes that have not run.
You can resume the pipeline run from the nearest nodes with persisted inputs by adding the following argument to your previous command:
  --from-nodes "etl.extract_raw"
2025-12-09 12:28:07,157 - kedro.framework.project - INFO - Using 'conf\logging.yml' as logging configuration. You can change this by setting the KEDRO_LOGGING_CONFIG environment variable accordingly.
2025-12-09 12:28:08,127 - kedro.framework.session.session - INFO - Kedro project banking-customer-churn-prediction
2025-12-09 12:28:10,527 - kedro_telemetry.plugin - INFO - Kedro is sending anonymous usage data with the sole purpose of improving the product. No personal data or IP addresses are stored on our side. To opt out, set the `KEDRO_DISABLE_TELEMETRY` or `DO_NOT_TRACK` environment variables, or create a `.telemetry` file in the current working directory with the contents `consent: false`. To hide this message, explicitly grant or deny consent. Read more at https://docs.kedro.org/en/stable/configuration/telemetry.html
2025-12-09 12:32:31,114 - kedro.framework.project - INFO - Using 'conf\logging.yml' as logging configuration. You can change this by setting the KEDRO_LOGGING_CONFIG environment variable accordingly.
2025-12-09 12:32:32,316 - kedro.framework.session.session - INFO - Kedro project banking-customer-churn-prediction
2025-12-09 12:32:34,882 - kedro_telemetry.plugin - INFO - Kedro is sending anonymous usage data with the sole purpose of improving the product. No personal data or IP addresses are stored on our side. To opt out, set the `KEDRO_DISABLE_TELEMETRY` or `DO_NOT_TRACK` environment variables, or create a `.telemetry` file in the current working directory with the contents `consent: false`. To hide this message, explicitly grant or deny consent. Read more at https://docs.kedro.org/en/stable/configuration/telemetry.html
2025-12-09 12:34:06,142 - kedro.framework.project - INFO - Using 'conf\logging.yml' as logging configuration. You can change this by setting the KEDRO_LOGGING_CONFIG environment variable accordingly.
2025-12-09 12:34:07,074 - kedro.framework.session.session - INFO - Kedro project banking-customer-churn-prediction
2025-12-09 12:34:09,355 - kedro_telemetry.plugin - INFO - Kedro is sending anonymous usage data with the sole purpose of improving the product. No personal data or IP addresses are stored on our side. To opt out, set the `KEDRO_DISABLE_TELEMETRY` or `DO_NOT_TRACK` environment variables, or create a `.telemetry` file in the current working directory with the contents `consent: false`. To hide this message, explicitly grant or deny consent. Read more at https://docs.kedro.org/en/stable/configuration/telemetry.html
2025-12-09 12:35:01,167 - kedro.framework.project - INFO - Using 'conf\logging.yml' as logging configuration. You can change this by setting the KEDRO_LOGGING_CONFIG environment variable accordingly.
2025-12-09 12:35:02,109 - kedro.framework.session.session - INFO - Kedro project banking-customer-churn-prediction
2025-12-09 12:35:04,439 - kedro_telemetry.plugin - INFO - Kedro is sending anonymous usage data with the sole purpose of improving the product. No personal data or IP addresses are stored on our side. To opt out, set the `KEDRO_DISABLE_TELEMETRY` or `DO_NOT_TRACK` environment variables, or create a `.telemetry` file in the current working directory with the contents `consent: false`. To hide this message, explicitly grant or deny consent. Read more at https://docs.kedro.org/en/stable/configuration/telemetry.html
2025-12-09 12:42:40,820 - kedro.framework.project - INFO - Using 'conf\logging.yml' as logging configuration. You can change this by setting the KEDRO_LOGGING_CONFIG environment variable accordingly.
2025-12-09 12:42:42,487 - kedro.framework.session.session - INFO - Kedro project banking-customer-churn-prediction
2025-12-09 12:42:56,007 - kedro_telemetry.plugin - INFO - Kedro is sending anonymous usage data with the sole purpose of improving the product. No personal data or IP addresses are stored on our side. To opt out, set the `KEDRO_DISABLE_TELEMETRY` or `DO_NOT_TRACK` environment variables, or create a `.telemetry` file in the current working directory with the contents `consent: false`. To hide this message, explicitly grant or deny consent. Read more at https://docs.kedro.org/en/stable/configuration/telemetry.html
2025-12-09 12:47:30,011 - kedro.framework.project - INFO - Using 'conf\logging.yml' as logging configuration. You can change this by setting the KEDRO_LOGGING_CONFIG environment variable accordingly.
2025-12-09 12:47:31,062 - kedro.framework.session.session - INFO - Kedro project banking-customer-churn-prediction
2025-12-09 12:47:43,405 - kedro_telemetry.plugin - INFO - Kedro is sending anonymous usage data with the sole purpose of improving the product. No personal data or IP addresses are stored on our side. To opt out, set the `KEDRO_DISABLE_TELEMETRY` or `DO_NOT_TRACK` environment variables, or create a `.telemetry` file in the current working directory with the contents `consent: false`. To hide this message, explicitly grant or deny consent. Read more at https://docs.kedro.org/en/stable/configuration/telemetry.html
2025-12-09 12:48:51,776 - kedro.framework.project - INFO - Using 'conf\logging.yml' as logging configuration. You can change this by setting the KEDRO_LOGGING_CONFIG environment variable accordingly.
2025-12-09 12:48:52,860 - kedro.framework.session.session - INFO - Kedro project banking-customer-churn-prediction
2025-12-09 12:48:56,692 - kedro_telemetry.plugin - INFO - Kedro is sending anonymous usage data with the sole purpose of improving the product. No personal data or IP addresses are stored on our side. To opt out, set the `KEDRO_DISABLE_TELEMETRY` or `DO_NOT_TRACK` environment variables, or create a `.telemetry` file in the current working directory with the contents `consent: false`. To hide this message, explicitly grant or deny consent. Read more at https://docs.kedro.org/en/stable/configuration/telemetry.html
2025-12-09 12:48:59,141 - py.warnings - WARNING - c:\Users\BIGSAM TECH\Desktop\ML Churn Modelling\.venv\lib\site-packages\google\api_core\_python_version_support.py:266: FutureWarning: You are using a Python version (3.10.11) which Google will stop supporting in new releases of google.api_core once it reaches its end of life (2026-10-04). Please upgrade to the latest Python version, or at least Python 3.11, to continue receiving updates for google.api_core past that date.
  warnings.warn(message, FutureWarning)

2025-12-09 12:58:07,323 - kedro.framework.project - INFO - Using 'conf\logging.yml' as logging configuration. You can change this by setting the KEDRO_LOGGING_CONFIG environment variable accordingly.
2025-12-09 12:58:08,387 - kedro.framework.session.session - INFO - Kedro project banking-customer-churn-prediction
2025-12-09 12:58:12,237 - kedro_telemetry.plugin - INFO - Kedro is sending anonymous usage data with the sole purpose of improving the product. No personal data or IP addresses are stored on our side. To opt out, set the `KEDRO_DISABLE_TELEMETRY` or `DO_NOT_TRACK` environment variables, or create a `.telemetry` file in the current working directory with the contents `consent: false`. To hide this message, explicitly grant or deny consent. Read more at https://docs.kedro.org/en/stable/configuration/telemetry.html
2025-12-09 13:02:25,071 - kedro.framework.project - INFO - Using 'conf\logging.yml' as logging configuration. You can change this by setting the KEDRO_LOGGING_CONFIG environment variable accordingly.
2025-12-09 13:02:26,330 - kedro.framework.session.session - INFO - Kedro project banking-customer-churn-prediction
2025-12-09 13:02:31,716 - kedro_telemetry.plugin - INFO - Kedro is sending anonymous usage data with the sole purpose of improving the product. No personal data or IP addresses are stored on our side. To opt out, set the `KEDRO_DISABLE_TELEMETRY` or `DO_NOT_TRACK` environment variables, or create a `.telemetry` file in the current working directory with the contents `consent: false`. To hide this message, explicitly grant or deny consent. Read more at https://docs.kedro.org/en/stable/configuration/telemetry.html
2025-12-09 13:02:36,261 - py.warnings - WARNING - c:\Users\BIGSAM TECH\Desktop\ML Churn Modelling\.venv\lib\site-packages\google\api_core\_python_version_support.py:266: FutureWarning: You are using a Python version (3.10.11) which Google will stop supporting in new releases of google.api_core once it reaches its end of life (2026-10-04). Please upgrade to the latest Python version, or at least Python 3.11, to continue receiving updates for google.api_core past that date.
  warnings.warn(message, FutureWarning)

2025-12-09 13:17:13,498 - kedro.framework.project - INFO - Using 'conf\logging.yml' as logging configuration. You can change this by setting the KEDRO_LOGGING_CONFIG environment variable accordingly.
2025-12-09 13:17:14,524 - kedro.framework.session.session - INFO - Kedro project banking-customer-churn-prediction
2025-12-09 13:17:18,402 - kedro_telemetry.plugin - INFO - Kedro is sending anonymous usage data with the sole purpose of improving the product. No personal data or IP addresses are stored on our side. To opt out, set the `KEDRO_DISABLE_TELEMETRY` or `DO_NOT_TRACK` environment variables, or create a `.telemetry` file in the current working directory with the contents `consent: false`. To hide this message, explicitly grant or deny consent. Read more at https://docs.kedro.org/en/stable/configuration/telemetry.html
2025-12-09 13:17:33,103 - py.warnings - WARNING - c:\Users\BIGSAM TECH\Desktop\ML Churn Modelling\.venv\lib\site-packages\google\api_core\_python_version_support.py:266: FutureWarning: You are using a Python version (3.10.11) which Google will stop supporting in new releases of google.api_core once it reaches its end of life (2026-10-04). Please upgrade to the latest Python version, or at least Python 3.11, to continue receiving updates for google.api_core past that date.
  warnings.warn(message, FutureWarning)

2025-12-09 13:20:30,995 - kedro.framework.project - INFO - Using 'conf\logging.yml' as logging configuration. You can change this by setting the KEDRO_LOGGING_CONFIG environment variable accordingly.
2025-12-09 13:20:32,027 - kedro.framework.session.session - INFO - Kedro project banking-customer-churn-prediction
2025-12-09 13:20:36,429 - kedro_telemetry.plugin - INFO - Kedro is sending anonymous usage data with the sole purpose of improving the product. No personal data or IP addresses are stored on our side. To opt out, set the `KEDRO_DISABLE_TELEMETRY` or `DO_NOT_TRACK` environment variables, or create a `.telemetry` file in the current working directory with the contents `consent: false`. To hide this message, explicitly grant or deny consent. Read more at https://docs.kedro.org/en/stable/configuration/telemetry.html
2025-12-09 13:20:38,360 - py.warnings - WARNING - c:\Users\BIGSAM TECH\Desktop\ML Churn Modelling\.venv\lib\site-packages\google\api_core\_python_version_support.py:266: FutureWarning: You are using a Python version (3.10.11) which Google will stop supporting in new releases of google.api_core once it reaches its end of life (2026-10-04). Please upgrade to the latest Python version, or at least Python 3.11, to continue receiving updates for google.api_core past that date.
  warnings.warn(message, FutureWarning)

2025-12-09 13:25:26,780 - kedro.framework.project - INFO - Using 'conf\logging.yml' as logging configuration. You can change this by setting the KEDRO_LOGGING_CONFIG environment variable accordingly.
2025-12-09 13:25:28,019 - kedro.framework.session.session - INFO - Kedro project banking-customer-churn-prediction
2025-12-09 13:25:32,919 - kedro_telemetry.plugin - INFO - Kedro is sending anonymous usage data with the sole purpose of improving the product. No personal data or IP addresses are stored on our side. To opt out, set the `KEDRO_DISABLE_TELEMETRY` or `DO_NOT_TRACK` environment variables, or create a `.telemetry` file in the current working directory with the contents `consent: false`. To hide this message, explicitly grant or deny consent. Read more at https://docs.kedro.org/en/stable/configuration/telemetry.html
2025-12-09 13:25:35,072 - py.warnings - WARNING - c:\Users\BIGSAM TECH\Desktop\ML Churn Modelling\.venv\lib\site-packages\google\api_core\_python_version_support.py:266: FutureWarning: You are using a Python version (3.10.11) which Google will stop supporting in new releases of google.api_core once it reaches its end of life (2026-10-04). Please upgrade to the latest Python version, or at least Python 3.11, to continue receiving updates for google.api_core past that date.
  warnings.warn(message, FutureWarning)

2025-12-09 13:26:44,488 - kedro.framework.project - INFO - Using 'conf\logging.yml' as logging configuration. You can change this by setting the KEDRO_LOGGING_CONFIG environment variable accordingly.
2025-12-09 13:26:45,678 - kedro.framework.session.session - INFO - Kedro project banking-customer-churn-prediction
2025-12-09 13:26:51,159 - kedro_telemetry.plugin - INFO - Kedro is sending anonymous usage data with the sole purpose of improving the product. No personal data or IP addresses are stored on our side. To opt out, set the `KEDRO_DISABLE_TELEMETRY` or `DO_NOT_TRACK` environment variables, or create a `.telemetry` file in the current working directory with the contents `consent: false`. To hide this message, explicitly grant or deny consent. Read more at https://docs.kedro.org/en/stable/configuration/telemetry.html
2025-12-09 13:26:53,138 - py.warnings - WARNING - c:\Users\BIGSAM TECH\Desktop\ML Churn Modelling\.venv\lib\site-packages\google\api_core\_python_version_support.py:266: FutureWarning: You are using a Python version (3.10.11) which Google will stop supporting in new releases of google.api_core once it reaches its end of life (2026-10-04). Please upgrade to the latest Python version, or at least Python 3.11, to continue receiving updates for google.api_core past that date.
  warnings.warn(message, FutureWarning)

2025-12-09 13:35:30,992 - kedro.framework.project - INFO - Using 'conf\logging.yml' as logging configuration. You can change this by setting the KEDRO_LOGGING_CONFIG environment variable accordingly.
2025-12-09 13:35:31,961 - kedro.framework.session.session - INFO - Kedro project banking-customer-churn-prediction
2025-12-09 13:35:35,749 - kedro_telemetry.plugin - INFO - Kedro is sending anonymous usage data with the sole purpose of improving the product. No personal data or IP addresses are stored on our side. To opt out, set the `KEDRO_DISABLE_TELEMETRY` or `DO_NOT_TRACK` environment variables, or create a `.telemetry` file in the current working directory with the contents `consent: false`. To hide this message, explicitly grant or deny consent. Read more at https://docs.kedro.org/en/stable/configuration/telemetry.html
2025-12-09 13:35:39,063 - py.warnings - WARNING - c:\Users\BIGSAM TECH\Desktop\ML Churn Modelling\.venv\lib\site-packages\google\api_core\_python_version_support.py:266: FutureWarning: You are using a Python version (3.10.11) which Google will stop supporting in new releases of google.api_core once it reaches its end of life (2026-10-04). Please upgrade to the latest Python version, or at least Python 3.11, to continue receiving updates for google.api_core past that date.
  warnings.warn(message, FutureWarning)

2025-12-09 13:35:39,631 - kedro.runner.sequential_runner - INFO - Using synchronous mode for loading and saving data. Use the --async flag for potential performance gains. https://docs.kedro.org/en/stable/nodes_and_pipelines/run_a_pipeline.html#load-and-save-asynchronously
2025-12-09 13:35:39,636 - kedro.io.data_catalog - INFO - Loading data from [dark_orange]raw_churn[/dark_orange] (CSVDataset)...
2025-12-09 13:35:39,697 - kedro.pipeline.node - INFO - Running node: etl.extract_raw: extract_raw([raw_churn]) -> [raw_df]
2025-12-09 13:35:39,702 - kedro.io.data_catalog - INFO - Saving data to [dark_orange]raw_df[/dark_orange] (MemoryDataset)...
2025-12-09 13:35:39,708 - kedro.runner.sequential_runner - INFO - Completed node: etl.extract_raw
2025-12-09 13:35:39,711 - kedro.runner.sequential_runner - INFO - Completed 1 out of 13 tasks
2025-12-09 13:35:39,718 - kedro.io.data_catalog - INFO - Loading data from [dark_orange]params:numeric_cols[/dark_orange] (MemoryDataset)...
2025-12-09 13:35:39,722 - kedro.io.data_catalog - INFO - Loading data from [dark_orange]params:categorical_cols[/dark_orange] (MemoryDataset)...
2025-12-09 13:35:39,727 - kedro.pipeline.node - INFO - Running node: pre.build_preprocessor: build_preprocessor([params:numeric_cols;params:categorical_cols]) -> [preprocessor]
2025-12-09 13:35:39,731 - kedro.io.data_catalog - INFO - Saving data to [dark_orange]preprocessor[/dark_orange] (PickleDataset)...
2025-12-09 13:35:39,740 - kedro.runner.sequential_runner - INFO - Completed node: pre.build_preprocessor
2025-12-09 13:35:39,744 - kedro.runner.sequential_runner - INFO - Completed 2 out of 13 tasks
2025-12-09 13:35:39,748 - kedro.io.data_catalog - INFO - Loading data from [dark_orange]raw_df[/dark_orange] (MemoryDataset)...
2025-12-09 13:35:39,754 - kedro.pipeline.node - INFO - Running node: etl.basic_merge_and_clean: basic_merge_and_clean([raw_df]) -> [cleaned_customers]
2025-12-09 13:35:39,795 - kedro.io.data_catalog - INFO - Saving data to [dark_orange]cleaned_customers[/dark_orange] (MemoryDataset)...
2025-12-09 13:35:39,800 - kedro.runner.sequential_runner - INFO - Completed node: etl.basic_merge_and_clean
2025-12-09 13:35:39,804 - kedro.runner.sequential_runner - INFO - Completed 3 out of 13 tasks
2025-12-09 13:35:39,807 - kedro.io.data_catalog - INFO - Loading data from [dark_orange]cleaned_customers[/dark_orange] (MemoryDataset)...
2025-12-09 13:35:39,816 - kedro.io.data_catalog - INFO - Loading data from [dark_orange]params:target[/dark_orange] (MemoryDataset)...
2025-12-09 13:35:39,821 - kedro.pipeline.node - INFO - Running node: pre.split_features_target: split_features_target([cleaned_customers;params:target]) -> [X_raw;y_raw]
2025-12-09 13:35:39,826 - kedro.io.data_catalog - INFO - Saving data to [dark_orange]X_raw[/dark_orange] (MemoryDataset)...
2025-12-09 13:35:39,832 - kedro.io.data_catalog - INFO - Saving data to [dark_orange]y_raw[/dark_orange] (MemoryDataset)...
2025-12-09 13:35:39,838 - kedro.runner.sequential_runner - INFO - Completed node: pre.split_features_target
2025-12-09 13:35:39,840 - kedro.runner.sequential_runner - INFO - Completed 4 out of 13 tasks
2025-12-09 13:35:39,845 - kedro.io.data_catalog - INFO - Loading data from [dark_orange]X_raw[/dark_orange] (MemoryDataset)...
2025-12-09 13:35:39,853 - kedro.pipeline.node - INFO - Running node: feats.create_features: create_features([X_raw]) -> [features_df]
2025-12-09 13:35:39,863 - kedro.io.data_catalog - INFO - Saving data to [dark_orange]features_df[/dark_orange] (MemoryDataset)...
2025-12-09 13:35:39,871 - kedro.runner.sequential_runner - INFO - Completed node: feats.create_features
2025-12-09 13:35:39,873 - kedro.runner.sequential_runner - INFO - Completed 5 out of 13 tasks
2025-12-09 13:35:39,881 - kedro.io.data_catalog - INFO - Loading data from [dark_orange]preprocessor[/dark_orange] (PickleDataset)...
2025-12-09 13:35:39,901 - kedro.io.data_catalog - INFO - Loading data from [dark_orange]X_raw[/dark_orange] (MemoryDataset)...
2025-12-09 13:35:39,907 - kedro.pipeline.node - INFO - Running node: pre.fit_transform_preprocessor: fit_transform_preprocessor([preprocessor;X_raw]) -> [features_array;preprocessor_fitted]
2025-12-09 13:35:39,954 - kedro.io.data_catalog - INFO - Saving data to [dark_orange]features_array[/dark_orange] (MemoryDataset)...
2025-12-09 13:35:39,958 - kedro.io.data_catalog - INFO - Saving data to [dark_orange]preprocessor_fitted[/dark_orange] (PickleDataset)...
2025-12-09 13:35:39,963 - kedro.runner.sequential_runner - INFO - Completed node: pre.fit_transform_preprocessor
2025-12-09 13:35:39,963 - kedro.runner.sequential_runner - INFO - Completed 6 out of 13 tasks
2025-12-09 13:35:39,971 - kedro.io.data_catalog - INFO - Loading data from [dark_orange]features_df[/dark_orange] (MemoryDataset)...
2025-12-09 13:35:39,973 - kedro.pipeline.node - INFO - Running node: feats.to_catalog: <lambda>([features_df]) -> [features]
2025-12-09 13:35:39,981 - kedro.io.data_catalog - INFO - Saving data to [dark_orange]features[/dark_orange] (ParquetDataset)...
2025-12-09 13:35:40,055 - kedro.runner.sequential_runner - INFO - Completed node: feats.to_catalog
2025-12-09 13:35:40,058 - kedro.runner.sequential_runner - INFO - Completed 7 out of 13 tasks
2025-12-09 13:35:40,062 - kedro.io.data_catalog - INFO - Loading data from [dark_orange]features_array[/dark_orange] (MemoryDataset)...
2025-12-09 13:35:40,067 - kedro.io.data_catalog - INFO - Loading data from [dark_orange]y_raw[/dark_orange] (MemoryDataset)...
2025-12-09 13:35:40,072 - kedro.io.data_catalog - INFO - Loading data from [dark_orange]params:model_params[/dark_orange] (MemoryDataset)...
2025-12-09 13:35:40,077 - kedro.pipeline.node - INFO - Running node: train.train_and_compare: train_and_compare([features_array;y_raw;params:model_params]) -> [training_result]
2025-12-09 13:35:40,085 - kedro.pipeline.node - ERROR - Node train.train_and_compare: train_and_compare([features_array;y_raw;params:model_params]) -> [training_result] failed with error: 
'model_params'
2025-12-09 13:35:40,097 - kedro.runner.sequential_runner - WARNING - There are 6 nodes that have not run.
You can resume the pipeline run from the nearest nodes with persisted inputs by adding the following argument to your previous command:
  --from-nodes "etl.extract_raw"
2025-12-09 13:43:05,076 - kedro.framework.project - INFO - Using 'conf\logging.yml' as logging configuration. You can change this by setting the KEDRO_LOGGING_CONFIG environment variable accordingly.
2025-12-09 13:43:06,084 - kedro.framework.session.session - INFO - Kedro project banking-customer-churn-prediction
2025-12-09 13:43:09,834 - kedro_telemetry.plugin - INFO - Kedro is sending anonymous usage data with the sole purpose of improving the product. No personal data or IP addresses are stored on our side. To opt out, set the `KEDRO_DISABLE_TELEMETRY` or `DO_NOT_TRACK` environment variables, or create a `.telemetry` file in the current working directory with the contents `consent: false`. To hide this message, explicitly grant or deny consent. Read more at https://docs.kedro.org/en/stable/configuration/telemetry.html
2025-12-09 13:43:11,454 - py.warnings - WARNING - c:\Users\BIGSAM TECH\Desktop\ML Churn Modelling\.venv\lib\site-packages\google\api_core\_python_version_support.py:266: FutureWarning: You are using a Python version (3.10.11) which Google will stop supporting in new releases of google.api_core once it reaches its end of life (2026-10-04). Please upgrade to the latest Python version, or at least Python 3.11, to continue receiving updates for google.api_core past that date.
  warnings.warn(message, FutureWarning)

2025-12-09 13:43:12,031 - kedro.runner.sequential_runner - INFO - Using synchronous mode for loading and saving data. Use the --async flag for potential performance gains. https://docs.kedro.org/en/stable/nodes_and_pipelines/run_a_pipeline.html#load-and-save-asynchronously
2025-12-09 13:43:12,036 - kedro.io.data_catalog - INFO - Loading data from [dark_orange]raw_churn[/dark_orange] (CSVDataset)...
2025-12-09 13:43:12,084 - kedro.pipeline.node - INFO - Running node: etl.extract_raw: extract_raw([raw_churn]) -> [raw_df]
2025-12-09 13:43:12,092 - kedro.io.data_catalog - INFO - Saving data to [dark_orange]raw_df[/dark_orange] (MemoryDataset)...
2025-12-09 13:43:12,096 - kedro.runner.sequential_runner - INFO - Completed node: etl.extract_raw
2025-12-09 13:43:12,099 - kedro.runner.sequential_runner - INFO - Completed 1 out of 13 tasks
2025-12-09 13:43:12,102 - kedro.io.data_catalog - INFO - Loading data from [dark_orange]params:numeric_cols[/dark_orange] (MemoryDataset)...
2025-12-09 13:43:12,109 - kedro.io.data_catalog - INFO - Loading data from [dark_orange]params:categorical_cols[/dark_orange] (MemoryDataset)...
2025-12-09 13:43:12,113 - kedro.pipeline.node - INFO - Running node: pre.build_preprocessor: build_preprocessor([params:numeric_cols;params:categorical_cols]) -> [preprocessor]
2025-12-09 13:43:12,115 - kedro.io.data_catalog - INFO - Saving data to [dark_orange]preprocessor[/dark_orange] (PickleDataset)...
2025-12-09 13:43:12,126 - kedro.runner.sequential_runner - INFO - Completed node: pre.build_preprocessor
2025-12-09 13:43:12,131 - kedro.runner.sequential_runner - INFO - Completed 2 out of 13 tasks
2025-12-09 13:43:12,133 - kedro.io.data_catalog - INFO - Loading data from [dark_orange]raw_df[/dark_orange] (MemoryDataset)...
2025-12-09 13:43:12,140 - kedro.pipeline.node - INFO - Running node: etl.basic_merge_and_clean: basic_merge_and_clean([raw_df]) -> [cleaned_customers]
2025-12-09 13:43:12,159 - kedro.io.data_catalog - INFO - Saving data to [dark_orange]cleaned_customers[/dark_orange] (MemoryDataset)...
2025-12-09 13:43:12,167 - kedro.runner.sequential_runner - INFO - Completed node: etl.basic_merge_and_clean
2025-12-09 13:43:12,169 - kedro.runner.sequential_runner - INFO - Completed 3 out of 13 tasks
2025-12-09 13:43:12,175 - kedro.io.data_catalog - INFO - Loading data from [dark_orange]cleaned_customers[/dark_orange] (MemoryDataset)...
2025-12-09 13:43:12,181 - kedro.io.data_catalog - INFO - Loading data from [dark_orange]params:target[/dark_orange] (MemoryDataset)...
2025-12-09 13:43:12,184 - kedro.pipeline.node - INFO - Running node: pre.split_features_target: split_features_target([cleaned_customers;params:target]) -> [X_raw;y_raw]
2025-12-09 13:43:12,190 - kedro.io.data_catalog - INFO - Saving data to [dark_orange]X_raw[/dark_orange] (MemoryDataset)...
2025-12-09 13:43:12,195 - kedro.io.data_catalog - INFO - Saving data to [dark_orange]y_raw[/dark_orange] (MemoryDataset)...
2025-12-09 13:43:12,200 - kedro.runner.sequential_runner - INFO - Completed node: pre.split_features_target
2025-12-09 13:43:12,203 - kedro.runner.sequential_runner - INFO - Completed 4 out of 13 tasks
2025-12-09 13:43:12,209 - kedro.io.data_catalog - INFO - Loading data from [dark_orange]X_raw[/dark_orange] (MemoryDataset)...
2025-12-09 13:43:12,216 - kedro.pipeline.node - INFO - Running node: feats.create_features: create_features([X_raw]) -> [features_df]
2025-12-09 13:43:12,225 - kedro.io.data_catalog - INFO - Saving data to [dark_orange]features_df[/dark_orange] (MemoryDataset)...
2025-12-09 13:43:12,230 - kedro.runner.sequential_runner - INFO - Completed node: feats.create_features
2025-12-09 13:43:12,236 - kedro.runner.sequential_runner - INFO - Completed 5 out of 13 tasks
2025-12-09 13:43:12,239 - kedro.io.data_catalog - INFO - Loading data from [dark_orange]preprocessor[/dark_orange] (PickleDataset)...
2025-12-09 13:43:12,246 - kedro.io.data_catalog - INFO - Loading data from [dark_orange]X_raw[/dark_orange] (MemoryDataset)...
2025-12-09 13:43:12,250 - kedro.pipeline.node - INFO - Running node: pre.fit_transform_preprocessor: fit_transform_preprocessor([preprocessor;X_raw]) -> [features_array;preprocessor_fitted]
2025-12-09 13:43:12,302 - kedro.io.data_catalog - INFO - Saving data to [dark_orange]features_array[/dark_orange] (MemoryDataset)...
2025-12-09 13:43:12,306 - kedro.io.data_catalog - INFO - Saving data to [dark_orange]preprocessor_fitted[/dark_orange] (PickleDataset)...
2025-12-09 13:43:12,311 - kedro.runner.sequential_runner - INFO - Completed node: pre.fit_transform_preprocessor
2025-12-09 13:43:12,315 - kedro.runner.sequential_runner - INFO - Completed 6 out of 13 tasks
2025-12-09 13:43:12,319 - kedro.io.data_catalog - INFO - Loading data from [dark_orange]features_df[/dark_orange] (MemoryDataset)...
2025-12-09 13:43:12,326 - kedro.pipeline.node - INFO - Running node: feats.to_catalog: <lambda>([features_df]) -> [features]
2025-12-09 13:43:12,332 - kedro.io.data_catalog - INFO - Saving data to [dark_orange]features[/dark_orange] (ParquetDataset)...
2025-12-09 13:43:12,363 - kedro.runner.sequential_runner - INFO - Completed node: feats.to_catalog
2025-12-09 13:43:12,366 - kedro.runner.sequential_runner - INFO - Completed 7 out of 13 tasks
2025-12-09 13:43:12,368 - kedro.io.data_catalog - INFO - Loading data from [dark_orange]features_array[/dark_orange] (MemoryDataset)...
2025-12-09 13:43:12,374 - kedro.io.data_catalog - INFO - Loading data from [dark_orange]y_raw[/dark_orange] (MemoryDataset)...
2025-12-09 13:43:12,381 - kedro.io.data_catalog - INFO - Loading data from [dark_orange]params:model_params[/dark_orange] (MemoryDataset)...
2025-12-09 13:43:12,387 - kedro.pipeline.node - INFO - Running node: train.train_and_compare: train_and_compare([features_array;y_raw;params:model_params]) -> [training_result]
2025-12-09 13:43:15,134 - py.warnings - WARNING - c:\Users\BIGSAM TECH\Desktop\ML Churn Modelling\.venv\lib\site-packages\xgboost\training.py:199: UserWarning: [13:43:15] WARNING: C:\actions-runner\_work\xgboost\xgboost\src\learner.cc:790: 
Parameters: { "use_label_encoder" } are not used.

  bst.update(dtrain, iteration=i, fobj=obj)

2025-12-09 13:43:15,574 - kedro.pipeline.node - ERROR - Node train.train_and_compare: train_and_compare([features_array;y_raw;params:model_params]) -> [training_result] failed with error: 
Failed to save outputs of node train.train_and_compare: train_and_compare([features_array;y_raw;params:model_params]) -> [training_result].
The node definition contains a list of outputs ['training_result'], whereas the node function returned a 'dict'.
2025-12-09 13:43:15,591 - kedro.runner.sequential_runner - WARNING - There are 6 nodes that have not run.
You can resume the pipeline run from the nearest nodes with persisted inputs by adding the following argument to your previous command:
  --from-nodes "etl.extract_raw"
2025-12-09 13:54:30,612 - kedro.framework.project - INFO - Using 'conf\logging.yml' as logging configuration. You can change this by setting the KEDRO_LOGGING_CONFIG environment variable accordingly.
2025-12-09 13:54:31,598 - kedro.framework.session.session - INFO - Kedro project banking-customer-churn-prediction
2025-12-09 13:54:35,720 - kedro_telemetry.plugin - INFO - Kedro is sending anonymous usage data with the sole purpose of improving the product. No personal data or IP addresses are stored on our side. To opt out, set the `KEDRO_DISABLE_TELEMETRY` or `DO_NOT_TRACK` environment variables, or create a `.telemetry` file in the current working directory with the contents `consent: false`. To hide this message, explicitly grant or deny consent. Read more at https://docs.kedro.org/en/stable/configuration/telemetry.html
2025-12-09 13:54:37,445 - py.warnings - WARNING - c:\Users\BIGSAM TECH\Desktop\ML Churn Modelling\.venv\lib\site-packages\google\api_core\_python_version_support.py:266: FutureWarning: You are using a Python version (3.10.11) which Google will stop supporting in new releases of google.api_core once it reaches its end of life (2026-10-04). Please upgrade to the latest Python version, or at least Python 3.11, to continue receiving updates for google.api_core past that date.
  warnings.warn(message, FutureWarning)

2025-12-09 13:54:38,079 - kedro.runner.sequential_runner - INFO - Using synchronous mode for loading and saving data. Use the --async flag for potential performance gains. https://docs.kedro.org/en/stable/nodes_and_pipelines/run_a_pipeline.html#load-and-save-asynchronously
2025-12-09 13:54:38,094 - kedro.io.data_catalog - INFO - Loading data from [dark_orange]raw_churn[/dark_orange] (CSVDataset)...
2025-12-09 13:54:38,132 - kedro.pipeline.node - INFO - Running node: etl.extract_raw: extract_raw([raw_churn]) -> [raw_df]
2025-12-09 13:54:38,149 - kedro.io.data_catalog - INFO - Saving data to [dark_orange]raw_df[/dark_orange] (MemoryDataset)...
2025-12-09 13:54:38,155 - kedro.runner.sequential_runner - INFO - Completed node: etl.extract_raw
2025-12-09 13:54:38,159 - kedro.runner.sequential_runner - INFO - Completed 1 out of 13 tasks
2025-12-09 13:54:38,164 - kedro.io.data_catalog - INFO - Loading data from [dark_orange]params:numeric_cols[/dark_orange] (MemoryDataset)...
2025-12-09 13:54:38,170 - kedro.io.data_catalog - INFO - Loading data from [dark_orange]params:categorical_cols[/dark_orange] (MemoryDataset)...
2025-12-09 13:54:38,174 - kedro.pipeline.node - INFO - Running node: pre.build_preprocessor: build_preprocessor([params:numeric_cols;params:categorical_cols]) -> [preprocessor]
2025-12-09 13:54:38,177 - kedro.io.data_catalog - INFO - Saving data to [dark_orange]preprocessor[/dark_orange] (PickleDataset)...
2025-12-09 13:54:38,186 - kedro.runner.sequential_runner - INFO - Completed node: pre.build_preprocessor
2025-12-09 13:54:38,191 - kedro.runner.sequential_runner - INFO - Completed 2 out of 13 tasks
2025-12-09 13:54:38,195 - kedro.io.data_catalog - INFO - Loading data from [dark_orange]raw_df[/dark_orange] (MemoryDataset)...
2025-12-09 13:54:38,201 - kedro.pipeline.node - INFO - Running node: etl.basic_merge_and_clean: basic_merge_and_clean([raw_df]) -> [cleaned_customers]
2025-12-09 13:54:38,220 - kedro.io.data_catalog - INFO - Saving data to [dark_orange]cleaned_customers[/dark_orange] (ParquetDataset)...
2025-12-09 13:54:38,233 - kedro.runner.sequential_runner - INFO - Completed node: etl.basic_merge_and_clean
2025-12-09 13:54:38,254 - kedro.runner.sequential_runner - INFO - Completed 3 out of 13 tasks
2025-12-09 13:54:38,255 - kedro.io.data_catalog - INFO - Loading data from [dark_orange]cleaned_customers[/dark_orange] (ParquetDataset)...
2025-12-09 13:54:38,329 - kedro.io.data_catalog - INFO - Loading data from [dark_orange]params:target[/dark_orange] (MemoryDataset)...
2025-12-09 13:54:38,333 - kedro.pipeline.node - INFO - Running node: pre.split_features_target: split_features_target([cleaned_customers;params:target]) -> [X_raw;y_raw]
2025-12-09 13:54:38,337 - kedro.io.data_catalog - INFO - Saving data to [dark_orange]X_raw[/dark_orange] (MemoryDataset)...
2025-12-09 13:54:38,343 - kedro.io.data_catalog - INFO - Saving data to [dark_orange]y_raw[/dark_orange] (MemoryDataset)...
2025-12-09 13:54:38,350 - kedro.runner.sequential_runner - INFO - Completed node: pre.split_features_target
2025-12-09 13:54:38,353 - kedro.runner.sequential_runner - INFO - Completed 4 out of 13 tasks
2025-12-09 13:54:38,357 - kedro.io.data_catalog - INFO - Loading data from [dark_orange]X_raw[/dark_orange] (MemoryDataset)...
2025-12-09 13:54:38,363 - kedro.pipeline.node - INFO - Running node: feats.create_features: create_features([X_raw]) -> [features_df]
2025-12-09 13:54:38,373 - kedro.io.data_catalog - INFO - Saving data to [dark_orange]features_df[/dark_orange] (MemoryDataset)...
2025-12-09 13:54:38,383 - kedro.runner.sequential_runner - INFO - Completed node: feats.create_features
2025-12-09 13:54:38,386 - kedro.runner.sequential_runner - INFO - Completed 5 out of 13 tasks
2025-12-09 13:54:38,389 - kedro.io.data_catalog - INFO - Loading data from [dark_orange]preprocessor[/dark_orange] (PickleDataset)...
2025-12-09 13:54:38,395 - kedro.io.data_catalog - INFO - Loading data from [dark_orange]X_raw[/dark_orange] (MemoryDataset)...
2025-12-09 13:54:38,402 - kedro.pipeline.node - INFO - Running node: pre.fit_transform_preprocessor: fit_transform_preprocessor([preprocessor;X_raw]) -> [features_array;preprocessor_fitted]
2025-12-09 13:54:38,451 - kedro.io.data_catalog - INFO - Saving data to [dark_orange]features_array[/dark_orange] (MemoryDataset)...
2025-12-09 13:54:38,456 - kedro.io.data_catalog - INFO - Saving data to [dark_orange]preprocessor_fitted[/dark_orange] (PickleDataset)...
2025-12-09 13:54:38,464 - kedro.runner.sequential_runner - INFO - Completed node: pre.fit_transform_preprocessor
2025-12-09 13:54:38,467 - kedro.runner.sequential_runner - INFO - Completed 6 out of 13 tasks
2025-12-09 13:54:38,471 - kedro.io.data_catalog - INFO - Loading data from [dark_orange]features_df[/dark_orange] (MemoryDataset)...
2025-12-09 13:54:38,476 - kedro.pipeline.node - INFO - Running node: feats.to_catalog: <lambda>([features_df]) -> [features]
2025-12-09 13:54:38,481 - kedro.io.data_catalog - INFO - Saving data to [dark_orange]features[/dark_orange] (ParquetDataset)...
2025-12-09 13:54:38,500 - kedro.runner.sequential_runner - INFO - Completed node: feats.to_catalog
2025-12-09 13:54:38,500 - kedro.runner.sequential_runner - INFO - Completed 7 out of 13 tasks
2025-12-09 13:54:38,517 - kedro.io.data_catalog - INFO - Loading data from [dark_orange]features_array[/dark_orange] (MemoryDataset)...
2025-12-09 13:54:38,522 - kedro.io.data_catalog - INFO - Loading data from [dark_orange]y_raw[/dark_orange] (MemoryDataset)...
2025-12-09 13:54:38,526 - kedro.io.data_catalog - INFO - Loading data from [dark_orange]params:model_params[/dark_orange] (MemoryDataset)...
2025-12-09 13:54:38,533 - kedro.pipeline.node - INFO - Running node: train.train_and_compare: train_and_compare([features_array;y_raw;params:model_params]) -> [training_result]
2025-12-09 13:54:41,267 - py.warnings - WARNING - c:\Users\BIGSAM TECH\Desktop\ML Churn Modelling\.venv\lib\site-packages\xgboost\training.py:199: UserWarning: [13:54:41] WARNING: C:\actions-runner\_work\xgboost\xgboost\src\learner.cc:790: 
Parameters: { "use_label_encoder" } are not used.

  bst.update(dtrain, iteration=i, fobj=obj)

2025-12-09 13:54:41,811 - kedro.pipeline.node - ERROR - Node train.train_and_compare: train_and_compare([features_array;y_raw;params:model_params]) -> [training_result] failed with error: 
Failed to save outputs of node train.train_and_compare: train_and_compare([features_array;y_raw;params:model_params]) -> [training_result].
The node definition contains a list of outputs ['training_result'], whereas the node function returned a 'dict'.
2025-12-09 13:54:41,821 - kedro.runner.sequential_runner - WARNING - There are 6 nodes that have not run.
You can resume the pipeline run from the nearest nodes with persisted inputs by adding the following argument to your previous command:
  --from-nodes "pre.split_features_target"
2026-01-16 12:50:25,768 - kedro.framework.project - INFO - Using 'conf\logging.yml' as logging configuration. You can change this by setting the KEDRO_LOGGING_CONFIG environment variable accordingly.
2026-01-16 12:50:27,824 - kedro.framework.session.session - INFO - Kedro project banking-customer-churn-prediction
2026-01-16 12:51:13,241 - kedro_telemetry.plugin - INFO - Kedro is sending anonymous usage data with the sole purpose of improving the product. No personal data or IP addresses are stored on our side. To opt out, set the `KEDRO_DISABLE_TELEMETRY` or `DO_NOT_TRACK` environment variables, or create a `.telemetry` file in the current working directory with the contents `consent: false`. To hide this message, explicitly grant or deny consent. Read more at https://docs.kedro.org/en/stable/configuration/telemetry.html
2026-01-16 12:51:21,128 - py.warnings - WARNING - c:\Users\BIGSAM TECH\Desktop\ML Churn Modelling\.venv\lib\site-packages\google\api_core\_python_version_support.py:266: FutureWarning: You are using a Python version (3.10.11) which Google will stop supporting in new releases of google.api_core once it reaches its end of life (2026-10-04). Please upgrade to the latest Python version, or at least Python 3.11, to continue receiving updates for google.api_core past that date.
  warnings.warn(message, FutureWarning)

2026-01-16 12:51:26,874 - kedro.runner.sequential_runner - INFO - Using synchronous mode for loading and saving data. Use the --async flag for potential performance gains. https://docs.kedro.org/en/stable/nodes_and_pipelines/run_a_pipeline.html#load-and-save-asynchronously
2026-01-16 12:51:26,891 - kedro.io.data_catalog - INFO - Loading data from [dark_orange]raw_churn[/dark_orange] (CSVDataset)...
2026-01-16 12:51:26,980 - kedro.pipeline.node - INFO - Running node: etl.extract_raw: extract_raw([raw_churn]) -> [raw_df]
2026-01-16 12:51:26,985 - kedro.io.data_catalog - INFO - Saving data to [dark_orange]raw_df[/dark_orange] (MemoryDataset)...
2026-01-16 12:51:26,991 - kedro.runner.sequential_runner - INFO - Completed node: etl.extract_raw
2026-01-16 12:51:26,995 - kedro.runner.sequential_runner - INFO - Completed 1 out of 13 tasks
2026-01-16 12:51:27,001 - kedro.io.data_catalog - INFO - Loading data from [dark_orange]params:numeric_cols[/dark_orange] (MemoryDataset)...
2026-01-16 12:51:27,007 - kedro.io.data_catalog - INFO - Loading data from [dark_orange]params:categorical_cols[/dark_orange] (MemoryDataset)...
2026-01-16 12:51:27,015 - kedro.pipeline.node - INFO - Running node: pre.build_preprocessor: build_preprocessor([params:numeric_cols;params:categorical_cols]) -> [preprocessor]
2026-01-16 12:51:27,015 - kedro.io.data_catalog - INFO - Saving data to [dark_orange]preprocessor[/dark_orange] (PickleDataset)...
2026-01-16 12:51:27,025 - kedro.runner.sequential_runner - INFO - Completed node: pre.build_preprocessor
2026-01-16 12:51:27,030 - kedro.runner.sequential_runner - INFO - Completed 2 out of 13 tasks
2026-01-16 12:51:27,034 - kedro.io.data_catalog - INFO - Loading data from [dark_orange]raw_df[/dark_orange] (MemoryDataset)...
2026-01-16 12:51:27,040 - kedro.pipeline.node - INFO - Running node: etl.basic_merge_and_clean: basic_merge_and_clean([raw_df]) -> [cleaned_customers]
2026-01-16 12:51:27,107 - kedro.io.data_catalog - INFO - Saving data to [dark_orange]cleaned_customers[/dark_orange] (ParquetDataset)...
2026-01-16 12:51:27,266 - kedro.runner.sequential_runner - INFO - Completed node: etl.basic_merge_and_clean
2026-01-16 12:51:27,269 - kedro.runner.sequential_runner - INFO - Completed 3 out of 13 tasks
2026-01-16 12:51:27,272 - kedro.io.data_catalog - INFO - Loading data from [dark_orange]cleaned_customers[/dark_orange] (ParquetDataset)...
2026-01-16 12:51:27,405 - kedro.io.data_catalog - INFO - Loading data from [dark_orange]params:target[/dark_orange] (MemoryDataset)...
2026-01-16 12:51:27,409 - kedro.pipeline.node - INFO - Running node: pre.split_features_target: split_features_target([cleaned_customers;params:target]) -> [X_raw;y_raw]
2026-01-16 12:51:27,415 - kedro.io.data_catalog - INFO - Saving data to [dark_orange]X_raw[/dark_orange] (MemoryDataset)...
2026-01-16 12:51:27,420 - kedro.io.data_catalog - INFO - Saving data to [dark_orange]y_raw[/dark_orange] (MemoryDataset)...
2026-01-16 12:51:27,426 - kedro.runner.sequential_runner - INFO - Completed node: pre.split_features_target
2026-01-16 12:51:27,430 - kedro.runner.sequential_runner - INFO - Completed 4 out of 13 tasks
2026-01-16 12:51:27,435 - kedro.io.data_catalog - INFO - Loading data from [dark_orange]X_raw[/dark_orange] (MemoryDataset)...
2026-01-16 12:51:27,439 - kedro.pipeline.node - INFO - Running node: feats.create_features: create_features([X_raw]) -> [features_df]
2026-01-16 12:51:27,451 - kedro.io.data_catalog - INFO - Saving data to [dark_orange]features_df[/dark_orange] (MemoryDataset)...
2026-01-16 12:51:27,459 - kedro.runner.sequential_runner - INFO - Completed node: feats.create_features
2026-01-16 12:51:27,463 - kedro.runner.sequential_runner - INFO - Completed 5 out of 13 tasks
2026-01-16 12:51:27,466 - kedro.io.data_catalog - INFO - Loading data from [dark_orange]preprocessor[/dark_orange] (PickleDataset)...
2026-01-16 12:51:27,489 - kedro.io.data_catalog - INFO - Loading data from [dark_orange]X_raw[/dark_orange] (MemoryDataset)...
2026-01-16 12:51:27,490 - kedro.pipeline.node - INFO - Running node: pre.fit_transform_preprocessor: fit_transform_preprocessor([preprocessor;X_raw]) -> [features_array;preprocessor_fitted]
2026-01-16 12:51:27,552 - kedro.io.data_catalog - INFO - Saving data to [dark_orange]features_array[/dark_orange] (MemoryDataset)...
2026-01-16 12:51:27,558 - kedro.io.data_catalog - INFO - Saving data to [dark_orange]preprocessor_fitted[/dark_orange] (PickleDataset)...
2026-01-16 12:51:27,560 - kedro.runner.sequential_runner - INFO - Completed node: pre.fit_transform_preprocessor
2026-01-16 12:51:27,631 - kedro.runner.sequential_runner - INFO - Completed 6 out of 13 tasks
2026-01-16 12:51:27,639 - kedro.io.data_catalog - INFO - Loading data from [dark_orange]features_df[/dark_orange] (MemoryDataset)...
2026-01-16 12:51:27,658 - kedro.pipeline.node - INFO - Running node: feats.to_catalog: <lambda>([features_df]) -> [features]
2026-01-16 12:51:27,665 - kedro.io.data_catalog - INFO - Saving data to [dark_orange]features[/dark_orange] (ParquetDataset)...
2026-01-16 12:51:27,693 - kedro.runner.sequential_runner - INFO - Completed node: feats.to_catalog
2026-01-16 12:51:27,695 - kedro.runner.sequential_runner - INFO - Completed 7 out of 13 tasks
2026-01-16 12:51:27,701 - kedro.io.data_catalog - INFO - Loading data from [dark_orange]features_array[/dark_orange] (MemoryDataset)...
2026-01-16 12:51:27,705 - kedro.io.data_catalog - INFO - Loading data from [dark_orange]y_raw[/dark_orange] (MemoryDataset)...
2026-01-16 12:51:27,711 - kedro.io.data_catalog - INFO - Loading data from [dark_orange]params:model_params[/dark_orange] (MemoryDataset)...
2026-01-16 12:51:27,717 - kedro.pipeline.node - INFO - Running node: train.train_and_compare: train_and_compare([features_array;y_raw;params:model_params]) -> [training_result]
2026-01-16 12:51:30,015 - py.warnings - WARNING - c:\Users\BIGSAM TECH\Desktop\ML Churn Modelling\.venv\lib\site-packages\xgboost\training.py:199: UserWarning: [12:51:29] WARNING: C:\actions-runner\_work\xgboost\xgboost\src\learner.cc:790: 
Parameters: { "use_label_encoder" } are not used.

  bst.update(dtrain, iteration=i, fobj=obj)

2026-01-16 12:51:30,397 - kedro.pipeline.node - ERROR - Node train.train_and_compare: train_and_compare([features_array;y_raw;params:model_params]) -> [training_result] failed with error: 
Failed to save outputs of node train.train_and_compare: train_and_compare([features_array;y_raw;params:model_params]) -> [training_result].
The node definition contains a list of outputs ['training_result'], whereas the node function returned a 'dict'.
2026-01-16 12:51:30,407 - kedro.runner.sequential_runner - WARNING - There are 6 nodes that have not run.
You can resume the pipeline run from the nearest nodes with persisted inputs by adding the following argument to your previous command:
  --from-nodes "pre.split_features_target"
2026-01-16 13:00:50,067 - kedro.framework.project - INFO - Using 'conf\logging.yml' as logging configuration. You can change this by setting the KEDRO_LOGGING_CONFIG environment variable accordingly.
2026-01-16 13:00:51,045 - kedro.framework.session.session - INFO - Kedro project banking-customer-churn-prediction
2026-01-16 13:00:54,424 - kedro_telemetry.plugin - INFO - Kedro is sending anonymous usage data with the sole purpose of improving the product. No personal data or IP addresses are stored on our side. To opt out, set the `KEDRO_DISABLE_TELEMETRY` or `DO_NOT_TRACK` environment variables, or create a `.telemetry` file in the current working directory with the contents `consent: false`. To hide this message, explicitly grant or deny consent. Read more at https://docs.kedro.org/en/stable/configuration/telemetry.html
2026-01-16 13:03:24,167 - kedro.framework.project - INFO - Using 'conf\logging.yml' as logging configuration. You can change this by setting the KEDRO_LOGGING_CONFIG environment variable accordingly.
2026-01-16 13:03:25,052 - kedro.framework.session.session - INFO - Kedro project banking-customer-churn-prediction
2026-01-16 13:03:28,521 - kedro_telemetry.plugin - INFO - Kedro is sending anonymous usage data with the sole purpose of improving the product. No personal data or IP addresses are stored on our side. To opt out, set the `KEDRO_DISABLE_TELEMETRY` or `DO_NOT_TRACK` environment variables, or create a `.telemetry` file in the current working directory with the contents `consent: false`. To hide this message, explicitly grant or deny consent. Read more at https://docs.kedro.org/en/stable/configuration/telemetry.html
2026-01-16 13:14:29,347 - kedro.framework.project - INFO - Using 'conf\logging.yml' as logging configuration. You can change this by setting the KEDRO_LOGGING_CONFIG environment variable accordingly.
2026-01-16 13:14:30,276 - kedro.framework.session.session - INFO - Kedro project banking-customer-churn-prediction
2026-01-16 13:14:33,475 - kedro_telemetry.plugin - INFO - Kedro is sending anonymous usage data with the sole purpose of improving the product. No personal data or IP addresses are stored on our side. To opt out, set the `KEDRO_DISABLE_TELEMETRY` or `DO_NOT_TRACK` environment variables, or create a `.telemetry` file in the current working directory with the contents `consent: false`. To hide this message, explicitly grant or deny consent. Read more at https://docs.kedro.org/en/stable/configuration/telemetry.html
2026-01-16 13:23:06,203 - kedro.framework.project - INFO - Using 'conf\logging.yml' as logging configuration. You can change this by setting the KEDRO_LOGGING_CONFIG environment variable accordingly.
2026-01-16 13:23:07,067 - kedro.framework.session.session - INFO - Kedro project banking-customer-churn-prediction
2026-01-16 13:23:10,242 - kedro_telemetry.plugin - INFO - Kedro is sending anonymous usage data with the sole purpose of improving the product. No personal data or IP addresses are stored on our side. To opt out, set the `KEDRO_DISABLE_TELEMETRY` or `DO_NOT_TRACK` environment variables, or create a `.telemetry` file in the current working directory with the contents `consent: false`. To hide this message, explicitly grant or deny consent. Read more at https://docs.kedro.org/en/stable/configuration/telemetry.html
2026-01-16 13:23:13,011 - py.warnings - WARNING - c:\Users\BIGSAM TECH\Desktop\ML Churn Modelling\.venv\lib\site-packages\google\api_core\_python_version_support.py:266: FutureWarning: You are using a Python version (3.10.11) which Google will stop supporting in new releases of google.api_core once it reaches its end of life (2026-10-04). Please upgrade to the latest Python version, or at least Python 3.11, to continue receiving updates for google.api_core past that date.
  warnings.warn(message, FutureWarning)

2026-01-16 13:45:59,942 - kedro.framework.project - INFO - Using 'conf\logging.yml' as logging configuration. You can change this by setting the KEDRO_LOGGING_CONFIG environment variable accordingly.
2026-01-16 13:46:00,844 - kedro.framework.session.session - INFO - Kedro project banking-customer-churn-prediction
2026-01-16 13:46:04,382 - kedro_telemetry.plugin - INFO - Kedro is sending anonymous usage data with the sole purpose of improving the product. No personal data or IP addresses are stored on our side. To opt out, set the `KEDRO_DISABLE_TELEMETRY` or `DO_NOT_TRACK` environment variables, or create a `.telemetry` file in the current working directory with the contents `consent: false`. To hide this message, explicitly grant or deny consent. Read more at https://docs.kedro.org/en/stable/configuration/telemetry.html
2026-01-16 13:46:06,232 - py.warnings - WARNING - c:\Users\BIGSAM TECH\Desktop\ML Churn Modelling\.venv\lib\site-packages\google\api_core\_python_version_support.py:266: FutureWarning: You are using a Python version (3.10.11) which Google will stop supporting in new releases of google.api_core once it reaches its end of life (2026-10-04). Please upgrade to the latest Python version, or at least Python 3.11, to continue receiving updates for google.api_core past that date.
  warnings.warn(message, FutureWarning)

2026-01-16 13:46:06,749 - kedro.runner.sequential_runner - INFO - Using synchronous mode for loading and saving data. Use the --async flag for potential performance gains. https://docs.kedro.org/en/stable/nodes_and_pipelines/run_a_pipeline.html#load-and-save-asynchronously
2026-01-16 13:46:06,759 - kedro.io.data_catalog - INFO - Loading data from [dark_orange]raw_churn[/dark_orange] (CSVDataset)...
2026-01-16 13:46:06,797 - kedro.pipeline.node - INFO - Running node: etl.extract_raw: extract_raw([raw_churn]) -> [raw_df]
2026-01-16 13:46:06,803 - kedro.io.data_catalog - INFO - Saving data to [dark_orange]raw_df[/dark_orange] (MemoryDataset)...
2026-01-16 13:46:06,807 - kedro.runner.sequential_runner - INFO - Completed node: etl.extract_raw
2026-01-16 13:46:06,813 - kedro.runner.sequential_runner - INFO - Completed 1 out of 12 tasks
2026-01-16 13:46:06,816 - kedro.io.data_catalog - INFO - Loading data from [dark_orange]params:numeric_cols[/dark_orange] (MemoryDataset)...
2026-01-16 13:46:06,822 - kedro.io.data_catalog - INFO - Loading data from [dark_orange]params:categorical_cols[/dark_orange] (MemoryDataset)...
2026-01-16 13:46:06,826 - kedro.pipeline.node - INFO - Running node: pre.build_preprocessor: build_preprocessor([params:numeric_cols;params:categorical_cols]) -> [preprocessor]
2026-01-16 13:46:06,833 - kedro.io.data_catalog - INFO - Saving data to [dark_orange]preprocessor[/dark_orange] (PickleDataset)...
2026-01-16 13:46:06,839 - kedro.runner.sequential_runner - INFO - Completed node: pre.build_preprocessor
2026-01-16 13:46:06,845 - kedro.runner.sequential_runner - INFO - Completed 2 out of 12 tasks
2026-01-16 13:46:06,850 - kedro.io.data_catalog - INFO - Loading data from [dark_orange]raw_df[/dark_orange] (MemoryDataset)...
2026-01-16 13:46:06,855 - kedro.pipeline.node - INFO - Running node: etl.basic_merge_and_clean: basic_merge_and_clean([raw_df]) -> [cleaned_customers]
2026-01-16 13:46:06,872 - kedro.io.data_catalog - INFO - Saving data to [dark_orange]cleaned_customers[/dark_orange] (ParquetDataset)...
2026-01-16 13:46:06,904 - kedro.runner.sequential_runner - INFO - Completed node: etl.basic_merge_and_clean
2026-01-16 13:46:06,906 - kedro.runner.sequential_runner - INFO - Completed 3 out of 12 tasks
2026-01-16 13:46:06,907 - kedro.io.data_catalog - INFO - Loading data from [dark_orange]cleaned_customers[/dark_orange] (ParquetDataset)...
2026-01-16 13:46:06,951 - kedro.pipeline.node - INFO - Running node: feats.create_features: create_features([cleaned_customers]) -> [features_df]
2026-01-16 13:46:06,958 - kedro.io.data_catalog - INFO - Saving data to [dark_orange]features_df[/dark_orange] (MemoryDataset)...
2026-01-16 13:46:06,965 - kedro.runner.sequential_runner - INFO - Completed node: feats.create_features
2026-01-16 13:46:06,971 - kedro.runner.sequential_runner - INFO - Completed 4 out of 12 tasks
2026-01-16 13:46:06,974 - kedro.io.data_catalog - INFO - Loading data from [dark_orange]cleaned_customers[/dark_orange] (ParquetDataset)...
2026-01-16 13:46:06,986 - kedro.io.data_catalog - INFO - Loading data from [dark_orange]params:target[/dark_orange] (MemoryDataset)...
2026-01-16 13:46:06,990 - kedro.pipeline.node - INFO - Running node: pre.split_features_target: split_features_target([cleaned_customers;params:target]) -> [X_raw;y_raw]
2026-01-16 13:46:06,997 - kedro.io.data_catalog - INFO - Saving data to [dark_orange]X_raw[/dark_orange] (MemoryDataset)...
2026-01-16 13:46:07,002 - kedro.io.data_catalog - INFO - Saving data to [dark_orange]y_raw[/dark_orange] (MemoryDataset)...
2026-01-16 13:46:07,007 - kedro.runner.sequential_runner - INFO - Completed node: pre.split_features_target
2026-01-16 13:46:07,010 - kedro.runner.sequential_runner - INFO - Completed 5 out of 12 tasks
2026-01-16 13:46:07,014 - kedro.io.data_catalog - INFO - Loading data from [dark_orange]features_df[/dark_orange] (MemoryDataset)...
2026-01-16 13:46:07,020 - kedro.pipeline.node - INFO - Running node: feats.to_catalog: <lambda>([features_df]) -> [features]
2026-01-16 13:46:07,025 - kedro.io.data_catalog - INFO - Saving data to [dark_orange]features[/dark_orange] (ParquetDataset)...
2026-01-16 13:46:07,052 - kedro.runner.sequential_runner - INFO - Completed node: feats.to_catalog
2026-01-16 13:46:07,056 - kedro.runner.sequential_runner - INFO - Completed 6 out of 12 tasks
2026-01-16 13:46:07,059 - kedro.io.data_catalog - INFO - Loading data from [dark_orange]preprocessor[/dark_orange] (PickleDataset)...
2026-01-16 13:46:07,066 - kedro.io.data_catalog - INFO - Loading data from [dark_orange]X_raw[/dark_orange] (MemoryDataset)...
2026-01-16 13:46:07,072 - kedro.pipeline.node - INFO - Running node: pre.fit_transform_preprocessor: fit_transform_preprocessor([preprocessor;X_raw]) -> [features_array;preprocessor_fitted]
2026-01-16 13:46:07,105 - kedro.io.data_catalog - INFO - Saving data to [dark_orange]features_array[/dark_orange] (MemoryDataset)...
2026-01-16 13:46:07,113 - kedro.io.data_catalog - INFO - Saving data to [dark_orange]preprocessor_fitted[/dark_orange] (PickleDataset)...
2026-01-16 13:46:07,118 - kedro.runner.sequential_runner - INFO - Completed node: pre.fit_transform_preprocessor
2026-01-16 13:46:07,122 - kedro.runner.sequential_runner - INFO - Completed 7 out of 12 tasks
2026-01-16 13:46:07,122 - kedro.io.data_catalog - INFO - Loading data from [dark_orange]features_array[/dark_orange] (MemoryDataset)...
2026-01-16 13:46:07,132 - kedro.io.data_catalog - INFO - Loading data from [dark_orange]y_raw[/dark_orange] (MemoryDataset)...
2026-01-16 13:46:07,138 - kedro.io.data_catalog - INFO - Loading data from [dark_orange]params:model_params[/dark_orange] (MemoryDataset)...
2026-01-16 13:46:07,142 - kedro.pipeline.node - INFO - Running node: train.train_and_compare: train_and_compare([features_array;y_raw;params:model_params]) -> [training_results;best_model_key;best_model;best_auc]
2026-01-16 13:46:07,180 - kedro.pipeline.node - ERROR - Node train.train_and_compare: train_and_compare([features_array;y_raw;params:model_params]) -> [training_results;best_model_key;best_model;best_auc] failed with error: 
sklearn.ensemble._forest.RandomForestClassifier() got multiple values for keyword argument 'random_state'
2026-01-16 13:46:07,187 - kedro.runner.sequential_runner - WARNING - There are 5 nodes that have not run.
You can resume the pipeline run from the nearest nodes with persisted inputs by adding the following argument to your previous command:
  --from-nodes "pre.split_features_target"
2026-01-16 14:45:07,869 - kedro.framework.project - INFO - Using 'conf\logging.yml' as logging configuration. You can change this by setting the KEDRO_LOGGING_CONFIG environment variable accordingly.
2026-01-16 14:45:09,156 - kedro.framework.session.session - INFO - Kedro project banking-customer-churn-prediction
2026-01-16 14:45:17,438 - kedro_telemetry.plugin - INFO - Kedro is sending anonymous usage data with the sole purpose of improving the product. No personal data or IP addresses are stored on our side. To opt out, set the `KEDRO_DISABLE_TELEMETRY` or `DO_NOT_TRACK` environment variables, or create a `.telemetry` file in the current working directory with the contents `consent: false`. To hide this message, explicitly grant or deny consent. Read more at https://docs.kedro.org/en/stable/configuration/telemetry.html
2026-01-16 14:45:20,143 - py.warnings - WARNING - c:\Users\BIGSAM TECH\Desktop\ML Churn Modelling\.venv\lib\site-packages\google\api_core\_python_version_support.py:266: FutureWarning: You are using a Python version (3.10.11) which Google will stop supporting in new releases of google.api_core once it reaches its end of life (2026-10-04). Please upgrade to the latest Python version, or at least Python 3.11, to continue receiving updates for google.api_core past that date.
  warnings.warn(message, FutureWarning)

2026-01-16 14:45:21,309 - kedro.runner.sequential_runner - INFO - Using synchronous mode for loading and saving data. Use the --async flag for potential performance gains. https://docs.kedro.org/en/stable/nodes_and_pipelines/run_a_pipeline.html#load-and-save-asynchronously
2026-01-16 14:45:21,320 - kedro.io.data_catalog - INFO - Loading data from [dark_orange]raw_churn[/dark_orange] (CSVDataset)...
2026-01-16 14:45:21,379 - kedro.pipeline.node - INFO - Running node: etl.extract_raw: extract_raw([raw_churn]) -> [raw_df]
2026-01-16 14:45:21,384 - kedro.io.data_catalog - INFO - Saving data to [dark_orange]raw_df[/dark_orange] (MemoryDataset)...
2026-01-16 14:45:21,387 - kedro.runner.sequential_runner - INFO - Completed node: etl.extract_raw
2026-01-16 14:45:21,393 - kedro.runner.sequential_runner - INFO - Completed 1 out of 12 tasks
2026-01-16 14:45:21,396 - kedro.io.data_catalog - INFO - Loading data from [dark_orange]params:numeric_cols[/dark_orange] (MemoryDataset)...
2026-01-16 14:45:21,402 - kedro.io.data_catalog - INFO - Loading data from [dark_orange]params:categorical_cols[/dark_orange] (MemoryDataset)...
2026-01-16 14:45:21,404 - kedro.pipeline.node - INFO - Running node: pre.build_preprocessor: build_preprocessor([params:numeric_cols;params:categorical_cols]) -> [preprocessor]
2026-01-16 14:45:21,411 - kedro.io.data_catalog - INFO - Saving data to [dark_orange]preprocessor[/dark_orange] (PickleDataset)...
2026-01-16 14:45:21,416 - kedro.runner.sequential_runner - INFO - Completed node: pre.build_preprocessor
2026-01-16 14:45:21,422 - kedro.runner.sequential_runner - INFO - Completed 2 out of 12 tasks
2026-01-16 14:45:21,426 - kedro.io.data_catalog - INFO - Loading data from [dark_orange]raw_df[/dark_orange] (MemoryDataset)...
2026-01-16 14:45:21,433 - kedro.pipeline.node - INFO - Running node: etl.basic_merge_and_clean: basic_merge_and_clean([raw_df]) -> [cleaned_customers]
2026-01-16 14:45:21,485 - kedro.io.data_catalog - INFO - Saving data to [dark_orange]cleaned_customers[/dark_orange] (ParquetDataset)...
2026-01-16 14:45:21,580 - kedro.runner.sequential_runner - INFO - Completed node: etl.basic_merge_and_clean
2026-01-16 14:45:21,588 - kedro.runner.sequential_runner - INFO - Completed 3 out of 12 tasks
2026-01-16 14:45:21,588 - kedro.io.data_catalog - INFO - Loading data from [dark_orange]cleaned_customers[/dark_orange] (ParquetDataset)...
2026-01-16 14:45:21,694 - kedro.pipeline.node - INFO - Running node: feats.create_features: create_features([cleaned_customers]) -> [features_df]
2026-01-16 14:45:21,702 - kedro.io.data_catalog - INFO - Saving data to [dark_orange]features_df[/dark_orange] (MemoryDataset)...
2026-01-16 14:45:21,708 - kedro.runner.sequential_runner - INFO - Completed node: feats.create_features
2026-01-16 14:45:21,708 - kedro.runner.sequential_runner - INFO - Completed 4 out of 12 tasks
2026-01-16 14:45:21,717 - kedro.io.data_catalog - INFO - Loading data from [dark_orange]cleaned_customers[/dark_orange] (ParquetDataset)...
2026-01-16 14:45:21,727 - kedro.io.data_catalog - INFO - Loading data from [dark_orange]params:target[/dark_orange] (MemoryDataset)...
2026-01-16 14:45:21,732 - kedro.pipeline.node - INFO - Running node: pre.split_features_target: split_features_target([cleaned_customers;params:target]) -> [X_raw;y_raw]
2026-01-16 14:45:21,738 - kedro.io.data_catalog - INFO - Saving data to [dark_orange]X_raw[/dark_orange] (MemoryDataset)...
2026-01-16 14:45:21,745 - kedro.io.data_catalog - INFO - Saving data to [dark_orange]y_raw[/dark_orange] (MemoryDataset)...
2026-01-16 14:45:21,750 - kedro.runner.sequential_runner - INFO - Completed node: pre.split_features_target
2026-01-16 14:45:21,751 - kedro.runner.sequential_runner - INFO - Completed 5 out of 12 tasks
2026-01-16 14:45:21,756 - kedro.io.data_catalog - INFO - Loading data from [dark_orange]features_df[/dark_orange] (MemoryDataset)...
2026-01-16 14:45:21,764 - kedro.pipeline.node - INFO - Running node: feats.to_catalog: <lambda>([features_df]) -> [features]
2026-01-16 14:45:21,767 - kedro.io.data_catalog - INFO - Saving data to [dark_orange]features[/dark_orange] (ParquetDataset)...
2026-01-16 14:45:21,797 - kedro.runner.sequential_runner - INFO - Completed node: feats.to_catalog
2026-01-16 14:45:21,799 - kedro.runner.sequential_runner - INFO - Completed 6 out of 12 tasks
2026-01-16 14:45:21,802 - kedro.io.data_catalog - INFO - Loading data from [dark_orange]preprocessor[/dark_orange] (PickleDataset)...
2026-01-16 14:45:21,808 - kedro.io.data_catalog - INFO - Loading data from [dark_orange]X_raw[/dark_orange] (MemoryDataset)...
2026-01-16 14:45:21,814 - kedro.pipeline.node - INFO - Running node: pre.fit_transform_preprocessor: fit_transform_preprocessor([preprocessor;X_raw]) -> [features_array;preprocessor_fitted]
2026-01-16 14:45:21,859 - kedro.io.data_catalog - INFO - Saving data to [dark_orange]features_array[/dark_orange] (MemoryDataset)...
2026-01-16 14:45:21,859 - kedro.io.data_catalog - INFO - Saving data to [dark_orange]preprocessor_fitted[/dark_orange] (PickleDataset)...
2026-01-16 14:45:21,859 - kedro.runner.sequential_runner - INFO - Completed node: pre.fit_transform_preprocessor
2026-01-16 14:45:21,875 - kedro.runner.sequential_runner - INFO - Completed 7 out of 12 tasks
2026-01-16 14:45:21,881 - kedro.io.data_catalog - INFO - Loading data from [dark_orange]features_array[/dark_orange] (MemoryDataset)...
2026-01-16 14:45:21,885 - kedro.io.data_catalog - INFO - Loading data from [dark_orange]y_raw[/dark_orange] (MemoryDataset)...
2026-01-16 14:45:21,890 - kedro.io.data_catalog - INFO - Loading data from [dark_orange]params:model_params[/dark_orange] (MemoryDataset)...
2026-01-16 14:45:21,896 - kedro.pipeline.node - INFO - Running node: train.train_and_compare: train_and_compare([features_array;y_raw;params:model_params]) -> [training_results;best_model_key;best_model;best_auc]
2026-01-16 14:45:24,452 - kedro.io.data_catalog - INFO - Saving data to [dark_orange]training_results[/dark_orange] (MemoryDataset)...
2026-01-16 14:45:24,452 - kedro.io.data_catalog - INFO - Saving data to [dark_orange]best_model_key[/dark_orange] (MemoryDataset)...
2026-01-16 14:45:24,464 - kedro.io.data_catalog - INFO - Saving data to [dark_orange]best_model[/dark_orange] (PickleDataset)...
2026-01-16 14:45:24,510 - kedro.io.data_catalog - INFO - Saving data to [dark_orange]best_auc[/dark_orange] (MemoryDataset)...
2026-01-16 14:45:24,520 - kedro.runner.sequential_runner - INFO - Completed node: train.train_and_compare
2026-01-16 14:45:24,525 - kedro.runner.sequential_runner - INFO - Completed 8 out of 12 tasks
2026-01-16 14:45:24,534 - kedro.io.data_catalog - INFO - Loading data from [dark_orange]best_model[/dark_orange] (PickleDataset)...
2026-01-16 14:45:24,577 - kedro.io.data_catalog - INFO - Loading data from [dark_orange]features_array[/dark_orange] (MemoryDataset)...
2026-01-16 14:45:24,596 - kedro.pipeline.node - INFO - Running node: infer.batch_inference: batch_inference([best_model;features_array]) -> [predictions_df]
2026-01-16 14:45:24,819 - kedro.io.data_catalog - INFO - Saving data to [dark_orange]predictions_df[/dark_orange] (MemoryDataset)...
2026-01-16 14:45:24,829 - kedro.runner.sequential_runner - INFO - Completed node: infer.batch_inference
2026-01-16 14:45:24,835 - kedro.runner.sequential_runner - INFO - Completed 9 out of 12 tasks
2026-01-16 14:45:24,840 - kedro.io.data_catalog - INFO - Loading data from [dark_orange]best_model[/dark_orange] (PickleDataset)...
2026-01-16 14:45:24,908 - kedro.io.data_catalog - INFO - Loading data from [dark_orange]params:model_params[/dark_orange] (MemoryDataset)...
2026-01-16 14:45:24,913 - kedro.io.data_catalog - INFO - Loading data from [dark_orange]best_auc[/dark_orange] (MemoryDataset)...
2026-01-16 14:45:24,918 - kedro.pipeline.node - INFO - Running node: train.log_mlflow: log_model_mlflow([best_model;params:model_params;best_auc]) -> None
2026-01-16 14:45:47,064 - kedro.runner.sequential_runner - INFO - Completed node: train.log_mlflow
2026-01-16 14:45:47,068 - kedro.runner.sequential_runner - INFO - Completed 10 out of 12 tasks
2026-01-16 14:45:47,071 - kedro.io.data_catalog - INFO - Loading data from [dark_orange]predictions_df[/dark_orange] (MemoryDataset)...
2026-01-16 14:45:47,076 - kedro.io.data_catalog - INFO - Loading data from [dark_orange]params:threshold[/dark_orange] (MemoryDataset)...
2026-01-16 14:45:47,080 - kedro.pipeline.node - INFO - Running node: infer.flag_high_risk: flag_high_risk([predictions_df;params:threshold]) -> [high_risk_df]
2026-01-16 14:45:47,088 - kedro.io.data_catalog - INFO - Saving data to [dark_orange]high_risk_df[/dark_orange] (MemoryDataset)...
2026-01-16 14:45:47,094 - kedro.runner.sequential_runner - INFO - Completed node: infer.flag_high_risk
2026-01-16 14:45:47,094 - kedro.runner.sequential_runner - INFO - Completed 11 out of 12 tasks
2026-01-16 14:45:47,101 - kedro.io.data_catalog - INFO - Loading data from [dark_orange]high_risk_df[/dark_orange] (MemoryDataset)...
2026-01-16 14:45:47,105 - kedro.pipeline.node - INFO - Running node: post.write_high_risk: write_high_risk_to_csv([high_risk_df]) -> [high_risk_export_path]
2026-01-16 14:45:47,130 - kedro.pipeline.node - ERROR - Node post.write_high_risk: write_high_risk_to_csv([high_risk_df]) -> [high_risk_export_path] failed with error: 
Cannot save file into a non-existent directory: 'data\05_reporting'
2026-01-16 14:45:47,135 - kedro.runner.sequential_runner - WARNING - There are 1 nodes that have not run.
You can resume the pipeline run from the nearest nodes with persisted inputs by adding the following argument to your previous command:
  --from-nodes "pre.split_features_target"
2026-01-16 14:59:02,483 - kedro.framework.project - INFO - Using 'conf\logging.yml' as logging configuration. You can change this by setting the KEDRO_LOGGING_CONFIG environment variable accordingly.
2026-01-16 14:59:03,330 - kedro.framework.session.session - INFO - Kedro project banking-customer-churn-prediction
2026-01-16 14:59:06,915 - kedro_telemetry.plugin - INFO - Kedro is sending anonymous usage data with the sole purpose of improving the product. No personal data or IP addresses are stored on our side. To opt out, set the `KEDRO_DISABLE_TELEMETRY` or `DO_NOT_TRACK` environment variables, or create a `.telemetry` file in the current working directory with the contents `consent: false`. To hide this message, explicitly grant or deny consent. Read more at https://docs.kedro.org/en/stable/configuration/telemetry.html
2026-01-16 14:59:13,619 - py.warnings - WARNING - c:\Users\BIGSAM TECH\Desktop\ML Churn Modelling\.venv\lib\site-packages\google\api_core\_python_version_support.py:266: FutureWarning: You are using a Python version (3.10.11) which Google will stop supporting in new releases of google.api_core once it reaches its end of life (2026-10-04). Please upgrade to the latest Python version, or at least Python 3.11, to continue receiving updates for google.api_core past that date.
  warnings.warn(message, FutureWarning)

2026-01-16 14:59:14,147 - kedro.runner.sequential_runner - INFO - Using synchronous mode for loading and saving data. Use the --async flag for potential performance gains. https://docs.kedro.org/en/stable/nodes_and_pipelines/run_a_pipeline.html#load-and-save-asynchronously
2026-01-16 14:59:14,162 - kedro.io.data_catalog - INFO - Loading data from [dark_orange]raw_churn[/dark_orange] (CSVDataset)...
2026-01-16 14:59:14,221 - kedro.pipeline.node - INFO - Running node: etl.extract_raw: extract_raw([raw_churn]) -> [raw_df]
2026-01-16 14:59:14,229 - kedro.io.data_catalog - INFO - Saving data to [dark_orange]raw_df[/dark_orange] (MemoryDataset)...
2026-01-16 14:59:14,237 - kedro.runner.sequential_runner - INFO - Completed node: etl.extract_raw
2026-01-16 14:59:14,247 - kedro.runner.sequential_runner - INFO - Completed 1 out of 12 tasks
2026-01-16 14:59:14,254 - kedro.io.data_catalog - INFO - Loading data from [dark_orange]params:numeric_cols[/dark_orange] (MemoryDataset)...
2026-01-16 14:59:14,265 - kedro.io.data_catalog - INFO - Loading data from [dark_orange]params:categorical_cols[/dark_orange] (MemoryDataset)...
2026-01-16 14:59:14,275 - kedro.pipeline.node - INFO - Running node: pre.build_preprocessor: build_preprocessor([params:numeric_cols;params:categorical_cols]) -> [preprocessor]
2026-01-16 14:59:14,282 - kedro.io.data_catalog - INFO - Saving data to [dark_orange]preprocessor[/dark_orange] (PickleDataset)...
2026-01-16 14:59:14,298 - kedro.runner.sequential_runner - INFO - Completed node: pre.build_preprocessor
2026-01-16 14:59:14,305 - kedro.runner.sequential_runner - INFO - Completed 2 out of 12 tasks
2026-01-16 14:59:14,317 - kedro.io.data_catalog - INFO - Loading data from [dark_orange]raw_df[/dark_orange] (MemoryDataset)...
2026-01-16 14:59:14,329 - kedro.pipeline.node - INFO - Running node: etl.basic_merge_and_clean: basic_merge_and_clean([raw_df]) -> [cleaned_customers]
2026-01-16 14:59:14,359 - kedro.io.data_catalog - INFO - Saving data to [dark_orange]cleaned_customers[/dark_orange] (ParquetDataset)...
2026-01-16 14:59:14,398 - kedro.runner.sequential_runner - INFO - Completed node: etl.basic_merge_and_clean
2026-01-16 14:59:14,406 - kedro.runner.sequential_runner - INFO - Completed 3 out of 12 tasks
2026-01-16 14:59:14,412 - kedro.io.data_catalog - INFO - Loading data from [dark_orange]cleaned_customers[/dark_orange] (ParquetDataset)...
2026-01-16 14:59:14,462 - kedro.pipeline.node - INFO - Running node: feats.create_features: create_features([cleaned_customers]) -> [features_df]
2026-01-16 14:59:14,470 - kedro.io.data_catalog - INFO - Saving data to [dark_orange]features_df[/dark_orange] (MemoryDataset)...
2026-01-16 14:59:14,479 - kedro.runner.sequential_runner - INFO - Completed node: feats.create_features
2026-01-16 14:59:14,481 - kedro.runner.sequential_runner - INFO - Completed 4 out of 12 tasks
2026-01-16 14:59:14,485 - kedro.io.data_catalog - INFO - Loading data from [dark_orange]cleaned_customers[/dark_orange] (ParquetDataset)...
2026-01-16 14:59:14,496 - kedro.io.data_catalog - INFO - Loading data from [dark_orange]params:target[/dark_orange] (MemoryDataset)...
2026-01-16 14:59:14,500 - kedro.pipeline.node - INFO - Running node: pre.split_features_target: split_features_target([cleaned_customers;params:target]) -> [X_raw;y_raw]
2026-01-16 14:59:14,505 - kedro.io.data_catalog - INFO - Saving data to [dark_orange]X_raw[/dark_orange] (MemoryDataset)...
2026-01-16 14:59:14,511 - kedro.io.data_catalog - INFO - Saving data to [dark_orange]y_raw[/dark_orange] (MemoryDataset)...
2026-01-16 14:59:14,516 - kedro.runner.sequential_runner - INFO - Completed node: pre.split_features_target
2026-01-16 14:59:14,516 - kedro.runner.sequential_runner - INFO - Completed 5 out of 12 tasks
2026-01-16 14:59:14,523 - kedro.io.data_catalog - INFO - Loading data from [dark_orange]features_df[/dark_orange] (MemoryDataset)...
2026-01-16 14:59:14,528 - kedro.pipeline.node - INFO - Running node: feats.to_catalog: <lambda>([features_df]) -> [features]
2026-01-16 14:59:14,531 - kedro.io.data_catalog - INFO - Saving data to [dark_orange]features[/dark_orange] (ParquetDataset)...
2026-01-16 14:59:14,559 - kedro.runner.sequential_runner - INFO - Completed node: feats.to_catalog
2026-01-16 14:59:14,562 - kedro.runner.sequential_runner - INFO - Completed 6 out of 12 tasks
2026-01-16 14:59:14,565 - kedro.io.data_catalog - INFO - Loading data from [dark_orange]preprocessor[/dark_orange] (PickleDataset)...
2026-01-16 14:59:14,571 - kedro.io.data_catalog - INFO - Loading data from [dark_orange]X_raw[/dark_orange] (MemoryDataset)...
2026-01-16 14:59:14,575 - kedro.pipeline.node - INFO - Running node: pre.fit_transform_preprocessor: fit_transform_preprocessor([preprocessor;X_raw]) -> [features_array;preprocessor_fitted]
2026-01-16 14:59:14,612 - kedro.io.data_catalog - INFO - Saving data to [dark_orange]features_array[/dark_orange] (MemoryDataset)...
2026-01-16 14:59:14,615 - kedro.io.data_catalog - INFO - Saving data to [dark_orange]preprocessor_fitted[/dark_orange] (PickleDataset)...
2026-01-16 14:59:14,623 - kedro.runner.sequential_runner - INFO - Completed node: pre.fit_transform_preprocessor
2026-01-16 14:59:14,625 - kedro.runner.sequential_runner - INFO - Completed 7 out of 12 tasks
2026-01-16 14:59:14,630 - kedro.io.data_catalog - INFO - Loading data from [dark_orange]features_array[/dark_orange] (MemoryDataset)...
2026-01-16 14:59:14,631 - kedro.io.data_catalog - INFO - Loading data from [dark_orange]y_raw[/dark_orange] (MemoryDataset)...
2026-01-16 14:59:14,640 - kedro.io.data_catalog - INFO - Loading data from [dark_orange]params:model_params[/dark_orange] (MemoryDataset)...
2026-01-16 14:59:14,642 - kedro.pipeline.node - INFO - Running node: train.train_and_compare: train_and_compare([features_array;y_raw;params:model_params]) -> [training_results;best_model_key;best_model;best_auc]
2026-01-16 14:59:17,125 - kedro.io.data_catalog - INFO - Saving data to [dark_orange]training_results[/dark_orange] (MemoryDataset)...
2026-01-16 14:59:17,125 - kedro.io.data_catalog - INFO - Saving data to [dark_orange]best_model_key[/dark_orange] (MemoryDataset)...
2026-01-16 14:59:17,143 - kedro.io.data_catalog - INFO - Saving data to [dark_orange]best_model[/dark_orange] (PickleDataset)...
2026-01-16 14:59:17,196 - kedro.io.data_catalog - INFO - Saving data to [dark_orange]best_auc[/dark_orange] (MemoryDataset)...
2026-01-16 14:59:17,207 - kedro.runner.sequential_runner - INFO - Completed node: train.train_and_compare
2026-01-16 14:59:17,207 - kedro.runner.sequential_runner - INFO - Completed 8 out of 12 tasks
2026-01-16 14:59:17,220 - kedro.io.data_catalog - INFO - Loading data from [dark_orange]best_model[/dark_orange] (PickleDataset)...
2026-01-16 14:59:17,272 - kedro.io.data_catalog - INFO - Loading data from [dark_orange]features_array[/dark_orange] (MemoryDataset)...
2026-01-16 14:59:17,277 - kedro.pipeline.node - INFO - Running node: infer.batch_inference: batch_inference([best_model;features_array]) -> [predictions_df]
2026-01-16 14:59:17,497 - kedro.io.data_catalog - INFO - Saving data to [dark_orange]predictions_df[/dark_orange] (MemoryDataset)...
2026-01-16 14:59:17,515 - kedro.runner.sequential_runner - INFO - Completed node: infer.batch_inference
2026-01-16 14:59:17,515 - kedro.runner.sequential_runner - INFO - Completed 9 out of 12 tasks
2026-01-16 14:59:17,525 - kedro.io.data_catalog - INFO - Loading data from [dark_orange]best_model[/dark_orange] (PickleDataset)...
2026-01-16 14:59:17,557 - kedro.io.data_catalog - INFO - Loading data from [dark_orange]params:model_params[/dark_orange] (MemoryDataset)...
2026-01-16 14:59:17,563 - kedro.io.data_catalog - INFO - Loading data from [dark_orange]best_auc[/dark_orange] (MemoryDataset)...
2026-01-16 14:59:17,566 - kedro.pipeline.node - INFO - Running node: train.log_mlflow: log_model_mlflow([best_model;params:model_params;best_auc]) -> None
2026-01-16 14:59:25,033 - kedro.runner.sequential_runner - INFO - Completed node: train.log_mlflow
2026-01-16 14:59:25,037 - kedro.runner.sequential_runner - INFO - Completed 10 out of 12 tasks
2026-01-16 14:59:25,041 - kedro.io.data_catalog - INFO - Loading data from [dark_orange]predictions_df[/dark_orange] (MemoryDataset)...
2026-01-16 14:59:25,046 - kedro.io.data_catalog - INFO - Loading data from [dark_orange]params:threshold[/dark_orange] (MemoryDataset)...
2026-01-16 14:59:25,049 - kedro.pipeline.node - INFO - Running node: infer.flag_high_risk: flag_high_risk([predictions_df;params:threshold]) -> [high_risk_df]
2026-01-16 14:59:25,058 - kedro.io.data_catalog - INFO - Saving data to [dark_orange]high_risk_df[/dark_orange] (MemoryDataset)...
2026-01-16 14:59:25,060 - kedro.runner.sequential_runner - INFO - Completed node: infer.flag_high_risk
2026-01-16 14:59:25,066 - kedro.runner.sequential_runner - INFO - Completed 11 out of 12 tasks
2026-01-16 14:59:25,072 - kedro.io.data_catalog - INFO - Loading data from [dark_orange]high_risk_df[/dark_orange] (MemoryDataset)...
2026-01-16 14:59:25,077 - kedro.pipeline.node - INFO - Running node: post.write_high_risk: write_high_risk_to_csv([high_risk_df]) -> [high_risk_export_path]
2026-01-16 14:59:25,083 - kedro.pipeline.node - ERROR - Node post.write_high_risk: write_high_risk_to_csv([high_risk_df]) -> [high_risk_export_path] failed with error: 
Cannot save file into a non-existent directory: 'data\05_reporting'
2026-01-16 14:59:25,091 - kedro.runner.sequential_runner - WARNING - There are 1 nodes that have not run.
You can resume the pipeline run from the nearest nodes with persisted inputs by adding the following argument to your previous command:
  --from-nodes "pre.split_features_target"
2026-01-16 15:01:23,643 - kedro.framework.project - INFO - Using 'conf\logging.yml' as logging configuration. You can change this by setting the KEDRO_LOGGING_CONFIG environment variable accordingly.
2026-01-16 15:01:24,487 - kedro.framework.session.session - INFO - Kedro project banking-customer-churn-prediction
2026-01-16 15:01:27,608 - kedro_telemetry.plugin - INFO - Kedro is sending anonymous usage data with the sole purpose of improving the product. No personal data or IP addresses are stored on our side. To opt out, set the `KEDRO_DISABLE_TELEMETRY` or `DO_NOT_TRACK` environment variables, or create a `.telemetry` file in the current working directory with the contents `consent: false`. To hide this message, explicitly grant or deny consent. Read more at https://docs.kedro.org/en/stable/configuration/telemetry.html
2026-01-16 15:01:32,311 - py.warnings - WARNING - c:\Users\BIGSAM TECH\Desktop\ML Churn Modelling\.venv\lib\site-packages\google\api_core\_python_version_support.py:266: FutureWarning: You are using a Python version (3.10.11) which Google will stop supporting in new releases of google.api_core once it reaches its end of life (2026-10-04). Please upgrade to the latest Python version, or at least Python 3.11, to continue receiving updates for google.api_core past that date.
  warnings.warn(message, FutureWarning)

2026-01-16 15:01:32,794 - kedro.runner.sequential_runner - INFO - Using synchronous mode for loading and saving data. Use the --async flag for potential performance gains. https://docs.kedro.org/en/stable/nodes_and_pipelines/run_a_pipeline.html#load-and-save-asynchronously
2026-01-16 15:01:32,804 - kedro.io.data_catalog - INFO - Loading data from [dark_orange]raw_churn[/dark_orange] (CSVDataset)...
2026-01-16 15:01:32,833 - kedro.pipeline.node - INFO - Running node: etl.extract_raw: extract_raw([raw_churn]) -> [raw_df]
2026-01-16 15:01:32,845 - kedro.io.data_catalog - INFO - Saving data to [dark_orange]raw_df[/dark_orange] (MemoryDataset)...
2026-01-16 15:01:32,850 - kedro.runner.sequential_runner - INFO - Completed node: etl.extract_raw
2026-01-16 15:01:32,853 - kedro.runner.sequential_runner - INFO - Completed 1 out of 12 tasks
2026-01-16 15:01:32,857 - kedro.io.data_catalog - INFO - Loading data from [dark_orange]params:numeric_cols[/dark_orange] (MemoryDataset)...
2026-01-16 15:01:32,862 - kedro.io.data_catalog - INFO - Loading data from [dark_orange]params:categorical_cols[/dark_orange] (MemoryDataset)...
2026-01-16 15:01:32,867 - kedro.pipeline.node - INFO - Running node: pre.build_preprocessor: build_preprocessor([params:numeric_cols;params:categorical_cols]) -> [preprocessor]
2026-01-16 15:01:32,867 - kedro.io.data_catalog - INFO - Saving data to [dark_orange]preprocessor[/dark_orange] (PickleDataset)...
2026-01-16 15:01:32,875 - kedro.runner.sequential_runner - INFO - Completed node: pre.build_preprocessor
2026-01-16 15:01:32,878 - kedro.runner.sequential_runner - INFO - Completed 2 out of 12 tasks
2026-01-16 15:01:32,881 - kedro.io.data_catalog - INFO - Loading data from [dark_orange]raw_df[/dark_orange] (MemoryDataset)...
2026-01-16 15:01:32,885 - kedro.pipeline.node - INFO - Running node: etl.basic_merge_and_clean: basic_merge_and_clean([raw_df]) -> [cleaned_customers]
2026-01-16 15:01:32,900 - kedro.io.data_catalog - INFO - Saving data to [dark_orange]cleaned_customers[/dark_orange] (ParquetDataset)...
2026-01-16 15:01:32,933 - kedro.runner.sequential_runner - INFO - Completed node: etl.basic_merge_and_clean
2026-01-16 15:01:32,936 - kedro.runner.sequential_runner - INFO - Completed 3 out of 12 tasks
2026-01-16 15:01:32,940 - kedro.io.data_catalog - INFO - Loading data from [dark_orange]cleaned_customers[/dark_orange] (ParquetDataset)...
2026-01-16 15:01:32,977 - kedro.pipeline.node - INFO - Running node: feats.create_features: create_features([cleaned_customers]) -> [features_df]
2026-01-16 15:01:32,981 - kedro.io.data_catalog - INFO - Saving data to [dark_orange]features_df[/dark_orange] (MemoryDataset)...
2026-01-16 15:01:32,989 - kedro.runner.sequential_runner - INFO - Completed node: feats.create_features
2026-01-16 15:01:32,996 - kedro.runner.sequential_runner - INFO - Completed 4 out of 12 tasks
2026-01-16 15:01:32,999 - kedro.io.data_catalog - INFO - Loading data from [dark_orange]cleaned_customers[/dark_orange] (ParquetDataset)...
2026-01-16 15:01:33,010 - kedro.io.data_catalog - INFO - Loading data from [dark_orange]params:target[/dark_orange] (MemoryDataset)...
2026-01-16 15:01:33,014 - kedro.pipeline.node - INFO - Running node: pre.split_features_target: split_features_target([cleaned_customers;params:target]) -> [X_raw;y_raw]
2026-01-16 15:01:33,019 - kedro.io.data_catalog - INFO - Saving data to [dark_orange]X_raw[/dark_orange] (MemoryDataset)...
2026-01-16 15:01:33,023 - kedro.io.data_catalog - INFO - Saving data to [dark_orange]y_raw[/dark_orange] (MemoryDataset)...
2026-01-16 15:01:33,029 - kedro.runner.sequential_runner - INFO - Completed node: pre.split_features_target
2026-01-16 15:01:33,029 - kedro.runner.sequential_runner - INFO - Completed 5 out of 12 tasks
2026-01-16 15:01:33,035 - kedro.io.data_catalog - INFO - Loading data from [dark_orange]features_df[/dark_orange] (MemoryDataset)...
2026-01-16 15:01:33,041 - kedro.pipeline.node - INFO - Running node: feats.to_catalog: <lambda>([features_df]) -> [features]
2026-01-16 15:01:33,046 - kedro.io.data_catalog - INFO - Saving data to [dark_orange]features[/dark_orange] (ParquetDataset)...
2026-01-16 15:01:33,067 - kedro.runner.sequential_runner - INFO - Completed node: feats.to_catalog
2026-01-16 15:01:33,067 - kedro.runner.sequential_runner - INFO - Completed 6 out of 12 tasks
2026-01-16 15:01:33,075 - kedro.io.data_catalog - INFO - Loading data from [dark_orange]preprocessor[/dark_orange] (PickleDataset)...
2026-01-16 15:01:33,082 - kedro.io.data_catalog - INFO - Loading data from [dark_orange]X_raw[/dark_orange] (MemoryDataset)...
2026-01-16 15:01:33,087 - kedro.pipeline.node - INFO - Running node: pre.fit_transform_preprocessor: fit_transform_preprocessor([preprocessor;X_raw]) -> [features_array;preprocessor_fitted]
2026-01-16 15:01:33,119 - kedro.io.data_catalog - INFO - Saving data to [dark_orange]features_array[/dark_orange] (MemoryDataset)...
2026-01-16 15:01:33,125 - kedro.io.data_catalog - INFO - Saving data to [dark_orange]preprocessor_fitted[/dark_orange] (PickleDataset)...
2026-01-16 15:01:33,130 - kedro.runner.sequential_runner - INFO - Completed node: pre.fit_transform_preprocessor
2026-01-16 15:01:33,133 - kedro.runner.sequential_runner - INFO - Completed 7 out of 12 tasks
2026-01-16 15:01:33,137 - kedro.io.data_catalog - INFO - Loading data from [dark_orange]features_array[/dark_orange] (MemoryDataset)...
2026-01-16 15:01:33,144 - kedro.io.data_catalog - INFO - Loading data from [dark_orange]y_raw[/dark_orange] (MemoryDataset)...
2026-01-16 15:01:33,149 - kedro.io.data_catalog - INFO - Loading data from [dark_orange]params:model_params[/dark_orange] (MemoryDataset)...
2026-01-16 15:01:33,154 - kedro.pipeline.node - INFO - Running node: train.train_and_compare: train_and_compare([features_array;y_raw;params:model_params]) -> [training_results;best_model_key;best_model;best_auc]
2026-01-16 15:01:35,548 - kedro.io.data_catalog - INFO - Saving data to [dark_orange]training_results[/dark_orange] (MemoryDataset)...
2026-01-16 15:01:35,548 - kedro.io.data_catalog - INFO - Saving data to [dark_orange]best_model_key[/dark_orange] (MemoryDataset)...
2026-01-16 15:01:35,569 - kedro.io.data_catalog - INFO - Saving data to [dark_orange]best_model[/dark_orange] (PickleDataset)...
2026-01-16 15:01:35,618 - kedro.io.data_catalog - INFO - Saving data to [dark_orange]best_auc[/dark_orange] (MemoryDataset)...
2026-01-16 15:01:35,629 - kedro.runner.sequential_runner - INFO - Completed node: train.train_and_compare
2026-01-16 15:01:35,635 - kedro.runner.sequential_runner - INFO - Completed 8 out of 12 tasks
2026-01-16 15:01:35,644 - kedro.io.data_catalog - INFO - Loading data from [dark_orange]best_model[/dark_orange] (PickleDataset)...
2026-01-16 15:01:35,713 - kedro.io.data_catalog - INFO - Loading data from [dark_orange]features_array[/dark_orange] (MemoryDataset)...
2026-01-16 15:01:35,713 - kedro.pipeline.node - INFO - Running node: infer.batch_inference: batch_inference([best_model;features_array]) -> [predictions_df]
2026-01-16 15:01:35,989 - kedro.io.data_catalog - INFO - Saving data to [dark_orange]predictions_df[/dark_orange] (MemoryDataset)...
2026-01-16 15:01:36,002 - kedro.runner.sequential_runner - INFO - Completed node: infer.batch_inference
2026-01-16 15:01:36,005 - kedro.runner.sequential_runner - INFO - Completed 9 out of 12 tasks
2026-01-16 15:01:36,012 - kedro.io.data_catalog - INFO - Loading data from [dark_orange]best_model[/dark_orange] (PickleDataset)...
2026-01-16 15:01:36,058 - kedro.io.data_catalog - INFO - Loading data from [dark_orange]params:model_params[/dark_orange] (MemoryDataset)...
2026-01-16 15:01:36,063 - kedro.io.data_catalog - INFO - Loading data from [dark_orange]best_auc[/dark_orange] (MemoryDataset)...
2026-01-16 15:01:36,069 - kedro.pipeline.node - INFO - Running node: train.log_mlflow: log_model_mlflow([best_model;params:model_params;best_auc]) -> None
2026-01-16 15:01:43,980 - kedro.runner.sequential_runner - INFO - Completed node: train.log_mlflow
2026-01-16 15:01:43,984 - kedro.runner.sequential_runner - INFO - Completed 10 out of 12 tasks
2026-01-16 15:01:43,985 - kedro.io.data_catalog - INFO - Loading data from [dark_orange]predictions_df[/dark_orange] (MemoryDataset)...
2026-01-16 15:01:43,995 - kedro.io.data_catalog - INFO - Loading data from [dark_orange]params:threshold[/dark_orange] (MemoryDataset)...
2026-01-16 15:01:43,999 - kedro.pipeline.node - INFO - Running node: infer.flag_high_risk: flag_high_risk([predictions_df;params:threshold]) -> [high_risk_df]
2026-01-16 15:01:44,008 - kedro.io.data_catalog - INFO - Saving data to [dark_orange]high_risk_df[/dark_orange] (MemoryDataset)...
2026-01-16 15:01:44,016 - kedro.runner.sequential_runner - INFO - Completed node: infer.flag_high_risk
2026-01-16 15:01:44,016 - kedro.runner.sequential_runner - INFO - Completed 11 out of 12 tasks
2026-01-16 15:01:44,024 - kedro.io.data_catalog - INFO - Loading data from [dark_orange]high_risk_df[/dark_orange] (MemoryDataset)...
2026-01-16 15:01:44,030 - kedro.pipeline.node - INFO - Running node: post.write_high_risk: write_high_risk_to_csv([high_risk_df]) -> [high_risk_export_path]
2026-01-16 15:01:44,038 - kedro.pipeline.node - ERROR - Node post.write_high_risk: write_high_risk_to_csv([high_risk_df]) -> [high_risk_export_path] failed with error: 
Cannot save file into a non-existent directory: 'data\05_reporting'
2026-01-16 15:01:44,045 - kedro.runner.sequential_runner - WARNING - There are 1 nodes that have not run.
You can resume the pipeline run from the nearest nodes with persisted inputs by adding the following argument to your previous command:
  --from-nodes "pre.split_features_target"
2026-01-16 15:22:34,110 - kedro.framework.project - INFO - Using 'conf\logging.yml' as logging configuration. You can change this by setting the KEDRO_LOGGING_CONFIG environment variable accordingly.
2026-01-16 15:22:38,821 - kedro.framework.session.session - INFO - Kedro project banking-customer-churn-prediction
2026-01-16 15:23:20,372 - kedro_telemetry.plugin - INFO - Kedro is sending anonymous usage data with the sole purpose of improving the product. No personal data or IP addresses are stored on our side. To opt out, set the `KEDRO_DISABLE_TELEMETRY` or `DO_NOT_TRACK` environment variables, or create a `.telemetry` file in the current working directory with the contents `consent: false`. To hide this message, explicitly grant or deny consent. Read more at https://docs.kedro.org/en/stable/configuration/telemetry.html
2026-01-16 15:23:27,842 - py.warnings - WARNING - c:\Users\BIGSAM TECH\Desktop\ML Churn Modelling\.venv\lib\site-packages\google\api_core\_python_version_support.py:266: FutureWarning: You are using a Python version (3.10.11) which Google will stop supporting in new releases of google.api_core once it reaches its end of life (2026-10-04). Please upgrade to the latest Python version, or at least Python 3.11, to continue receiving updates for google.api_core past that date.
  warnings.warn(message, FutureWarning)

2026-01-16 15:23:32,873 - py.warnings - WARNING - c:\Users\BIGSAM TECH\Desktop\ML Churn Modelling\.venv\lib\site-packages\kedro\io\core.py:545: UserWarning: Since kedro-datasets 2.0, 'Dataset' is spelled with a lowercase 's'. Got 'pandas.CSVDataSet'.
  warnings.warn(

2026-01-16 15:24:53,779 - kedro.framework.project - INFO - Using 'conf\logging.yml' as logging configuration. You can change this by setting the KEDRO_LOGGING_CONFIG environment variable accordingly.
2026-01-16 15:24:54,645 - kedro.framework.session.session - INFO - Kedro project banking-customer-churn-prediction
2026-01-16 15:24:57,812 - kedro_telemetry.plugin - INFO - Kedro is sending anonymous usage data with the sole purpose of improving the product. No personal data or IP addresses are stored on our side. To opt out, set the `KEDRO_DISABLE_TELEMETRY` or `DO_NOT_TRACK` environment variables, or create a `.telemetry` file in the current working directory with the contents `consent: false`. To hide this message, explicitly grant or deny consent. Read more at https://docs.kedro.org/en/stable/configuration/telemetry.html
2026-01-16 15:24:59,777 - py.warnings - WARNING - c:\Users\BIGSAM TECH\Desktop\ML Churn Modelling\.venv\lib\site-packages\google\api_core\_python_version_support.py:266: FutureWarning: You are using a Python version (3.10.11) which Google will stop supporting in new releases of google.api_core once it reaches its end of life (2026-10-04). Please upgrade to the latest Python version, or at least Python 3.11, to continue receiving updates for google.api_core past that date.
  warnings.warn(message, FutureWarning)

2026-01-16 15:25:00,283 - kedro.runner.sequential_runner - INFO - Using synchronous mode for loading and saving data. Use the --async flag for potential performance gains. https://docs.kedro.org/en/stable/nodes_and_pipelines/run_a_pipeline.html#load-and-save-asynchronously
2026-01-16 15:25:00,296 - kedro.io.data_catalog - INFO - Loading data from [dark_orange]raw_churn[/dark_orange] (CSVDataset)...
2026-01-16 15:25:00,373 - kedro.pipeline.node - INFO - Running node: etl.extract_raw: extract_raw([raw_churn]) -> [raw_df]
2026-01-16 15:25:00,378 - kedro.io.data_catalog - INFO - Saving data to [dark_orange]raw_df[/dark_orange] (MemoryDataset)...
2026-01-16 15:25:00,384 - kedro.runner.sequential_runner - INFO - Completed node: etl.extract_raw
2026-01-16 15:25:00,391 - kedro.runner.sequential_runner - INFO - Completed 1 out of 12 tasks
2026-01-16 15:25:00,395 - kedro.io.data_catalog - INFO - Loading data from [dark_orange]params:numeric_cols[/dark_orange] (MemoryDataset)...
2026-01-16 15:25:00,400 - kedro.io.data_catalog - INFO - Loading data from [dark_orange]params:categorical_cols[/dark_orange] (MemoryDataset)...
2026-01-16 15:25:00,404 - kedro.pipeline.node - INFO - Running node: pre.build_preprocessor: build_preprocessor([params:numeric_cols;params:categorical_cols]) -> [preprocessor]
2026-01-16 15:25:00,411 - kedro.io.data_catalog - INFO - Saving data to [dark_orange]preprocessor[/dark_orange] (PickleDataset)...
2026-01-16 15:25:00,416 - kedro.runner.sequential_runner - INFO - Completed node: pre.build_preprocessor
2026-01-16 15:25:00,419 - kedro.runner.sequential_runner - INFO - Completed 2 out of 12 tasks
2026-01-16 15:25:00,424 - kedro.io.data_catalog - INFO - Loading data from [dark_orange]raw_df[/dark_orange] (MemoryDataset)...
2026-01-16 15:25:00,428 - kedro.pipeline.node - INFO - Running node: etl.basic_merge_and_clean: basic_merge_and_clean([raw_df]) -> [cleaned_customers]
2026-01-16 15:25:00,471 - kedro.io.data_catalog - INFO - Saving data to [dark_orange]cleaned_customers[/dark_orange] (ParquetDataset)...
2026-01-16 15:25:00,588 - kedro.runner.sequential_runner - INFO - Completed node: etl.basic_merge_and_clean
2026-01-16 15:25:00,592 - kedro.runner.sequential_runner - INFO - Completed 3 out of 12 tasks
2026-01-16 15:25:00,595 - kedro.io.data_catalog - INFO - Loading data from [dark_orange]cleaned_customers[/dark_orange] (ParquetDataset)...
2026-01-16 15:25:00,687 - kedro.pipeline.node - INFO - Running node: feats.create_features: create_features([cleaned_customers]) -> [features_df]
2026-01-16 15:25:00,696 - kedro.io.data_catalog - INFO - Saving data to [dark_orange]features_df[/dark_orange] (MemoryDataset)...
2026-01-16 15:25:00,705 - kedro.runner.sequential_runner - INFO - Completed node: feats.create_features
2026-01-16 15:25:00,709 - kedro.runner.sequential_runner - INFO - Completed 4 out of 12 tasks
2026-01-16 15:25:00,711 - kedro.io.data_catalog - INFO - Loading data from [dark_orange]cleaned_customers[/dark_orange] (ParquetDataset)...
2026-01-16 15:25:00,725 - kedro.io.data_catalog - INFO - Loading data from [dark_orange]params:target[/dark_orange] (MemoryDataset)...
2026-01-16 15:25:00,729 - kedro.pipeline.node - INFO - Running node: pre.split_features_target: split_features_target([cleaned_customers;params:target]) -> [X_raw;y_raw]
2026-01-16 15:25:00,733 - kedro.io.data_catalog - INFO - Saving data to [dark_orange]X_raw[/dark_orange] (MemoryDataset)...
2026-01-16 15:25:00,743 - kedro.io.data_catalog - INFO - Saving data to [dark_orange]y_raw[/dark_orange] (MemoryDataset)...
2026-01-16 15:25:00,746 - kedro.runner.sequential_runner - INFO - Completed node: pre.split_features_target
2026-01-16 15:25:00,746 - kedro.runner.sequential_runner - INFO - Completed 5 out of 12 tasks
2026-01-16 15:25:00,754 - kedro.io.data_catalog - INFO - Loading data from [dark_orange]features_df[/dark_orange] (MemoryDataset)...
2026-01-16 15:25:00,761 - kedro.pipeline.node - INFO - Running node: feats.to_catalog: <lambda>([features_df]) -> [features]
2026-01-16 15:25:00,764 - kedro.io.data_catalog - INFO - Saving data to [dark_orange]features[/dark_orange] (ParquetDataset)...
2026-01-16 15:25:00,798 - kedro.runner.sequential_runner - INFO - Completed node: feats.to_catalog
2026-01-16 15:25:00,801 - kedro.runner.sequential_runner - INFO - Completed 6 out of 12 tasks
2026-01-16 15:25:00,805 - kedro.io.data_catalog - INFO - Loading data from [dark_orange]preprocessor[/dark_orange] (PickleDataset)...
2026-01-16 15:25:00,829 - kedro.io.data_catalog - INFO - Loading data from [dark_orange]X_raw[/dark_orange] (MemoryDataset)...
2026-01-16 15:25:00,835 - kedro.pipeline.node - INFO - Running node: pre.fit_transform_preprocessor: fit_transform_preprocessor([preprocessor;X_raw]) -> [features_array;preprocessor_fitted]
2026-01-16 15:25:00,877 - kedro.io.data_catalog - INFO - Saving data to [dark_orange]features_array[/dark_orange] (MemoryDataset)...
2026-01-16 15:25:00,884 - kedro.io.data_catalog - INFO - Saving data to [dark_orange]preprocessor_fitted[/dark_orange] (PickleDataset)...
2026-01-16 15:25:00,888 - kedro.runner.sequential_runner - INFO - Completed node: pre.fit_transform_preprocessor
2026-01-16 15:25:00,891 - kedro.runner.sequential_runner - INFO - Completed 7 out of 12 tasks
2026-01-16 15:25:00,897 - kedro.io.data_catalog - INFO - Loading data from [dark_orange]features_array[/dark_orange] (MemoryDataset)...
2026-01-16 15:25:00,902 - kedro.io.data_catalog - INFO - Loading data from [dark_orange]y_raw[/dark_orange] (MemoryDataset)...
2026-01-16 15:25:00,910 - kedro.io.data_catalog - INFO - Loading data from [dark_orange]params:model_params[/dark_orange] (MemoryDataset)...
2026-01-16 15:25:00,913 - kedro.pipeline.node - INFO - Running node: train.train_and_compare: train_and_compare([features_array;y_raw;params:model_params]) -> [training_results;best_model_key;best_model;best_auc]
2026-01-16 15:25:03,399 - kedro.io.data_catalog - INFO - Saving data to [dark_orange]training_results[/dark_orange] (MemoryDataset)...
2026-01-16 15:25:03,399 - kedro.io.data_catalog - INFO - Saving data to [dark_orange]best_model_key[/dark_orange] (MemoryDataset)...
2026-01-16 15:25:03,419 - kedro.io.data_catalog - INFO - Saving data to [dark_orange]best_model[/dark_orange] (PickleDataset)...
2026-01-16 15:25:03,473 - kedro.io.data_catalog - INFO - Saving data to [dark_orange]best_auc[/dark_orange] (MemoryDataset)...
2026-01-16 15:25:03,473 - kedro.runner.sequential_runner - INFO - Completed node: train.train_and_compare
2026-01-16 15:25:03,490 - kedro.runner.sequential_runner - INFO - Completed 8 out of 12 tasks
2026-01-16 15:25:03,495 - kedro.io.data_catalog - INFO - Loading data from [dark_orange]best_model[/dark_orange] (PickleDataset)...
2026-01-16 15:25:03,539 - kedro.io.data_catalog - INFO - Loading data from [dark_orange]features_array[/dark_orange] (MemoryDataset)...
2026-01-16 15:25:03,555 - kedro.pipeline.node - INFO - Running node: infer.batch_inference: batch_inference([best_model;features_array]) -> [predictions_df]
2026-01-16 15:25:03,789 - kedro.io.data_catalog - INFO - Saving data to [dark_orange]predictions_df[/dark_orange] (MemoryDataset)...
2026-01-16 15:25:03,800 - kedro.runner.sequential_runner - INFO - Completed node: infer.batch_inference
2026-01-16 15:25:03,806 - kedro.runner.sequential_runner - INFO - Completed 9 out of 12 tasks
2026-01-16 15:25:03,807 - kedro.io.data_catalog - INFO - Loading data from [dark_orange]best_model[/dark_orange] (PickleDataset)...
2026-01-16 15:25:03,840 - kedro.io.data_catalog - INFO - Loading data from [dark_orange]params:model_params[/dark_orange] (MemoryDataset)...
2026-01-16 15:25:03,850 - kedro.io.data_catalog - INFO - Loading data from [dark_orange]best_auc[/dark_orange] (MemoryDataset)...
2026-01-16 15:25:03,853 - kedro.pipeline.node - INFO - Running node: train.log_mlflow: log_model_mlflow([best_model;params:model_params;best_auc]) -> None
2026-01-16 15:25:20,976 - kedro.runner.sequential_runner - INFO - Completed node: train.log_mlflow
2026-01-16 15:25:20,980 - kedro.runner.sequential_runner - INFO - Completed 10 out of 12 tasks
2026-01-16 15:25:20,984 - kedro.io.data_catalog - INFO - Loading data from [dark_orange]predictions_df[/dark_orange] (MemoryDataset)...
2026-01-16 15:25:20,990 - kedro.io.data_catalog - INFO - Loading data from [dark_orange]params:threshold[/dark_orange] (MemoryDataset)...
2026-01-16 15:25:20,993 - kedro.pipeline.node - INFO - Running node: infer.flag_high_risk: flag_high_risk([predictions_df;params:threshold]) -> [high_risk_df]
2026-01-16 15:25:20,999 - kedro.io.data_catalog - INFO - Saving data to [dark_orange]high_risk_df[/dark_orange] (MemoryDataset)...
2026-01-16 15:25:21,008 - kedro.runner.sequential_runner - INFO - Completed node: infer.flag_high_risk
2026-01-16 15:25:21,010 - kedro.runner.sequential_runner - INFO - Completed 11 out of 12 tasks
2026-01-16 15:25:21,016 - kedro.io.data_catalog - INFO - Loading data from [dark_orange]high_risk_df[/dark_orange] (MemoryDataset)...
2026-01-16 15:25:21,020 - kedro.pipeline.node - INFO - Running node: post.write_high_risk: write_high_risk_to_csv([high_risk_df]) -> [high_risk_customers]
2026-01-16 15:25:21,045 - kedro.pipeline.node - ERROR - Node post.write_high_risk: write_high_risk_to_csv([high_risk_df]) -> [high_risk_customers] failed with error: 
Cannot save file into a non-existent directory: 'data\05_reporting'
2026-01-16 15:25:21,054 - kedro.runner.sequential_runner - WARNING - There are 1 nodes that have not run.
You can resume the pipeline run from the nearest nodes with persisted inputs by adding the following argument to your previous command:
  --from-nodes "pre.split_features_target"
2026-01-16 15:26:36,915 - kedro.framework.project - INFO - Using 'conf\logging.yml' as logging configuration. You can change this by setting the KEDRO_LOGGING_CONFIG environment variable accordingly.
2026-01-16 15:26:37,775 - kedro.framework.session.session - INFO - Kedro project banking-customer-churn-prediction
2026-01-16 15:26:41,087 - kedro_telemetry.plugin - INFO - Kedro is sending anonymous usage data with the sole purpose of improving the product. No personal data or IP addresses are stored on our side. To opt out, set the `KEDRO_DISABLE_TELEMETRY` or `DO_NOT_TRACK` environment variables, or create a `.telemetry` file in the current working directory with the contents `consent: false`. To hide this message, explicitly grant or deny consent. Read more at https://docs.kedro.org/en/stable/configuration/telemetry.html
2026-01-16 15:26:43,487 - py.warnings - WARNING - c:\Users\BIGSAM TECH\Desktop\ML Churn Modelling\.venv\lib\site-packages\google\api_core\_python_version_support.py:266: FutureWarning: You are using a Python version (3.10.11) which Google will stop supporting in new releases of google.api_core once it reaches its end of life (2026-10-04). Please upgrade to the latest Python version, or at least Python 3.11, to continue receiving updates for google.api_core past that date.
  warnings.warn(message, FutureWarning)

2026-01-16 15:26:43,989 - kedro.runner.sequential_runner - INFO - Using synchronous mode for loading and saving data. Use the --async flag for potential performance gains. https://docs.kedro.org/en/stable/nodes_and_pipelines/run_a_pipeline.html#load-and-save-asynchronously
2026-01-16 15:26:43,989 - kedro.io.data_catalog - INFO - Loading data from [dark_orange]raw_churn[/dark_orange] (CSVDataset)...
2026-01-16 15:26:44,035 - kedro.pipeline.node - INFO - Running node: etl.extract_raw: extract_raw([raw_churn]) -> [raw_df]
2026-01-16 15:26:44,038 - kedro.io.data_catalog - INFO - Saving data to [dark_orange]raw_df[/dark_orange] (MemoryDataset)...
2026-01-16 15:26:44,041 - kedro.runner.sequential_runner - INFO - Completed node: etl.extract_raw
2026-01-16 15:26:44,047 - kedro.runner.sequential_runner - INFO - Completed 1 out of 12 tasks
2026-01-16 15:26:44,049 - kedro.io.data_catalog - INFO - Loading data from [dark_orange]params:numeric_cols[/dark_orange] (MemoryDataset)...
2026-01-16 15:26:44,055 - kedro.io.data_catalog - INFO - Loading data from [dark_orange]params:categorical_cols[/dark_orange] (MemoryDataset)...
2026-01-16 15:26:44,060 - kedro.pipeline.node - INFO - Running node: pre.build_preprocessor: build_preprocessor([params:numeric_cols;params:categorical_cols]) -> [preprocessor]
2026-01-16 15:26:44,063 - kedro.io.data_catalog - INFO - Saving data to [dark_orange]preprocessor[/dark_orange] (PickleDataset)...
2026-01-16 15:26:44,069 - kedro.runner.sequential_runner - INFO - Completed node: pre.build_preprocessor
2026-01-16 15:26:44,073 - kedro.runner.sequential_runner - INFO - Completed 2 out of 12 tasks
2026-01-16 15:26:44,076 - kedro.io.data_catalog - INFO - Loading data from [dark_orange]raw_df[/dark_orange] (MemoryDataset)...
2026-01-16 15:26:44,082 - kedro.pipeline.node - INFO - Running node: etl.basic_merge_and_clean: basic_merge_and_clean([raw_df]) -> [cleaned_customers]
2026-01-16 15:26:44,097 - kedro.io.data_catalog - INFO - Saving data to [dark_orange]cleaned_customers[/dark_orange] (ParquetDataset)...
2026-01-16 15:26:44,130 - kedro.runner.sequential_runner - INFO - Completed node: etl.basic_merge_and_clean
2026-01-16 15:26:44,134 - kedro.runner.sequential_runner - INFO - Completed 3 out of 12 tasks
2026-01-16 15:26:44,138 - kedro.io.data_catalog - INFO - Loading data from [dark_orange]cleaned_customers[/dark_orange] (ParquetDataset)...
2026-01-16 15:26:44,174 - kedro.pipeline.node - INFO - Running node: feats.create_features: create_features([cleaned_customers]) -> [features_df]
2026-01-16 15:26:44,182 - kedro.io.data_catalog - INFO - Saving data to [dark_orange]features_df[/dark_orange] (MemoryDataset)...
2026-01-16 15:26:44,189 - kedro.runner.sequential_runner - INFO - Completed node: feats.create_features
2026-01-16 15:26:44,189 - kedro.runner.sequential_runner - INFO - Completed 4 out of 12 tasks
2026-01-16 15:26:44,195 - kedro.io.data_catalog - INFO - Loading data from [dark_orange]cleaned_customers[/dark_orange] (ParquetDataset)...
2026-01-16 15:26:44,206 - kedro.io.data_catalog - INFO - Loading data from [dark_orange]params:target[/dark_orange] (MemoryDataset)...
2026-01-16 15:26:44,210 - kedro.pipeline.node - INFO - Running node: pre.split_features_target: split_features_target([cleaned_customers;params:target]) -> [X_raw;y_raw]
2026-01-16 15:26:44,215 - kedro.io.data_catalog - INFO - Saving data to [dark_orange]X_raw[/dark_orange] (MemoryDataset)...
2026-01-16 15:26:44,225 - kedro.io.data_catalog - INFO - Saving data to [dark_orange]y_raw[/dark_orange] (MemoryDataset)...
2026-01-16 15:26:44,231 - kedro.runner.sequential_runner - INFO - Completed node: pre.split_features_target
2026-01-16 15:26:44,237 - kedro.runner.sequential_runner - INFO - Completed 5 out of 12 tasks
2026-01-16 15:26:44,240 - kedro.io.data_catalog - INFO - Loading data from [dark_orange]features_df[/dark_orange] (MemoryDataset)...
2026-01-16 15:26:44,240 - kedro.pipeline.node - INFO - Running node: feats.to_catalog: <lambda>([features_df]) -> [features]
2026-01-16 15:26:44,248 - kedro.io.data_catalog - INFO - Saving data to [dark_orange]features[/dark_orange] (ParquetDataset)...
2026-01-16 15:26:44,264 - kedro.runner.sequential_runner - INFO - Completed node: feats.to_catalog
2026-01-16 15:26:44,278 - kedro.runner.sequential_runner - INFO - Completed 6 out of 12 tasks
2026-01-16 15:26:44,282 - kedro.io.data_catalog - INFO - Loading data from [dark_orange]preprocessor[/dark_orange] (PickleDataset)...
2026-01-16 15:26:44,289 - kedro.io.data_catalog - INFO - Loading data from [dark_orange]X_raw[/dark_orange] (MemoryDataset)...
2026-01-16 15:26:44,292 - kedro.pipeline.node - INFO - Running node: pre.fit_transform_preprocessor: fit_transform_preprocessor([preprocessor;X_raw]) -> [features_array;preprocessor_fitted]
2026-01-16 15:26:44,331 - kedro.io.data_catalog - INFO - Saving data to [dark_orange]features_array[/dark_orange] (MemoryDataset)...
2026-01-16 15:26:44,337 - kedro.io.data_catalog - INFO - Saving data to [dark_orange]preprocessor_fitted[/dark_orange] (PickleDataset)...
2026-01-16 15:26:44,341 - kedro.runner.sequential_runner - INFO - Completed node: pre.fit_transform_preprocessor
2026-01-16 15:26:44,343 - kedro.runner.sequential_runner - INFO - Completed 7 out of 12 tasks
2026-01-16 15:26:44,352 - kedro.io.data_catalog - INFO - Loading data from [dark_orange]features_array[/dark_orange] (MemoryDataset)...
2026-01-16 15:26:44,354 - kedro.io.data_catalog - INFO - Loading data from [dark_orange]y_raw[/dark_orange] (MemoryDataset)...
2026-01-16 15:26:44,360 - kedro.io.data_catalog - INFO - Loading data from [dark_orange]params:model_params[/dark_orange] (MemoryDataset)...
2026-01-16 15:26:44,364 - kedro.pipeline.node - INFO - Running node: train.train_and_compare: train_and_compare([features_array;y_raw;params:model_params]) -> [training_results;best_model_key;best_model;best_auc]
2026-01-16 15:26:46,865 - kedro.io.data_catalog - INFO - Saving data to [dark_orange]training_results[/dark_orange] (MemoryDataset)...
2026-01-16 15:26:46,865 - kedro.io.data_catalog - INFO - Saving data to [dark_orange]best_model_key[/dark_orange] (MemoryDataset)...
2026-01-16 15:26:46,884 - kedro.io.data_catalog - INFO - Saving data to [dark_orange]best_model[/dark_orange] (PickleDataset)...
2026-01-16 15:26:46,932 - kedro.io.data_catalog - INFO - Saving data to [dark_orange]best_auc[/dark_orange] (MemoryDataset)...
2026-01-16 15:26:46,947 - kedro.runner.sequential_runner - INFO - Completed node: train.train_and_compare
2026-01-16 15:26:46,947 - kedro.runner.sequential_runner - INFO - Completed 8 out of 12 tasks
2026-01-16 15:26:46,958 - kedro.io.data_catalog - INFO - Loading data from [dark_orange]best_model[/dark_orange] (PickleDataset)...
2026-01-16 15:26:47,011 - kedro.io.data_catalog - INFO - Loading data from [dark_orange]features_array[/dark_orange] (MemoryDataset)...
2026-01-16 15:26:47,016 - kedro.pipeline.node - INFO - Running node: infer.batch_inference: batch_inference([best_model;features_array]) -> [predictions_df]
2026-01-16 15:26:47,258 - kedro.io.data_catalog - INFO - Saving data to [dark_orange]predictions_df[/dark_orange] (MemoryDataset)...
2026-01-16 15:26:47,266 - kedro.runner.sequential_runner - INFO - Completed node: infer.batch_inference
2026-01-16 15:26:47,270 - kedro.runner.sequential_runner - INFO - Completed 9 out of 12 tasks
2026-01-16 15:26:47,274 - kedro.io.data_catalog - INFO - Loading data from [dark_orange]best_model[/dark_orange] (PickleDataset)...
2026-01-16 15:26:47,297 - kedro.io.data_catalog - INFO - Loading data from [dark_orange]params:model_params[/dark_orange] (MemoryDataset)...
2026-01-16 15:26:47,312 - kedro.io.data_catalog - INFO - Loading data from [dark_orange]best_auc[/dark_orange] (MemoryDataset)...
2026-01-16 15:26:47,318 - kedro.pipeline.node - INFO - Running node: train.log_mlflow: log_model_mlflow([best_model;params:model_params;best_auc]) -> None
2026-01-16 15:26:54,893 - kedro.runner.sequential_runner - INFO - Completed node: train.log_mlflow
2026-01-16 15:26:54,897 - kedro.runner.sequential_runner - INFO - Completed 10 out of 12 tasks
2026-01-16 15:26:54,902 - kedro.io.data_catalog - INFO - Loading data from [dark_orange]predictions_df[/dark_orange] (MemoryDataset)...
2026-01-16 15:26:54,911 - kedro.io.data_catalog - INFO - Loading data from [dark_orange]params:threshold[/dark_orange] (MemoryDataset)...
2026-01-16 15:26:54,919 - kedro.pipeline.node - INFO - Running node: infer.flag_high_risk: flag_high_risk([predictions_df;params:threshold]) -> [high_risk_df]
2026-01-16 15:26:54,929 - kedro.io.data_catalog - INFO - Saving data to [dark_orange]high_risk_df[/dark_orange] (MemoryDataset)...
2026-01-16 15:26:54,939 - kedro.runner.sequential_runner - INFO - Completed node: infer.flag_high_risk
2026-01-16 15:26:54,939 - kedro.runner.sequential_runner - INFO - Completed 11 out of 12 tasks
2026-01-16 15:26:54,954 - kedro.io.data_catalog - INFO - Loading data from [dark_orange]high_risk_df[/dark_orange] (MemoryDataset)...
2026-01-16 15:26:54,962 - kedro.pipeline.node - INFO - Running node: post.write_high_risk: write_high_risk_to_csv([high_risk_df]) -> [high_risk_customers]
2026-01-16 15:26:54,971 - kedro.io.data_catalog - INFO - Saving data to [dark_orange]high_risk_customers[/dark_orange] (CSVDataset)...
2026-01-16 15:26:55,078 - kedro.runner.sequential_runner - INFO - Completed node: post.write_high_risk
2026-01-16 15:26:55,085 - kedro.runner.sequential_runner - INFO - Completed 12 out of 12 tasks
2026-01-16 15:26:55,091 - kedro.runner.sequential_runner - INFO - Pipeline execution completed successfully in 11.1 sec.
2026-01-16 15:42:46,638 - kedro.framework.project - INFO - Using 'conf\logging.yml' as logging configuration. You can change this by setting the KEDRO_LOGGING_CONFIG environment variable accordingly.
2026-01-16 15:42:47,671 - kedro.framework.session.session - INFO - Kedro project banking-customer-churn-prediction
2026-01-16 15:42:50,967 - kedro_telemetry.plugin - INFO - Kedro is sending anonymous usage data with the sole purpose of improving the product. No personal data or IP addresses are stored on our side. To opt out, set the `KEDRO_DISABLE_TELEMETRY` or `DO_NOT_TRACK` environment variables, or create a `.telemetry` file in the current working directory with the contents `consent: false`. To hide this message, explicitly grant or deny consent. Read more at https://docs.kedro.org/en/stable/configuration/telemetry.html
2026-01-16 15:42:53,784 - py.warnings - WARNING - c:\Users\BIGSAM TECH\Desktop\ML Churn Modelling\.venv\lib\site-packages\google\api_core\_python_version_support.py:266: FutureWarning: You are using a Python version (3.10.11) which Google will stop supporting in new releases of google.api_core once it reaches its end of life (2026-10-04). Please upgrade to the latest Python version, or at least Python 3.11, to continue receiving updates for google.api_core past that date.
  warnings.warn(message, FutureWarning)

2026-01-16 15:42:54,357 - kedro.runner.sequential_runner - INFO - Using synchronous mode for loading and saving data. Use the --async flag for potential performance gains. https://docs.kedro.org/en/stable/nodes_and_pipelines/run_a_pipeline.html#load-and-save-asynchronously
2026-01-16 15:42:54,364 - kedro.io.data_catalog - INFO - Loading data from [dark_orange]raw_churn[/dark_orange] (CSVDataset)...
2026-01-16 15:42:54,402 - kedro.pipeline.node - INFO - Running node: etl.extract_raw: extract_raw([raw_churn]) -> [raw_df]
2026-01-16 15:42:54,404 - kedro.io.data_catalog - INFO - Saving data to [dark_orange]raw_df[/dark_orange] (MemoryDataset)...
2026-01-16 15:42:54,412 - kedro.runner.sequential_runner - INFO - Completed node: etl.extract_raw
2026-01-16 15:42:54,417 - kedro.runner.sequential_runner - INFO - Completed 1 out of 12 tasks
2026-01-16 15:42:54,420 - kedro.io.data_catalog - INFO - Loading data from [dark_orange]params:numeric_cols[/dark_orange] (MemoryDataset)...
2026-01-16 15:42:54,425 - kedro.io.data_catalog - INFO - Loading data from [dark_orange]params:categorical_cols[/dark_orange] (MemoryDataset)...
2026-01-16 15:42:54,432 - kedro.pipeline.node - INFO - Running node: pre.build_preprocessor: build_preprocessor([params:numeric_cols;params:categorical_cols]) -> [preprocessor]
2026-01-16 15:42:54,435 - kedro.io.data_catalog - INFO - Saving data to [dark_orange]preprocessor[/dark_orange] (PickleDataset)...
2026-01-16 15:42:54,440 - kedro.runner.sequential_runner - INFO - Completed node: pre.build_preprocessor
2026-01-16 15:42:54,444 - kedro.runner.sequential_runner - INFO - Completed 2 out of 12 tasks
2026-01-16 15:42:54,451 - kedro.io.data_catalog - INFO - Loading data from [dark_orange]raw_df[/dark_orange] (MemoryDataset)...
2026-01-16 15:42:54,456 - kedro.pipeline.node - INFO - Running node: etl.basic_merge_and_clean: basic_merge_and_clean([raw_df]) -> [cleaned_customers]
2026-01-16 15:42:54,468 - kedro.io.data_catalog - INFO - Saving data to [dark_orange]cleaned_customers[/dark_orange] (ParquetDataset)...
2026-01-16 15:42:54,502 - kedro.runner.sequential_runner - INFO - Completed node: etl.basic_merge_and_clean
2026-01-16 15:42:54,506 - kedro.runner.sequential_runner - INFO - Completed 3 out of 12 tasks
2026-01-16 15:42:54,510 - kedro.io.data_catalog - INFO - Loading data from [dark_orange]cleaned_customers[/dark_orange] (ParquetDataset)...
2026-01-16 15:42:54,551 - kedro.pipeline.node - INFO - Running node: feats.create_features: create_features([cleaned_customers]) -> [features_df]
2026-01-16 15:42:54,553 - kedro.io.data_catalog - INFO - Saving data to [dark_orange]features_df[/dark_orange] (MemoryDataset)...
2026-01-16 15:42:54,565 - kedro.runner.sequential_runner - INFO - Completed node: feats.create_features
2026-01-16 15:42:54,569 - kedro.runner.sequential_runner - INFO - Completed 4 out of 12 tasks
2026-01-16 15:42:54,569 - kedro.io.data_catalog - INFO - Loading data from [dark_orange]cleaned_customers[/dark_orange] (ParquetDataset)...
2026-01-16 15:42:54,584 - kedro.io.data_catalog - INFO - Loading data from [dark_orange]params:target[/dark_orange] (MemoryDataset)...
2026-01-16 15:42:54,588 - kedro.pipeline.node - INFO - Running node: pre.split_features_target: split_features_target([cleaned_customers;params:target]) -> [X_raw;y_raw]
2026-01-16 15:42:54,593 - kedro.io.data_catalog - INFO - Saving data to [dark_orange]X_raw[/dark_orange] (MemoryDataset)...
2026-01-16 15:42:54,600 - kedro.io.data_catalog - INFO - Saving data to [dark_orange]y_raw[/dark_orange] (MemoryDataset)...
2026-01-16 15:42:54,605 - kedro.runner.sequential_runner - INFO - Completed node: pre.split_features_target
2026-01-16 15:42:54,605 - kedro.runner.sequential_runner - INFO - Completed 5 out of 12 tasks
2026-01-16 15:42:54,611 - kedro.io.data_catalog - INFO - Loading data from [dark_orange]features_df[/dark_orange] (MemoryDataset)...
2026-01-16 15:42:54,618 - kedro.pipeline.node - INFO - Running node: feats.to_catalog: <lambda>([features_df]) -> [features]
2026-01-16 15:42:54,622 - kedro.io.data_catalog - INFO - Saving data to [dark_orange]features[/dark_orange] (ParquetDataset)...
2026-01-16 15:42:54,650 - kedro.runner.sequential_runner - INFO - Completed node: feats.to_catalog
2026-01-16 15:42:54,653 - kedro.runner.sequential_runner - INFO - Completed 6 out of 12 tasks
2026-01-16 15:42:54,656 - kedro.io.data_catalog - INFO - Loading data from [dark_orange]preprocessor[/dark_orange] (PickleDataset)...
2026-01-16 15:42:54,660 - kedro.io.data_catalog - INFO - Loading data from [dark_orange]X_raw[/dark_orange] (MemoryDataset)...
2026-01-16 15:42:54,667 - kedro.pipeline.node - INFO - Running node: pre.fit_transform_preprocessor: fit_transform_preprocessor([preprocessor;X_raw]) -> [features_array;preprocessor_fitted]
2026-01-16 15:42:54,699 - kedro.io.data_catalog - INFO - Saving data to [dark_orange]features_array[/dark_orange] (MemoryDataset)...
2026-01-16 15:42:54,711 - kedro.io.data_catalog - INFO - Saving data to [dark_orange]preprocessor_fitted[/dark_orange] (PickleDataset)...
2026-01-16 15:42:54,717 - kedro.runner.sequential_runner - INFO - Completed node: pre.fit_transform_preprocessor
2026-01-16 15:42:54,719 - kedro.runner.sequential_runner - INFO - Completed 7 out of 12 tasks
2026-01-16 15:42:54,724 - kedro.io.data_catalog - INFO - Loading data from [dark_orange]features_array[/dark_orange] (MemoryDataset)...
2026-01-16 15:42:54,730 - kedro.io.data_catalog - INFO - Loading data from [dark_orange]y_raw[/dark_orange] (MemoryDataset)...
2026-01-16 15:42:54,736 - kedro.io.data_catalog - INFO - Loading data from [dark_orange]params:model_params[/dark_orange] (MemoryDataset)...
2026-01-16 15:42:54,740 - kedro.pipeline.node - INFO - Running node: train.train_and_compare: train_and_compare([features_array;y_raw;params:model_params]) -> [training_results;best_model_key;best_model;best_auc]
2026-01-16 15:42:57,262 - kedro.io.data_catalog - INFO - Saving data to [dark_orange]training_results[/dark_orange] (PickleDataset)...
2026-01-16 15:42:57,276 - kedro.io.data_catalog - INFO - Saving data to [dark_orange]best_model_key[/dark_orange] (MemoryDataset)...
2026-01-16 15:42:57,281 - kedro.io.data_catalog - INFO - Saving data to [dark_orange]best_model[/dark_orange] (PickleDataset)...
2026-01-16 15:42:57,330 - kedro.io.data_catalog - INFO - Saving data to [dark_orange]best_auc[/dark_orange] (MemoryDataset)...
2026-01-16 15:42:57,345 - kedro.runner.sequential_runner - INFO - Completed node: train.train_and_compare
2026-01-16 15:42:57,345 - kedro.runner.sequential_runner - INFO - Completed 8 out of 12 tasks
2026-01-16 15:42:57,359 - kedro.io.data_catalog - INFO - Loading data from [dark_orange]best_model[/dark_orange] (PickleDataset)...
2026-01-16 15:42:57,412 - kedro.io.data_catalog - INFO - Loading data from [dark_orange]features_array[/dark_orange] (MemoryDataset)...
2026-01-16 15:42:57,419 - kedro.pipeline.node - INFO - Running node: infer.batch_inference: batch_inference([best_model;features_array]) -> [predictions_df]
2026-01-16 15:42:57,639 - kedro.io.data_catalog - INFO - Saving data to [dark_orange]predictions_df[/dark_orange] (MemoryDataset)...
2026-01-16 15:42:57,662 - kedro.runner.sequential_runner - INFO - Completed node: infer.batch_inference
2026-01-16 15:42:57,665 - kedro.runner.sequential_runner - INFO - Completed 9 out of 12 tasks
2026-01-16 15:42:57,669 - kedro.io.data_catalog - INFO - Loading data from [dark_orange]best_model[/dark_orange] (PickleDataset)...
2026-01-16 15:42:57,702 - kedro.io.data_catalog - INFO - Loading data from [dark_orange]params:model_params[/dark_orange] (MemoryDataset)...
2026-01-16 15:42:57,709 - kedro.io.data_catalog - INFO - Loading data from [dark_orange]best_auc[/dark_orange] (MemoryDataset)...
2026-01-16 15:42:57,715 - kedro.pipeline.node - INFO - Running node: train.log_mlflow: log_model_mlflow([best_model;params:model_params;best_auc]) -> None
2026-01-16 15:43:05,974 - kedro.runner.sequential_runner - INFO - Completed node: train.log_mlflow
2026-01-16 15:43:05,977 - kedro.runner.sequential_runner - INFO - Completed 10 out of 12 tasks
2026-01-16 15:43:05,981 - kedro.io.data_catalog - INFO - Loading data from [dark_orange]predictions_df[/dark_orange] (MemoryDataset)...
2026-01-16 15:43:05,986 - kedro.io.data_catalog - INFO - Loading data from [dark_orange]params:threshold[/dark_orange] (MemoryDataset)...
2026-01-16 15:43:05,987 - kedro.pipeline.node - INFO - Running node: infer.flag_high_risk: flag_high_risk([predictions_df;params:threshold]) -> [high_risk_df]
2026-01-16 15:43:05,996 - kedro.io.data_catalog - INFO - Saving data to [dark_orange]high_risk_df[/dark_orange] (MemoryDataset)...
2026-01-16 15:43:05,999 - kedro.runner.sequential_runner - INFO - Completed node: infer.flag_high_risk
2026-01-16 15:43:06,004 - kedro.runner.sequential_runner - INFO - Completed 11 out of 12 tasks
2026-01-16 15:43:06,007 - kedro.io.data_catalog - INFO - Loading data from [dark_orange]high_risk_df[/dark_orange] (MemoryDataset)...
2026-01-16 15:43:06,014 - kedro.pipeline.node - INFO - Running node: post.write_high_risk: write_high_risk_to_csv([high_risk_df]) -> [high_risk_customers]
2026-01-16 15:43:06,019 - kedro.io.data_catalog - INFO - Saving data to [dark_orange]high_risk_customers[/dark_orange] (CSVDataset)...
2026-01-16 15:43:06,074 - kedro.runner.sequential_runner - INFO - Completed node: post.write_high_risk
2026-01-16 15:43:06,078 - kedro.runner.sequential_runner - INFO - Completed 12 out of 12 tasks
2026-01-16 15:43:06,081 - kedro.runner.sequential_runner - INFO - Pipeline execution completed successfully in 11.7 sec.
2026-01-24 23:08:47,459 - kedro.framework.project - INFO - Using 'conf\logging.yml' as logging configuration. You can change this by setting the KEDRO_LOGGING_CONFIG environment variable accordingly.
2026-01-24 23:08:59,883 - kedro_telemetry.plugin - INFO - Kedro is sending anonymous usage data with the sole purpose of improving the product. No personal data or IP addresses are stored on our side. To opt out, set the `KEDRO_DISABLE_TELEMETRY` or `DO_NOT_TRACK` environment variables, or create a `.telemetry` file in the current working directory with the contents `consent: false`. To hide this message, explicitly grant or deny consent. Read more at https://docs.kedro.org/en/stable/configuration/telemetry.html
2026-01-24 23:09:09,814 - kedro.framework.session.session - INFO - Kedro project banking-customer-churn-prediction
2026-01-24 23:09:09,916 - kedro_telemetry.plugin - INFO - Kedro is sending anonymous usage data with the sole purpose of improving the product. No personal data or IP addresses are stored on our side. To opt out, set the `KEDRO_DISABLE_TELEMETRY` or `DO_NOT_TRACK` environment variables, or create a `.telemetry` file in the current working directory with the contents `consent: false`. To hide this message, explicitly grant or deny consent. Read more at https://docs.kedro.org/en/stable/configuration/telemetry.html
2026-01-26 10:35:39,959 - kedro.framework.project - INFO - Using 'conf\logging.yml' as logging configuration. You can change this by setting the KEDRO_LOGGING_CONFIG environment variable accordingly.
2026-01-26 10:36:10,346 - kedro_telemetry.plugin - INFO - Kedro is sending anonymous usage data with the sole purpose of improving the product. No personal data or IP addresses are stored on our side. To opt out, set the `KEDRO_DISABLE_TELEMETRY` or `DO_NOT_TRACK` environment variables, or create a `.telemetry` file in the current working directory with the contents `consent: false`. To hide this message, explicitly grant or deny consent. Read more at https://docs.kedro.org/en/stable/configuration/telemetry.html
2026-01-26 10:36:24,585 - kedro.framework.session.session - INFO - Kedro project banking-customer-churn-prediction
2026-01-26 10:36:24,729 - kedro_telemetry.plugin - INFO - Kedro is sending anonymous usage data with the sole purpose of improving the product. No personal data or IP addresses are stored on our side. To opt out, set the `KEDRO_DISABLE_TELEMETRY` or `DO_NOT_TRACK` environment variables, or create a `.telemetry` file in the current working directory with the contents `consent: false`. To hide this message, explicitly grant or deny consent. Read more at https://docs.kedro.org/en/stable/configuration/telemetry.html
2026-01-26 10:40:58,192 - kedro.framework.project - INFO - Using 'conf\logging.yml' as logging configuration. You can change this by setting the KEDRO_LOGGING_CONFIG environment variable accordingly.
2026-01-26 10:41:02,242 - kedro_telemetry.plugin - INFO - Kedro is sending anonymous usage data with the sole purpose of improving the product. No personal data or IP addresses are stored on our side. To opt out, set the `KEDRO_DISABLE_TELEMETRY` or `DO_NOT_TRACK` environment variables, or create a `.telemetry` file in the current working directory with the contents `consent: false`. To hide this message, explicitly grant or deny consent. Read more at https://docs.kedro.org/en/stable/configuration/telemetry.html
2026-01-26 10:41:05,137 - kedro.framework.session.session - INFO - Kedro project banking-customer-churn-prediction
2026-01-26 10:41:05,242 - kedro_telemetry.plugin - INFO - Kedro is sending anonymous usage data with the sole purpose of improving the product. No personal data or IP addresses are stored on our side. To opt out, set the `KEDRO_DISABLE_TELEMETRY` or `DO_NOT_TRACK` environment variables, or create a `.telemetry` file in the current working directory with the contents `consent: false`. To hide this message, explicitly grant or deny consent. Read more at https://docs.kedro.org/en/stable/configuration/telemetry.html
2026-01-26 10:41:06,836 - kedro.runner.sequential_runner - INFO - Using synchronous mode for loading and saving data. Use the --async flag for potential performance gains. https://docs.kedro.org/en/stable/nodes_and_pipelines/run_a_pipeline.html#load-and-save-asynchronously
2026-01-26 10:41:06,840 - kedro.io.data_catalog - INFO - Loading data from [dark_orange]features_array[/dark_orange] (PickleDataset)...
2026-01-26 10:41:06,845 - kedro.runner.sequential_runner - WARNING - No nodes ran. Repeat the previous command to attempt a new run.
2026-01-26 11:07:49,936 - kedro.framework.project - INFO - Using 'conf\logging.yml' as logging configuration. You can change this by setting the KEDRO_LOGGING_CONFIG environment variable accordingly.
2026-01-26 11:07:56,695 - kedro_telemetry.plugin - INFO - Kedro is sending anonymous usage data with the sole purpose of improving the product. No personal data or IP addresses are stored on our side. To opt out, set the `KEDRO_DISABLE_TELEMETRY` or `DO_NOT_TRACK` environment variables, or create a `.telemetry` file in the current working directory with the contents `consent: false`. To hide this message, explicitly grant or deny consent. Read more at https://docs.kedro.org/en/stable/configuration/telemetry.html
2026-01-26 11:08:02,832 - kedro.framework.session.session - INFO - Kedro project banking-customer-churn-prediction
2026-01-26 11:08:03,031 - kedro_telemetry.plugin - INFO - Kedro is sending anonymous usage data with the sole purpose of improving the product. No personal data or IP addresses are stored on our side. To opt out, set the `KEDRO_DISABLE_TELEMETRY` or `DO_NOT_TRACK` environment variables, or create a `.telemetry` file in the current working directory with the contents `consent: false`. To hide this message, explicitly grant or deny consent. Read more at https://docs.kedro.org/en/stable/configuration/telemetry.html
2026-01-26 11:08:04,428 - kedro.runner.sequential_runner - INFO - Using synchronous mode for loading and saving data. Use the --async flag for potential performance gains. https://docs.kedro.org/en/stable/nodes_and_pipelines/run_a_pipeline.html#load-and-save-asynchronously
2026-01-26 11:08:04,437 - kedro.io.data_catalog - INFO - Loading data from [dark_orange]features_array[/dark_orange] (MemoryDataset)...
2026-01-26 11:08:04,437 - kedro.runner.sequential_runner - WARNING - No nodes ran. Repeat the previous command to attempt a new run.
2026-01-27 22:23:10,627 - kedro.framework.project - INFO - Using 'conf\logging.yml' as logging configuration. You can change this by setting the KEDRO_LOGGING_CONFIG environment variable accordingly.
2026-01-27 22:26:50,905 - kedro.framework.project - INFO - Using 'conf\logging.yml' as logging configuration. You can change this by setting the KEDRO_LOGGING_CONFIG environment variable accordingly.
2026-01-27 22:28:44,549 - kedro.framework.project - INFO - Using 'conf\logging.yml' as logging configuration. You can change this by setting the KEDRO_LOGGING_CONFIG environment variable accordingly.
2026-01-27 22:31:10,371 - kedro.framework.project - INFO - Using 'conf\logging.yml' as logging configuration. You can change this by setting the KEDRO_LOGGING_CONFIG environment variable accordingly.
2026-01-27 22:38:06,210 - kedro.framework.project - INFO - Using 'conf\logging.yml' as logging configuration. You can change this by setting the KEDRO_LOGGING_CONFIG environment variable accordingly.
2026-01-27 22:38:14,194 - kedro.framework.session.session - INFO - Kedro project banking-customer-churn-prediction
2026-01-27 22:38:14,941 - kedro_telemetry.plugin - INFO - Kedro is sending anonymous usage data with the sole purpose of improving the product. No personal data or IP addresses are stored on our side. To opt out, set the `KEDRO_DISABLE_TELEMETRY` or `DO_NOT_TRACK` environment variables, or create a `.telemetry` file in the current working directory with the contents `consent: false`. To hide this message, explicitly grant or deny consent. Read more at https://docs.kedro.org/en/stable/configuration/telemetry.html
2026-01-28 08:06:51,731 - kedro.framework.project - INFO - Using 'conf\logging.yml' as logging configuration. You can change this by setting the KEDRO_LOGGING_CONFIG environment variable accordingly.
2026-01-28 08:07:08,984 - kedro.framework.session.session - INFO - Kedro project banking-customer-churn-prediction
2026-01-28 08:07:09,560 - kedro_telemetry.plugin - INFO - Kedro is sending anonymous usage data with the sole purpose of improving the product. No personal data or IP addresses are stored on our side. To opt out, set the `KEDRO_DISABLE_TELEMETRY` or `DO_NOT_TRACK` environment variables, or create a `.telemetry` file in the current working directory with the contents `consent: false`. To hide this message, explicitly grant or deny consent. Read more at https://docs.kedro.org/en/stable/configuration/telemetry.html
2026-01-28 08:13:15,598 - kedro.framework.project - INFO - Using 'conf\logging.yml' as logging configuration. You can change this by setting the KEDRO_LOGGING_CONFIG environment variable accordingly.
2026-01-28 08:13:22,502 - kedro.framework.session.session - INFO - Kedro project banking-customer-churn-prediction
2026-01-28 08:13:22,897 - kedro_telemetry.plugin - INFO - Kedro is sending anonymous usage data with the sole purpose of improving the product. No personal data or IP addresses are stored on our side. To opt out, set the `KEDRO_DISABLE_TELEMETRY` or `DO_NOT_TRACK` environment variables, or create a `.telemetry` file in the current working directory with the contents `consent: false`. To hide this message, explicitly grant or deny consent. Read more at https://docs.kedro.org/en/stable/configuration/telemetry.html
2026-01-28 08:13:31,676 - py.warnings - WARNING - c:\Users\BIGSAM TECH\Desktop\ML Churn Modelling\.venv\lib\site-packages\google\api_core\_python_version_support.py:266: FutureWarning: You are using a Python version (3.10.11) which Google will stop supporting in new releases of google.api_core once it reaches its end of life (2026-10-04). Please upgrade to the latest Python version, or at least Python 3.11, to continue receiving updates for google.api_core past that date.
  warnings.warn(message, FutureWarning)

2026-01-28 08:19:14,318 - kedro.framework.project - INFO - Using 'conf\logging.yml' as logging configuration. You can change this by setting the KEDRO_LOGGING_CONFIG environment variable accordingly.
2026-01-28 08:19:23,458 - kedro.framework.session.session - INFO - Kedro project banking-customer-churn-prediction
2026-01-28 08:19:23,859 - kedro_telemetry.plugin - INFO - Kedro is sending anonymous usage data with the sole purpose of improving the product. No personal data or IP addresses are stored on our side. To opt out, set the `KEDRO_DISABLE_TELEMETRY` or `DO_NOT_TRACK` environment variables, or create a `.telemetry` file in the current working directory with the contents `consent: false`. To hide this message, explicitly grant or deny consent. Read more at https://docs.kedro.org/en/stable/configuration/telemetry.html
2026-01-28 08:19:26,028 - py.warnings - WARNING - c:\Users\BIGSAM TECH\Desktop\ML Churn Modelling\.venv\lib\site-packages\google\api_core\_python_version_support.py:266: FutureWarning: You are using a Python version (3.10.11) which Google will stop supporting in new releases of google.api_core once it reaches its end of life (2026-10-04). Please upgrade to the latest Python version, or at least Python 3.11, to continue receiving updates for google.api_core past that date.
  warnings.warn(message, FutureWarning)

2026-01-28 08:24:56,460 - kedro.framework.project - INFO - Using 'conf\logging.yml' as logging configuration. You can change this by setting the KEDRO_LOGGING_CONFIG environment variable accordingly.
2026-01-28 08:25:04,540 - kedro.framework.session.session - INFO - Kedro project banking-customer-churn-prediction
2026-01-28 08:25:04,939 - kedro_telemetry.plugin - INFO - Kedro is sending anonymous usage data with the sole purpose of improving the product. No personal data or IP addresses are stored on our side. To opt out, set the `KEDRO_DISABLE_TELEMETRY` or `DO_NOT_TRACK` environment variables, or create a `.telemetry` file in the current working directory with the contents `consent: false`. To hide this message, explicitly grant or deny consent. Read more at https://docs.kedro.org/en/stable/configuration/telemetry.html
2026-01-28 08:26:34,020 - kedro.framework.project - INFO - Using 'conf\logging.yml' as logging configuration. You can change this by setting the KEDRO_LOGGING_CONFIG environment variable accordingly.
2026-01-28 08:26:42,397 - kedro.framework.session.session - INFO - Kedro project banking-customer-churn-prediction
2026-01-28 08:26:42,841 - kedro_telemetry.plugin - INFO - Kedro is sending anonymous usage data with the sole purpose of improving the product. No personal data or IP addresses are stored on our side. To opt out, set the `KEDRO_DISABLE_TELEMETRY` or `DO_NOT_TRACK` environment variables, or create a `.telemetry` file in the current working directory with the contents `consent: false`. To hide this message, explicitly grant or deny consent. Read more at https://docs.kedro.org/en/stable/configuration/telemetry.html
2026-01-28 08:26:45,695 - py.warnings - WARNING - c:\Users\BIGSAM TECH\Desktop\ML Churn Modelling\.venv\lib\site-packages\google\api_core\_python_version_support.py:266: FutureWarning: You are using a Python version (3.10.11) which Google will stop supporting in new releases of google.api_core once it reaches its end of life (2026-10-04). Please upgrade to the latest Python version, or at least Python 3.11, to continue receiving updates for google.api_core past that date.
  warnings.warn(message, FutureWarning)

2026-01-28 08:30:11,918 - kedro.framework.project - INFO - Using 'conf\logging.yml' as logging configuration. You can change this by setting the KEDRO_LOGGING_CONFIG environment variable accordingly.
2026-01-28 08:30:17,996 - kedro.framework.session.session - INFO - Kedro project banking-customer-churn-prediction
2026-01-28 08:30:18,227 - kedro_telemetry.plugin - INFO - Kedro is sending anonymous usage data with the sole purpose of improving the product. No personal data or IP addresses are stored on our side. To opt out, set the `KEDRO_DISABLE_TELEMETRY` or `DO_NOT_TRACK` environment variables, or create a `.telemetry` file in the current working directory with the contents `consent: false`. To hide this message, explicitly grant or deny consent. Read more at https://docs.kedro.org/en/stable/configuration/telemetry.html
2026-01-28 08:36:10,213 - kedro.framework.project - INFO - Using 'conf\logging.yml' as logging configuration. You can change this by setting the KEDRO_LOGGING_CONFIG environment variable accordingly.
2026-01-28 08:44:23,349 - kedro.framework.project - INFO - Using 'conf\logging.yml' as logging configuration. You can change this by setting the KEDRO_LOGGING_CONFIG environment variable accordingly.
2026-01-28 08:44:30,142 - kedro.framework.session.session - INFO - Kedro project banking-customer-churn-prediction
2026-01-28 08:44:30,515 - kedro_telemetry.plugin - INFO - Kedro is sending anonymous usage data with the sole purpose of improving the product. No personal data or IP addresses are stored on our side. To opt out, set the `KEDRO_DISABLE_TELEMETRY` or `DO_NOT_TRACK` environment variables, or create a `.telemetry` file in the current working directory with the contents `consent: false`. To hide this message, explicitly grant or deny consent. Read more at https://docs.kedro.org/en/stable/configuration/telemetry.html
2026-01-28 08:44:33,180 - py.warnings - WARNING - c:\Users\BIGSAM TECH\Desktop\ML Churn Modelling\.venv\lib\site-packages\google\api_core\_python_version_support.py:266: FutureWarning: You are using a Python version (3.10.11) which Google will stop supporting in new releases of google.api_core once it reaches its end of life (2026-10-04). Please upgrade to the latest Python version, or at least Python 3.11, to continue receiving updates for google.api_core past that date.
  warnings.warn(message, FutureWarning)

2026-01-28 08:44:34,826 - kedro.runner.sequential_runner - INFO - Using synchronous mode for loading and saving data. Use the --async flag for potential performance gains. https://docs.kedro.org/en/stable/nodes_and_pipelines/run_a_pipeline.html#load-and-save-asynchronously
2026-01-28 08:44:34,826 - kedro.io.data_catalog - INFO - Loading data from [dark_orange]params:data.columns.numeric[/dark_orange] (MemoryDataset)...
2026-01-28 08:44:34,841 - kedro.io.data_catalog - INFO - Loading data from [dark_orange]params:data.columns.categorical[/dark_orange] (MemoryDataset)...
2026-01-28 08:44:34,846 - kedro.io.data_catalog - INFO - Loading data from [dark_orange]params:features.preprocessing[/dark_orange] (MemoryDataset)...
2026-01-28 08:44:34,858 - kedro.pipeline.node - INFO - Running node: build_preprocessor: build_preprocessor([params:data.columns.numeric;params:data.columns.categorical;params:features.preprocessing]) -> [feature_preprocessor]
2026-01-28 08:44:34,865 - banking_customer_churn_prediction.pipelines.preprocessing.nodes - INFO - Built preprocessor for 6 numeric and 2 categorical features
2026-01-28 08:44:34,876 - kedro.io.data_catalog - INFO - Saving data to [dark_orange]feature_preprocessor[/dark_orange] (PickleDataset)...
2026-01-28 08:44:34,881 - kedro.runner.sequential_runner - WARNING - No nodes ran. Repeat the previous command to attempt a new run.
2026-01-28 08:46:43,010 - kedro.framework.project - INFO - Using 'conf\logging.yml' as logging configuration. You can change this by setting the KEDRO_LOGGING_CONFIG environment variable accordingly.
2026-01-28 08:46:49,339 - kedro.framework.session.session - INFO - Kedro project banking-customer-churn-prediction
2026-01-28 08:46:49,900 - kedro_telemetry.plugin - INFO - Kedro is sending anonymous usage data with the sole purpose of improving the product. No personal data or IP addresses are stored on our side. To opt out, set the `KEDRO_DISABLE_TELEMETRY` or `DO_NOT_TRACK` environment variables, or create a `.telemetry` file in the current working directory with the contents `consent: false`. To hide this message, explicitly grant or deny consent. Read more at https://docs.kedro.org/en/stable/configuration/telemetry.html
2026-01-28 08:46:52,136 - py.warnings - WARNING - c:\Users\BIGSAM TECH\Desktop\ML Churn Modelling\.venv\lib\site-packages\google\api_core\_python_version_support.py:266: FutureWarning: You are using a Python version (3.10.11) which Google will stop supporting in new releases of google.api_core once it reaches its end of life (2026-10-04). Please upgrade to the latest Python version, or at least Python 3.11, to continue receiving updates for google.api_core past that date.
  warnings.warn(message, FutureWarning)

2026-01-28 08:46:53,434 - kedro.runner.sequential_runner - INFO - Using synchronous mode for loading and saving data. Use the --async flag for potential performance gains. https://docs.kedro.org/en/stable/nodes_and_pipelines/run_a_pipeline.html#load-and-save-asynchronously
2026-01-28 08:46:53,434 - kedro.io.data_catalog - INFO - Loading data from [dark_orange]params:data.columns.numeric[/dark_orange] (MemoryDataset)...
2026-01-28 08:46:53,443 - kedro.io.data_catalog - INFO - Loading data from [dark_orange]params:data.columns.categorical[/dark_orange] (MemoryDataset)...
2026-01-28 08:46:53,450 - kedro.io.data_catalog - INFO - Loading data from [dark_orange]params:features.preprocessing[/dark_orange] (MemoryDataset)...
2026-01-28 08:46:53,462 - kedro.pipeline.node - INFO - Running node: build_preprocessor: build_preprocessor([params:data.columns.numeric;params:data.columns.categorical;params:features.preprocessing]) -> [feature_preprocessor]
2026-01-28 08:46:53,466 - banking_customer_churn_prediction.pipelines.preprocessing.nodes - INFO - Built preprocessor for 6 numeric and 2 categorical features
2026-01-28 08:46:53,469 - kedro.io.data_catalog - INFO - Saving data to [dark_orange]feature_preprocessor[/dark_orange] (PickleDataset)...
2026-01-28 08:46:53,482 - kedro.runner.sequential_runner - INFO - Completed node: build_preprocessor
2026-01-28 08:46:53,494 - kedro.runner.sequential_runner - INFO - Completed 1 out of 8 tasks
2026-01-28 08:46:53,503 - kedro.io.data_catalog - INFO - Loading data from [dark_orange]raw_churn[/dark_orange] (CSVDataset)...
2026-01-28 08:46:53,514 - kedro.runner.sequential_runner - WARNING - There are 7 nodes that have not run.
You can resume the pipeline run from the nearest nodes with persisted inputs by adding the following argument to your previous command:
  --from-nodes "extract_raw_data"
2026-01-28 08:50:25,414 - kedro.framework.project - INFO - Using 'conf\logging.yml' as logging configuration. You can change this by setting the KEDRO_LOGGING_CONFIG environment variable accordingly.
2026-01-28 08:50:31,140 - kedro.framework.session.session - INFO - Kedro project banking-customer-churn-prediction
2026-01-28 08:50:31,503 - kedro_telemetry.plugin - INFO - Kedro is sending anonymous usage data with the sole purpose of improving the product. No personal data or IP addresses are stored on our side. To opt out, set the `KEDRO_DISABLE_TELEMETRY` or `DO_NOT_TRACK` environment variables, or create a `.telemetry` file in the current working directory with the contents `consent: false`. To hide this message, explicitly grant or deny consent. Read more at https://docs.kedro.org/en/stable/configuration/telemetry.html
2026-01-28 08:50:33,904 - py.warnings - WARNING - c:\Users\BIGSAM TECH\Desktop\ML Churn Modelling\.venv\lib\site-packages\google\api_core\_python_version_support.py:266: FutureWarning: You are using a Python version (3.10.11) which Google will stop supporting in new releases of google.api_core once it reaches its end of life (2026-10-04). Please upgrade to the latest Python version, or at least Python 3.11, to continue receiving updates for google.api_core past that date.
  warnings.warn(message, FutureWarning)

2026-01-28 08:50:35,439 - kedro.runner.sequential_runner - INFO - Using synchronous mode for loading and saving data. Use the --async flag for potential performance gains. https://docs.kedro.org/en/stable/nodes_and_pipelines/run_a_pipeline.html#load-and-save-asynchronously
2026-01-28 08:50:35,446 - kedro.io.data_catalog - INFO - Loading data from [dark_orange]params:data.columns.numeric[/dark_orange] (MemoryDataset)...
2026-01-28 08:50:35,451 - kedro.io.data_catalog - INFO - Loading data from [dark_orange]params:data.columns.categorical[/dark_orange] (MemoryDataset)...
2026-01-28 08:50:35,462 - kedro.io.data_catalog - INFO - Loading data from [dark_orange]params:features.preprocessing[/dark_orange] (MemoryDataset)...
2026-01-28 08:50:35,474 - kedro.pipeline.node - INFO - Running node: build_preprocessor: build_preprocessor([params:data.columns.numeric;params:data.columns.categorical;params:features.preprocessing]) -> [feature_preprocessor]
2026-01-28 08:50:35,482 - banking_customer_churn_prediction.pipelines.preprocessing.nodes - INFO - Built preprocessor for 6 numeric and 2 categorical features
2026-01-28 08:50:35,493 - kedro.io.data_catalog - INFO - Saving data to [dark_orange]feature_preprocessor[/dark_orange] (PickleDataset)...
2026-01-28 08:50:35,500 - kedro.runner.sequential_runner - WARNING - No nodes ran. Repeat the previous command to attempt a new run.
2026-01-28 09:02:04,553 - kedro.framework.project - INFO - Using 'conf\logging.yml' as logging configuration. You can change this by setting the KEDRO_LOGGING_CONFIG environment variable accordingly.
2026-01-28 09:02:14,296 - kedro.framework.session.session - INFO - Kedro project banking-customer-churn-prediction
2026-01-28 09:02:14,628 - kedro_telemetry.plugin - INFO - Kedro is sending anonymous usage data with the sole purpose of improving the product. No personal data or IP addresses are stored on our side. To opt out, set the `KEDRO_DISABLE_TELEMETRY` or `DO_NOT_TRACK` environment variables, or create a `.telemetry` file in the current working directory with the contents `consent: false`. To hide this message, explicitly grant or deny consent. Read more at https://docs.kedro.org/en/stable/configuration/telemetry.html
2026-01-28 09:02:17,151 - py.warnings - WARNING - c:\Users\BIGSAM TECH\Desktop\ML Churn Modelling\.venv\lib\site-packages\google\api_core\_python_version_support.py:266: FutureWarning: You are using a Python version (3.10.11) which Google will stop supporting in new releases of google.api_core once it reaches its end of life (2026-10-04). Please upgrade to the latest Python version, or at least Python 3.11, to continue receiving updates for google.api_core past that date.
  warnings.warn(message, FutureWarning)

2026-01-28 09:02:18,906 - kedro.runner.sequential_runner - INFO - Using synchronous mode for loading and saving data. Use the --async flag for potential performance gains. https://docs.kedro.org/en/stable/nodes_and_pipelines/run_a_pipeline.html#load-and-save-asynchronously
2026-01-28 09:02:18,911 - kedro.io.data_catalog - INFO - Loading data from [dark_orange]params:data.columns.numeric[/dark_orange] (MemoryDataset)...
2026-01-28 09:02:18,916 - kedro.io.data_catalog - INFO - Loading data from [dark_orange]params:data.columns.categorical[/dark_orange] (MemoryDataset)...
2026-01-28 09:02:18,920 - kedro.io.data_catalog - INFO - Loading data from [dark_orange]params:features.preprocessing[/dark_orange] (MemoryDataset)...
2026-01-28 09:02:18,926 - kedro.pipeline.node - INFO - Running node: build_preprocessor: build_preprocessor([params:data.columns.numeric;params:data.columns.categorical;params:features.preprocessing]) -> [feature_preprocessor]
2026-01-28 09:02:18,929 - banking_customer_churn_prediction.pipelines.preprocessing.nodes - INFO - Built preprocessor for 6 numeric and 2 categorical features
2026-01-28 09:02:18,935 - kedro.io.data_catalog - INFO - Saving data to [dark_orange]feature_preprocessor[/dark_orange] (PickleDataset)...
2026-01-28 09:02:18,945 - kedro.runner.sequential_runner - WARNING - No nodes ran. Repeat the previous command to attempt a new run.
2026-01-28 10:13:41,240 - kedro.framework.project - INFO - Using 'conf\logging.yml' as logging configuration. You can change this by setting the KEDRO_LOGGING_CONFIG environment variable accordingly.
2026-01-28 10:13:51,060 - kedro.framework.session.session - INFO - Kedro project banking-customer-churn-prediction
2026-01-28 10:13:51,385 - kedro_telemetry.plugin - INFO - Kedro is sending anonymous usage data with the sole purpose of improving the product. No personal data or IP addresses are stored on our side. To opt out, set the `KEDRO_DISABLE_TELEMETRY` or `DO_NOT_TRACK` environment variables, or create a `.telemetry` file in the current working directory with the contents `consent: false`. To hide this message, explicitly grant or deny consent. Read more at https://docs.kedro.org/en/stable/configuration/telemetry.html
2026-01-28 10:13:53,442 - py.warnings - WARNING - c:\Users\BIGSAM TECH\Desktop\ML Churn Modelling\.venv\lib\site-packages\google\api_core\_python_version_support.py:266: FutureWarning: You are using a Python version (3.10.11) which Google will stop supporting in new releases of google.api_core once it reaches its end of life (2026-10-04). Please upgrade to the latest Python version, or at least Python 3.11, to continue receiving updates for google.api_core past that date.
  warnings.warn(message, FutureWarning)

2026-01-28 10:13:55,519 - kedro.runner.sequential_runner - INFO - Using synchronous mode for loading and saving data. Use the --async flag for potential performance gains. https://docs.kedro.org/en/stable/nodes_and_pipelines/run_a_pipeline.html#load-and-save-asynchronously
2026-01-28 10:13:55,522 - kedro.io.data_catalog - INFO - Loading data from [dark_orange]params:data.columns.numeric[/dark_orange] (MemoryDataset)...
2026-01-28 10:13:55,529 - kedro.io.data_catalog - INFO - Loading data from [dark_orange]params:data.columns.categorical[/dark_orange] (MemoryDataset)...
2026-01-28 10:13:55,549 - kedro.io.data_catalog - INFO - Loading data from [dark_orange]params:features.preprocessing[/dark_orange] (MemoryDataset)...
2026-01-28 10:13:55,560 - kedro.pipeline.node - INFO - Running node: build_preprocessor: build_preprocessor([params:data.columns.numeric;params:data.columns.categorical;params:features.preprocessing]) -> [feature_preprocessor]
2026-01-28 10:13:55,563 - banking_customer_churn_prediction.pipelines.preprocessing.nodes - INFO - Built preprocessor for 6 numeric and 2 categorical features
2026-01-28 10:13:55,574 - kedro.io.data_catalog - INFO - Saving data to [dark_orange]feature_preprocessor[/dark_orange] (PickleDataset)...
2026-01-28 10:13:55,581 - kedro.runner.sequential_runner - WARNING - No nodes ran. Repeat the previous command to attempt a new run.
2026-01-28 10:15:52,578 - kedro.framework.project - INFO - Using 'conf\logging.yml' as logging configuration. You can change this by setting the KEDRO_LOGGING_CONFIG environment variable accordingly.
2026-01-28 10:15:58,302 - kedro.framework.session.session - INFO - Kedro project banking-customer-churn-prediction
2026-01-28 10:15:58,635 - kedro_telemetry.plugin - INFO - Kedro is sending anonymous usage data with the sole purpose of improving the product. No personal data or IP addresses are stored on our side. To opt out, set the `KEDRO_DISABLE_TELEMETRY` or `DO_NOT_TRACK` environment variables, or create a `.telemetry` file in the current working directory with the contents `consent: false`. To hide this message, explicitly grant or deny consent. Read more at https://docs.kedro.org/en/stable/configuration/telemetry.html
2026-01-28 10:16:00,528 - py.warnings - WARNING - c:\Users\BIGSAM TECH\Desktop\ML Churn Modelling\.venv\lib\site-packages\google\api_core\_python_version_support.py:266: FutureWarning: You are using a Python version (3.10.11) which Google will stop supporting in new releases of google.api_core once it reaches its end of life (2026-10-04). Please upgrade to the latest Python version, or at least Python 3.11, to continue receiving updates for google.api_core past that date.
  warnings.warn(message, FutureWarning)

2026-01-28 10:16:02,032 - kedro.runner.sequential_runner - INFO - Using synchronous mode for loading and saving data. Use the --async flag for potential performance gains. https://docs.kedro.org/en/stable/nodes_and_pipelines/run_a_pipeline.html#load-and-save-asynchronously
2026-01-28 10:16:02,043 - kedro.io.data_catalog - INFO - Loading data from [dark_orange]params:data.columns.numeric[/dark_orange] (MemoryDataset)...
2026-01-28 10:16:02,049 - kedro.io.data_catalog - INFO - Loading data from [dark_orange]params:data.columns.categorical[/dark_orange] (MemoryDataset)...
2026-01-28 10:16:02,059 - kedro.io.data_catalog - INFO - Loading data from [dark_orange]params:features.preprocessing[/dark_orange] (MemoryDataset)...
2026-01-28 10:16:02,068 - kedro.pipeline.node - INFO - Running node: build_preprocessor: build_preprocessor([params:data.columns.numeric;params:data.columns.categorical;params:features.preprocessing]) -> [feature_preprocessor]
2026-01-28 10:16:02,074 - banking_customer_churn_prediction.pipelines.preprocessing.nodes - INFO - Built preprocessor for 6 numeric and 2 categorical features
2026-01-28 10:16:02,085 - kedro.io.data_catalog - INFO - Saving data to [dark_orange]feature_preprocessor[/dark_orange] (PickleDataset)...
2026-01-28 10:16:02,097 - kedro.runner.sequential_runner - INFO - Completed node: build_preprocessor
2026-01-28 10:16:02,108 - kedro.runner.sequential_runner - INFO - Completed 1 out of 8 tasks
2026-01-28 10:16:02,122 - kedro.io.data_catalog - INFO - Loading data from [dark_orange]raw_churn[/dark_orange] (CSVDataset)...
2026-01-28 10:16:02,244 - kedro.pipeline.node - INFO - Running node: extract_raw_data: extract_raw([raw_churn]) -> [raw_df;raw_data_quality_metrics]
2026-01-28 10:16:02,248 - banking_customer_churn_prediction.pipelines.etl.nodes - INFO - Extracting raw data with shape: (10000, 14)
2026-01-28 10:16:02,302 - banking_customer_churn_prediction.pipelines.etl.nodes - INFO - Data quality metrics: {'row_count': 10000, 'column_count': 14, 'null_percentage': np.float64(0.0), 'duplicate_rows': np.int64(0), 'churn_rate': np.float64(0.2037)}
2026-01-28 10:16:02,315 - kedro.io.data_catalog - INFO - Saving data to [dark_orange]raw_df[/dark_orange] (MemoryDataset)...
2026-01-28 10:16:02,325 - kedro.io.data_catalog - INFO - Saving data to [dark_orange]raw_data_quality_metrics[/dark_orange] (MemoryDataset)...
2026-01-28 10:16:02,333 - kedro.runner.sequential_runner - INFO - Completed node: extract_raw_data
2026-01-28 10:16:02,347 - kedro.runner.sequential_runner - INFO - Completed 2 out of 8 tasks
2026-01-28 10:16:02,350 - kedro.io.data_catalog - INFO - Loading data from [dark_orange]raw_df[/dark_orange] (MemoryDataset)...
2026-01-28 10:16:02,359 - kedro.io.data_catalog - INFO - Loading data from [dark_orange]raw_data_quality_metrics[/dark_orange] (MemoryDataset)...
2026-01-28 10:16:02,374 - kedro.io.data_catalog - INFO - Loading data from [dark_orange]params:data.columns.drop[/dark_orange] (MemoryDataset)...
2026-01-28 10:16:02,382 - kedro.io.data_catalog - INFO - Loading data from [dark_orange]params:data.random_state[/dark_orange] (MemoryDataset)...
2026-01-28 10:16:02,401 - kedro.pipeline.node - INFO - Running node: clean_and_prepare_data: clean_and_prepare_data([raw_df;raw_data_quality_metrics;params:data.columns.drop;params:data.random_state]) -> [cleaned_customers]
2026-01-28 10:16:02,408 - banking_customer_churn_prediction.pipelines.etl.nodes - INFO - Starting data cleaning with shape: (10000, 14)
2026-01-28 10:16:02,423 - banking_customer_churn_prediction.pipelines.etl.nodes - INFO - Dropped columns: ['RowNumber', 'CustomerId', 'Surname']
2026-01-28 10:16:02,445 - banking_customer_churn_prediction.pipelines.etl.nodes - INFO - Cleaned data shape: (10000, 11)
2026-01-28 10:16:02,456 - kedro.io.data_catalog - INFO - Saving data to [dark_orange]cleaned_customers[/dark_orange] (ParquetDataset)...
2026-01-28 10:16:02,612 - kedro.runner.sequential_runner - INFO - Completed node: clean_and_prepare_data
2026-01-28 10:16:02,614 - kedro.runner.sequential_runner - INFO - Completed 3 out of 8 tasks
2026-01-28 10:16:02,623 - kedro.io.data_catalog - INFO - Loading data from [dark_orange]cleaned_customers[/dark_orange] (ParquetDataset)...
2026-01-28 10:16:02,796 - kedro.io.data_catalog - INFO - Loading data from [dark_orange]params:data.columns.numeric[/dark_orange] (MemoryDataset)...
2026-01-28 10:16:02,809 - kedro.io.data_catalog - INFO - Loading data from [dark_orange]params:data.columns.categorical[/dark_orange] (MemoryDataset)...
2026-01-28 10:16:02,820 - kedro.io.data_catalog - INFO - Loading data from [dark_orange]params:features[/dark_orange] (MemoryDataset)...
2026-01-28 10:16:02,830 - kedro.pipeline.node - INFO - Running node: create_engineered_features: create_features([cleaned_customers;params:data.columns.numeric;params:data.columns.categorical;params:features]) -> [features_df]
2026-01-28 10:16:02,842 - banking_customer_churn_prediction.pipelines.feature_engineering.nodes - INFO - Created feature: avg_bal_per_product
2026-01-28 10:16:02,857 - banking_customer_churn_prediction.pipelines.feature_engineering.nodes - INFO - Created feature: tenure_bucket
2026-01-28 10:16:02,865 - banking_customer_churn_prediction.pipelines.feature_engineering.nodes - INFO - Feature engineering complete. Shape: (10000, 13)
2026-01-28 10:16:02,876 - kedro.io.data_catalog - INFO - Saving data to [dark_orange]features_df[/dark_orange] (MemoryDataset)...
2026-01-28 10:16:02,888 - kedro.runner.sequential_runner - INFO - Completed node: create_engineered_features
2026-01-28 10:16:02,899 - kedro.runner.sequential_runner - INFO - Completed 4 out of 8 tasks
2026-01-28 10:16:02,908 - kedro.io.data_catalog - INFO - Loading data from [dark_orange]features_df[/dark_orange] (MemoryDataset)...
2026-01-28 10:16:02,922 - kedro.io.data_catalog - INFO - Loading data from [dark_orange]params:data.target[/dark_orange] (MemoryDataset)...
2026-01-28 10:16:02,936 - kedro.io.data_catalog - INFO - Loading data from [dark_orange]params:data.test_size[/dark_orange] (MemoryDataset)...
2026-01-28 10:16:02,944 - kedro.io.data_catalog - INFO - Loading data from [dark_orange]params:data.val_size[/dark_orange] (MemoryDataset)...
2026-01-28 10:16:02,968 - kedro.io.data_catalog - INFO - Loading data from [dark_orange]params:data.random_state[/dark_orange] (MemoryDataset)...
2026-01-28 10:16:02,983 - kedro.io.data_catalog - INFO - Loading data from [dark_orange]params:data.stratify[/dark_orange] (MemoryDataset)...
2026-01-28 10:16:02,987 - kedro.pipeline.node - INFO - Running node: split_features_target: split_features_target([features_df;params:data.target;params:data.test_size;params:data.val_size;params:data.random_state;params:data.stratify]) -> [X_train;X_val;X_test;y_train;y_val;y_test]
2026-01-28 10:16:03,032 - banking_customer_churn_prediction.pipelines.feature_engineering.nodes - INFO - Data split complete:
2026-01-28 10:16:03,039 - banking_customer_churn_prediction.pipelines.feature_engineering.nodes - INFO -   Train: 7000 samples (1426 positive)
2026-01-28 10:16:03,046 - banking_customer_churn_prediction.pipelines.feature_engineering.nodes - INFO -   Val: 1500 samples (305 positive)
2026-01-28 10:16:03,054 - banking_customer_churn_prediction.pipelines.feature_engineering.nodes - INFO -   Test: 1500 samples (306 positive)
2026-01-28 10:16:03,069 - kedro.io.data_catalog - INFO - Saving data to [dark_orange]X_train[/dark_orange] (ParquetDataset)...
2026-01-28 10:16:03,130 - kedro.io.data_catalog - INFO - Saving data to [dark_orange]X_val[/dark_orange] (ParquetDataset)...
2026-01-28 10:16:03,156 - kedro.io.data_catalog - INFO - Saving data to [dark_orange]X_test[/dark_orange] (ParquetDataset)...
2026-01-28 10:16:03,181 - kedro.io.data_catalog - INFO - Saving data to [dark_orange]y_train[/dark_orange] (ParquetDataset)...
2026-01-28 10:16:03,193 - kedro.runner.sequential_runner - WARNING - There are 4 nodes that have not run.
You can resume the pipeline run from the nearest nodes with persisted inputs by adding the following argument to your previous command:
  --from-nodes "create_engineered_features"
2026-01-28 10:24:25,120 - kedro.framework.project - INFO - Using 'conf\logging.yml' as logging configuration. You can change this by setting the KEDRO_LOGGING_CONFIG environment variable accordingly.
2026-01-28 10:24:36,370 - kedro.framework.session.session - INFO - Kedro project banking-customer-churn-prediction
2026-01-28 10:24:36,765 - kedro_telemetry.plugin - INFO - Kedro is sending anonymous usage data with the sole purpose of improving the product. No personal data or IP addresses are stored on our side. To opt out, set the `KEDRO_DISABLE_TELEMETRY` or `DO_NOT_TRACK` environment variables, or create a `.telemetry` file in the current working directory with the contents `consent: false`. To hide this message, explicitly grant or deny consent. Read more at https://docs.kedro.org/en/stable/configuration/telemetry.html
2026-01-28 10:24:38,888 - py.warnings - WARNING - c:\Users\BIGSAM TECH\Desktop\ML Churn Modelling\.venv\lib\site-packages\google\api_core\_python_version_support.py:266: FutureWarning: You are using a Python version (3.10.11) which Google will stop supporting in new releases of google.api_core once it reaches its end of life (2026-10-04). Please upgrade to the latest Python version, or at least Python 3.11, to continue receiving updates for google.api_core past that date.
  warnings.warn(message, FutureWarning)

2026-01-28 10:24:40,967 - kedro.runner.sequential_runner - INFO - Using synchronous mode for loading and saving data. Use the --async flag for potential performance gains. https://docs.kedro.org/en/stable/nodes_and_pipelines/run_a_pipeline.html#load-and-save-asynchronously
2026-01-28 10:24:40,977 - kedro.io.data_catalog - INFO - Loading data from [dark_orange]params:data.columns.numeric[/dark_orange] (MemoryDataset)...
2026-01-28 10:24:40,987 - kedro.io.data_catalog - INFO - Loading data from [dark_orange]params:data.columns.categorical[/dark_orange] (MemoryDataset)...
2026-01-28 10:24:40,991 - kedro.io.data_catalog - INFO - Loading data from [dark_orange]params:features.preprocessing[/dark_orange] (MemoryDataset)...
2026-01-28 10:24:41,002 - kedro.pipeline.node - INFO - Running node: build_preprocessor: build_preprocessor([params:data.columns.numeric;params:data.columns.categorical;params:features.preprocessing]) -> [feature_preprocessor]
2026-01-28 10:24:41,006 - banking_customer_churn_prediction.pipelines.preprocessing.nodes - INFO - Built preprocessor for 6 numeric and 2 categorical features
2026-01-28 10:24:41,007 - kedro.io.data_catalog - INFO - Saving data to [dark_orange]feature_preprocessor[/dark_orange] (PickleDataset)...
2026-01-28 10:24:41,016 - kedro.runner.sequential_runner - INFO - Completed node: build_preprocessor
2026-01-28 10:24:41,019 - kedro.runner.sequential_runner - INFO - Completed 1 out of 8 tasks
2026-01-28 10:24:41,027 - kedro.io.data_catalog - INFO - Loading data from [dark_orange]raw_churn[/dark_orange] (CSVDataset)...
2026-01-28 10:24:41,087 - kedro.pipeline.node - INFO - Running node: extract_raw_data: extract_raw([raw_churn]) -> [raw_df;raw_data_quality_metrics]
2026-01-28 10:24:41,089 - banking_customer_churn_prediction.pipelines.etl.nodes - INFO - Extracting raw data with shape: (10000, 14)
2026-01-28 10:24:41,140 - banking_customer_churn_prediction.pipelines.etl.nodes - INFO - Data quality metrics: {'row_count': 10000, 'column_count': 14, 'null_percentage': np.float64(0.0), 'duplicate_rows': np.int64(0), 'churn_rate': np.float64(0.2037)}
2026-01-28 10:24:41,151 - kedro.io.data_catalog - INFO - Saving data to [dark_orange]raw_df[/dark_orange] (MemoryDataset)...
2026-01-28 10:24:41,157 - kedro.io.data_catalog - INFO - Saving data to [dark_orange]raw_data_quality_metrics[/dark_orange] (MemoryDataset)...
2026-01-28 10:24:41,165 - kedro.runner.sequential_runner - INFO - Completed node: extract_raw_data
2026-01-28 10:24:41,173 - kedro.runner.sequential_runner - INFO - Completed 2 out of 8 tasks
2026-01-28 10:24:41,177 - kedro.io.data_catalog - INFO - Loading data from [dark_orange]raw_df[/dark_orange] (MemoryDataset)...
2026-01-28 10:24:41,184 - kedro.io.data_catalog - INFO - Loading data from [dark_orange]raw_data_quality_metrics[/dark_orange] (MemoryDataset)...
2026-01-28 10:24:41,193 - kedro.io.data_catalog - INFO - Loading data from [dark_orange]params:data.columns.drop[/dark_orange] (MemoryDataset)...
2026-01-28 10:24:41,201 - kedro.io.data_catalog - INFO - Loading data from [dark_orange]params:data.random_state[/dark_orange] (MemoryDataset)...
2026-01-28 10:24:41,211 - kedro.pipeline.node - INFO - Running node: clean_and_prepare_data: clean_and_prepare_data([raw_df;raw_data_quality_metrics;params:data.columns.drop;params:data.random_state]) -> [cleaned_customers]
2026-01-28 10:24:41,217 - banking_customer_churn_prediction.pipelines.etl.nodes - INFO - Starting data cleaning with shape: (10000, 14)
2026-01-28 10:24:41,233 - banking_customer_churn_prediction.pipelines.etl.nodes - INFO - Dropped columns: ['RowNumber', 'CustomerId', 'Surname']
2026-01-28 10:24:41,244 - banking_customer_churn_prediction.pipelines.etl.nodes - INFO - Cleaned data shape: (10000, 11)
2026-01-28 10:24:41,248 - kedro.io.data_catalog - INFO - Saving data to [dark_orange]cleaned_customers[/dark_orange] (ParquetDataset)...
2026-01-28 10:24:41,366 - kedro.runner.sequential_runner - INFO - Completed node: clean_and_prepare_data
2026-01-28 10:24:41,370 - kedro.runner.sequential_runner - INFO - Completed 3 out of 8 tasks
2026-01-28 10:24:41,374 - kedro.io.data_catalog - INFO - Loading data from [dark_orange]cleaned_customers[/dark_orange] (ParquetDataset)...
2026-01-28 10:24:41,472 - kedro.io.data_catalog - INFO - Loading data from [dark_orange]params:data.columns.numeric[/dark_orange] (MemoryDataset)...
2026-01-28 10:24:41,485 - kedro.io.data_catalog - INFO - Loading data from [dark_orange]params:data.columns.categorical[/dark_orange] (MemoryDataset)...
2026-01-28 10:24:41,492 - kedro.io.data_catalog - INFO - Loading data from [dark_orange]params:features[/dark_orange] (MemoryDataset)...
2026-01-28 10:24:41,497 - kedro.pipeline.node - INFO - Running node: create_engineered_features: create_features([cleaned_customers;params:data.columns.numeric;params:data.columns.categorical;params:features]) -> [features_df]
2026-01-28 10:24:41,568 - banking_customer_churn_prediction.pipelines.feature_engineering.nodes - INFO - Created feature: avg_bal_per_product
2026-01-28 10:24:41,568 - banking_customer_churn_prediction.pipelines.feature_engineering.nodes - INFO - Created feature: tenure_bucket
2026-01-28 10:24:41,575 - banking_customer_churn_prediction.pipelines.feature_engineering.nodes - INFO - Feature engineering complete. Shape: (10000, 13)
2026-01-28 10:24:41,584 - kedro.io.data_catalog - INFO - Saving data to [dark_orange]features_df[/dark_orange] (MemoryDataset)...
2026-01-28 10:24:41,593 - kedro.runner.sequential_runner - INFO - Completed node: create_engineered_features
2026-01-28 10:24:41,596 - kedro.runner.sequential_runner - INFO - Completed 4 out of 8 tasks
2026-01-28 10:24:41,602 - kedro.io.data_catalog - INFO - Loading data from [dark_orange]features_df[/dark_orange] (MemoryDataset)...
2026-01-28 10:24:41,609 - kedro.io.data_catalog - INFO - Loading data from [dark_orange]params:data.target[/dark_orange] (MemoryDataset)...
2026-01-28 10:24:41,621 - kedro.io.data_catalog - INFO - Loading data from [dark_orange]params:data.test_size[/dark_orange] (MemoryDataset)...
2026-01-28 10:24:41,625 - kedro.io.data_catalog - INFO - Loading data from [dark_orange]params:data.val_size[/dark_orange] (MemoryDataset)...
2026-01-28 10:24:41,639 - kedro.io.data_catalog - INFO - Loading data from [dark_orange]params:data.random_state[/dark_orange] (MemoryDataset)...
2026-01-28 10:24:41,646 - kedro.io.data_catalog - INFO - Loading data from [dark_orange]params:data.stratify[/dark_orange] (MemoryDataset)...
2026-01-28 10:24:41,655 - kedro.pipeline.node - INFO - Running node: split_features_target: split_features_target([features_df;params:data.target;params:data.test_size;params:data.val_size;params:data.random_state;params:data.stratify]) -> [X_train;X_val;X_test;y_train;y_val;y_test]
2026-01-28 10:24:41,689 - banking_customer_churn_prediction.pipelines.feature_engineering.nodes - INFO - Data split complete:
2026-01-28 10:24:41,696 - banking_customer_churn_prediction.pipelines.feature_engineering.nodes - INFO -   Train: 7000 samples (1426 positive)
2026-01-28 10:24:41,706 - banking_customer_churn_prediction.pipelines.feature_engineering.nodes - INFO -   Val: 1500 samples (305 positive)
2026-01-28 10:24:41,708 - banking_customer_churn_prediction.pipelines.feature_engineering.nodes - INFO -   Test: 1500 samples (306 positive)
2026-01-28 10:24:41,718 - kedro.io.data_catalog - INFO - Saving data to [dark_orange]X_train[/dark_orange] (ParquetDataset)...
2026-01-28 10:24:41,755 - kedro.io.data_catalog - INFO - Saving data to [dark_orange]X_val[/dark_orange] (ParquetDataset)...
2026-01-28 10:24:41,772 - kedro.io.data_catalog - INFO - Saving data to [dark_orange]X_test[/dark_orange] (ParquetDataset)...
2026-01-28 10:24:41,793 - kedro.io.data_catalog - INFO - Saving data to [dark_orange]y_train[/dark_orange] (PickleDataset)...
2026-01-28 10:24:41,800 - kedro.io.data_catalog - INFO - Saving data to [dark_orange]y_val[/dark_orange] (PickleDataset)...
2026-01-28 10:24:41,810 - kedro.io.data_catalog - INFO - Saving data to [dark_orange]y_test[/dark_orange] (PickleDataset)...
2026-01-28 10:24:41,819 - kedro.runner.sequential_runner - INFO - Completed node: split_features_target
2026-01-28 10:24:41,819 - kedro.runner.sequential_runner - INFO - Completed 5 out of 8 tasks
2026-01-28 10:24:41,833 - kedro.io.data_catalog - INFO - Loading data from [dark_orange]feature_preprocessor[/dark_orange] (PickleDataset)...
2026-01-28 10:24:41,864 - kedro.io.data_catalog - INFO - Loading data from [dark_orange]X_train[/dark_orange] (ParquetDataset)...
2026-01-28 10:24:41,925 - kedro.io.data_catalog - INFO - Loading data from [dark_orange]X_val[/dark_orange] (ParquetDataset)...
2026-01-28 10:24:41,970 - kedro.io.data_catalog - INFO - Loading data from [dark_orange]X_test[/dark_orange] (ParquetDataset)...
2026-01-28 10:24:42,027 - kedro.pipeline.node - INFO - Running node: fit_and_transform_preprocessor: fit_preprocessor([feature_preprocessor;X_train;X_val;X_test]) -> [X_train_processed;X_val_processed;X_test_processed;feature_preprocessor_fitted]
2026-01-28 10:24:42,036 - banking_customer_churn_prediction.pipelines.preprocessing.nodes - INFO - Fitting preprocessor on training data...
2026-01-28 10:24:42,177 - banking_customer_churn_prediction.pipelines.preprocessing.nodes - INFO - Preprocessing complete. Feature count: 9
2026-01-28 10:24:42,185 - kedro.io.data_catalog - INFO - Saving data to [dark_orange]X_train_processed[/dark_orange] (MemoryDataset)...
2026-01-28 10:24:42,254 - kedro.io.data_catalog - INFO - Saving data to [dark_orange]X_val_processed[/dark_orange] (MemoryDataset)...
2026-01-28 10:24:42,301 - kedro.io.data_catalog - INFO - Saving data to [dark_orange]X_test_processed[/dark_orange] (MemoryDataset)...
2026-01-28 10:24:42,359 - kedro.io.data_catalog - INFO - Saving data to [dark_orange]feature_preprocessor_fitted[/dark_orange] (MemoryDataset)...
2026-01-28 10:24:42,454 - kedro.runner.sequential_runner - INFO - Completed node: fit_and_transform_preprocessor
2026-01-28 10:24:42,516 - kedro.runner.sequential_runner - INFO - Completed 6 out of 8 tasks
2026-01-28 10:24:42,623 - kedro.io.data_catalog - INFO - Loading data from [dark_orange]X_train_processed[/dark_orange] (MemoryDataset)...
2026-01-28 10:24:42,790 - kedro.io.data_catalog - INFO - Loading data from [dark_orange]y_train[/dark_orange] (PickleDataset)...
2026-01-28 10:24:42,920 - kedro.io.data_catalog - INFO - Loading data from [dark_orange]X_val_processed[/dark_orange] (MemoryDataset)...
2026-01-28 10:24:42,956 - kedro.io.data_catalog - INFO - Loading data from [dark_orange]y_val[/dark_orange] (PickleDataset)...
2026-01-28 10:24:43,004 - kedro.io.data_catalog - INFO - Loading data from [dark_orange]params:models[/dark_orange] (MemoryDataset)...
2026-01-28 10:24:43,007 - kedro.io.data_catalog - INFO - Loading data from [dark_orange]params:training[/dark_orange] (MemoryDataset)...
2026-01-28 10:24:43,023 - kedro.pipeline.node - INFO - Running node: train_models_with_cv: train_models_with_cv([X_train_processed;y_train;X_val_processed;y_val;params:models;params:training]) -> [trained_models;model_metrics;cv_metrics;best_model_name;best_model;best_model_metrics;training_data_ref]
2026-01-28 10:24:43,030 - banking_customer_churn_prediction.pipelines.training.nodes - INFO - Training models on 7000 samples
2026-01-28 10:24:43,045 - banking_customer_churn_prediction.pipelines.training.nodes - INFO - Training logistic_regression...
2026-01-28 10:25:23,223 - banking_customer_churn_prediction.pipelines.training.nodes - INFO - logistic_regression - CV AUC: 0.7589 ± 0.0190
2026-01-28 10:25:23,228 - banking_customer_churn_prediction.pipelines.training.nodes - INFO - logistic_regression - Val AUC: 0.7450
2026-01-28 10:25:23,228 - banking_customer_churn_prediction.pipelines.training.nodes - INFO - Training random_forest...
2026-01-28 10:25:33,250 - banking_customer_churn_prediction.pipelines.training.nodes - INFO - random_forest - CV AUC: 0.8521 ± 0.0057
2026-01-28 10:25:33,250 - banking_customer_churn_prediction.pipelines.training.nodes - INFO - random_forest - Val AUC: 0.8515
2026-01-28 10:25:33,250 - banking_customer_churn_prediction.pipelines.training.nodes - INFO - Training xgboost...
2026-01-28 10:25:33,925 - banking_customer_churn_prediction.pipelines.training.nodes - ERROR - Error training xgboost: 
All the 5 fits failed.
It is very likely that your model is misconfigured.
You can try to debug the error by setting error_score='raise'.

Below are more details about the failures:
--------------------------------------------------------------------------------
5 fits failed with the following error:
Traceback (most recent call last):
  File "c:\Users\BIGSAM TECH\Desktop\ML Churn Modelling\.venv\lib\site-packages\sklearn\model_selection\_validation.py", line 859, in _fit_and_score
    estimator.fit(X_train, y_train, **fit_params)
  File "c:\Users\BIGSAM TECH\Desktop\ML Churn Modelling\.venv\lib\site-packages\xgboost\core.py", line 774, in inner_f
    return func(**kwargs)
  File "c:\Users\BIGSAM TECH\Desktop\ML Churn Modelling\.venv\lib\site-packages\xgboost\sklearn.py", line 1806, in fit
    self._Booster = train(
  File "c:\Users\BIGSAM TECH\Desktop\ML Churn Modelling\.venv\lib\site-packages\xgboost\core.py", line 774, in inner_f
    return func(**kwargs)
  File "c:\Users\BIGSAM TECH\Desktop\ML Churn Modelling\.venv\lib\site-packages\xgboost\training.py", line 200, in train
    if cb_container.after_iteration(bst, i, dtrain, evals):
  File "c:\Users\BIGSAM TECH\Desktop\ML Churn Modelling\.venv\lib\site-packages\xgboost\callback.py", line 269, in after_iteration
    ret = any(c.after_iteration(model, epoch, self.history) for c in self.callbacks)
  File "c:\Users\BIGSAM TECH\Desktop\ML Churn Modelling\.venv\lib\site-packages\xgboost\callback.py", line 269, in <genexpr>
    ret = any(c.after_iteration(model, epoch, self.history) for c in self.callbacks)
  File "c:\Users\BIGSAM TECH\Desktop\ML Churn Modelling\.venv\lib\site-packages\xgboost\callback.py", line 461, in after_iteration
    raise ValueError(msg)
ValueError: Must have at least 1 validation dataset for early stopping.

2026-01-28 10:25:33,941 - banking_customer_churn_prediction.pipelines.training.nodes - INFO - Best model: random_forest with AUC: 0.8515
2026-01-28 10:25:33,947 - kedro.io.data_catalog - INFO - Saving data to [dark_orange]trained_models[/dark_orange] (MemoryDataset)...
2026-01-28 10:25:34,022 - kedro.io.data_catalog - INFO - Saving data to [dark_orange]model_metrics[/dark_orange] (JSONDataset)...
2026-01-28 10:25:34,029 - kedro.io.data_catalog - INFO - Saving data to [dark_orange]cv_metrics[/dark_orange] (MemoryDataset)...
2026-01-28 10:25:34,032 - kedro.io.data_catalog - INFO - Saving data to [dark_orange]best_model_name[/dark_orange] (MemoryDataset)...
2026-01-28 10:25:34,041 - kedro.io.data_catalog - INFO - Saving data to [dark_orange]best_model[/dark_orange] (PickleDataset)...
2026-01-28 10:25:34,086 - kedro.io.data_catalog - INFO - Saving data to [dark_orange]best_model_metrics[/dark_orange] (MemoryDataset)...
2026-01-28 10:25:34,086 - kedro.io.data_catalog - INFO - Saving data to [dark_orange]training_data_ref[/dark_orange] (MemoryDataset)...
2026-01-28 10:25:34,100 - kedro.runner.sequential_runner - INFO - Completed node: train_models_with_cv
2026-01-28 10:25:34,103 - kedro.runner.sequential_runner - INFO - Completed 7 out of 8 tasks
2026-01-28 10:25:34,107 - kedro.io.data_catalog - INFO - Loading data from [dark_orange]best_model[/dark_orange] (PickleDataset)...
2026-01-28 10:25:34,154 - kedro.io.data_catalog - INFO - Loading data from [dark_orange]best_model_name[/dark_orange] (MemoryDataset)...
2026-01-28 10:25:34,154 - kedro.io.data_catalog - INFO - Loading data from [dark_orange]best_model_metrics[/dark_orange] (MemoryDataset)...
2026-01-28 10:25:34,166 - kedro.io.data_catalog - INFO - Loading data from [dark_orange]cv_metrics[/dark_orange] (MemoryDataset)...
2026-01-28 10:25:34,171 - kedro.io.data_catalog - INFO - Loading data from [dark_orange]training_data_ref[/dark_orange] (MemoryDataset)...
2026-01-28 10:25:34,180 - kedro.io.data_catalog - INFO - Loading data from [dark_orange]params:models[/dark_orange] (MemoryDataset)...
2026-01-28 10:25:34,185 - kedro.pipeline.node - INFO - Running node: log_best_model_to_mlflow: log_to_mlflow([best_model;best_model_name;best_model_metrics;cv_metrics;training_data_ref;params:models]) -> [mlflow_run_id]
2026-01-28 10:26:11,678 - banking_customer_churn_prediction.pipelines.training.nodes - INFO - Logged to MLflow run: edf29a14a9f74fc1afefd8ccad199ad6
2026-01-28 10:26:11,711 - kedro.io.data_catalog - INFO - Saving data to [dark_orange]mlflow_run_id[/dark_orange] (MemoryDataset)...
2026-01-28 10:26:11,718 - kedro.runner.sequential_runner - INFO - Completed node: log_best_model_to_mlflow
2026-01-28 10:26:11,721 - kedro.runner.sequential_runner - INFO - Completed 8 out of 8 tasks
2026-01-28 10:26:11,732 - kedro.runner.sequential_runner - INFO - Pipeline execution completed successfully in 90.8 sec.
2026-01-28 10:33:21,333 - kedro.framework.project - INFO - Using 'conf\logging.yml' as logging configuration. You can change this by setting the KEDRO_LOGGING_CONFIG environment variable accordingly.
2026-01-28 10:33:28,683 - kedro.framework.session.session - INFO - Kedro project banking-customer-churn-prediction
2026-01-28 10:33:29,105 - kedro_telemetry.plugin - INFO - Kedro is sending anonymous usage data with the sole purpose of improving the product. No personal data or IP addresses are stored on our side. To opt out, set the `KEDRO_DISABLE_TELEMETRY` or `DO_NOT_TRACK` environment variables, or create a `.telemetry` file in the current working directory with the contents `consent: false`. To hide this message, explicitly grant or deny consent. Read more at https://docs.kedro.org/en/stable/configuration/telemetry.html
2026-01-28 10:33:32,642 - py.warnings - WARNING - c:\Users\BIGSAM TECH\Desktop\ML Churn Modelling\.venv\lib\site-packages\google\api_core\_python_version_support.py:266: FutureWarning: You are using a Python version (3.10.11) which Google will stop supporting in new releases of google.api_core once it reaches its end of life (2026-10-04). Please upgrade to the latest Python version, or at least Python 3.11, to continue receiving updates for google.api_core past that date.
  warnings.warn(message, FutureWarning)

2026-01-28 10:33:43,220 - kedro.runner.sequential_runner - INFO - Using synchronous mode for loading and saving data. Use the --async flag for potential performance gains. https://docs.kedro.org/en/stable/nodes_and_pipelines/run_a_pipeline.html#load-and-save-asynchronously
2026-01-28 10:33:43,225 - kedro.io.data_catalog - INFO - Loading data from [dark_orange]params:data.columns.numeric[/dark_orange] (MemoryDataset)...
2026-01-28 10:33:43,233 - kedro.io.data_catalog - INFO - Loading data from [dark_orange]params:data.columns.categorical[/dark_orange] (MemoryDataset)...
2026-01-28 10:33:43,244 - kedro.io.data_catalog - INFO - Loading data from [dark_orange]params:features.preprocessing[/dark_orange] (MemoryDataset)...
2026-01-28 10:33:43,248 - kedro.pipeline.node - INFO - Running node: build_preprocessor: build_preprocessor([params:data.columns.numeric;params:data.columns.categorical;params:features.preprocessing]) -> [feature_preprocessor]
2026-01-28 10:33:43,256 - banking_customer_churn_prediction.pipelines.preprocessing.nodes - INFO - Built preprocessor for 6 numeric and 2 categorical features
2026-01-28 10:33:43,261 - kedro.io.data_catalog - INFO - Saving data to [dark_orange]feature_preprocessor[/dark_orange] (PickleDataset)...
2026-01-28 10:33:43,272 - kedro.runner.sequential_runner - INFO - Completed node: build_preprocessor
2026-01-28 10:33:43,276 - kedro.runner.sequential_runner - INFO - Completed 1 out of 8 tasks
2026-01-28 10:33:43,281 - kedro.io.data_catalog - INFO - Loading data from [dark_orange]raw_churn[/dark_orange] (CSVDataset)...
2026-01-28 10:33:43,339 - kedro.pipeline.node - INFO - Running node: extract_raw_data: extract_raw([raw_churn]) -> [raw_df;raw_data_quality_metrics]
2026-01-28 10:33:43,349 - banking_customer_churn_prediction.pipelines.etl.nodes - INFO - Extracting raw data with shape: (10000, 14)
2026-01-28 10:33:43,361 - banking_customer_churn_prediction.pipelines.etl.nodes - INFO - Data quality metrics: {'row_count': 10000, 'column_count': 14, 'null_percentage': np.float64(0.0), 'duplicate_rows': np.int64(0), 'churn_rate': np.float64(0.2037)}
2026-01-28 10:33:43,374 - kedro.io.data_catalog - INFO - Saving data to [dark_orange]raw_df[/dark_orange] (MemoryDataset)...
2026-01-28 10:33:43,382 - kedro.io.data_catalog - INFO - Saving data to [dark_orange]raw_data_quality_metrics[/dark_orange] (MemoryDataset)...
2026-01-28 10:33:43,392 - kedro.runner.sequential_runner - INFO - Completed node: extract_raw_data
2026-01-28 10:33:43,394 - kedro.runner.sequential_runner - INFO - Completed 2 out of 8 tasks
2026-01-28 10:33:43,395 - kedro.io.data_catalog - INFO - Loading data from [dark_orange]raw_df[/dark_orange] (MemoryDataset)...
2026-01-28 10:33:43,406 - kedro.io.data_catalog - INFO - Loading data from [dark_orange]raw_data_quality_metrics[/dark_orange] (MemoryDataset)...
2026-01-28 10:33:43,413 - kedro.io.data_catalog - INFO - Loading data from [dark_orange]params:data.columns.drop[/dark_orange] (MemoryDataset)...
2026-01-28 10:33:43,416 - kedro.io.data_catalog - INFO - Loading data from [dark_orange]params:data.random_state[/dark_orange] (MemoryDataset)...
2026-01-28 10:33:43,425 - kedro.pipeline.node - INFO - Running node: clean_and_prepare_data: clean_and_prepare_data([raw_df;raw_data_quality_metrics;params:data.columns.drop;params:data.random_state]) -> [cleaned_customers]
2026-01-28 10:33:43,428 - banking_customer_churn_prediction.pipelines.etl.nodes - INFO - Starting data cleaning with shape: (10000, 14)
2026-01-28 10:33:43,429 - banking_customer_churn_prediction.pipelines.etl.nodes - INFO - Dropped columns: ['RowNumber', 'CustomerId', 'Surname']
2026-01-28 10:33:43,446 - banking_customer_churn_prediction.pipelines.etl.nodes - INFO - Cleaned data shape: (10000, 11)
2026-01-28 10:33:43,454 - kedro.io.data_catalog - INFO - Saving data to [dark_orange]cleaned_customers[/dark_orange] (ParquetDataset)...
2026-01-28 10:33:43,509 - kedro.runner.sequential_runner - INFO - Completed node: clean_and_prepare_data
2026-01-28 10:33:43,509 - kedro.runner.sequential_runner - INFO - Completed 3 out of 8 tasks
2026-01-28 10:33:43,509 - kedro.io.data_catalog - INFO - Loading data from [dark_orange]cleaned_customers[/dark_orange] (ParquetDataset)...
2026-01-28 10:33:43,568 - kedro.io.data_catalog - INFO - Loading data from [dark_orange]params:data.columns.numeric[/dark_orange] (MemoryDataset)...
2026-01-28 10:33:43,574 - kedro.io.data_catalog - INFO - Loading data from [dark_orange]params:data.columns.categorical[/dark_orange] (MemoryDataset)...
2026-01-28 10:33:43,583 - kedro.io.data_catalog - INFO - Loading data from [dark_orange]params:features[/dark_orange] (MemoryDataset)...
2026-01-28 10:33:43,590 - kedro.pipeline.node - INFO - Running node: create_engineered_features: create_features([cleaned_customers;params:data.columns.numeric;params:data.columns.categorical;params:features]) -> [features_df]
2026-01-28 10:33:43,598 - banking_customer_churn_prediction.pipelines.feature_engineering.nodes - INFO - Created feature: avg_bal_per_product
2026-01-28 10:33:43,604 - banking_customer_churn_prediction.pipelines.feature_engineering.nodes - INFO - Created feature: tenure_bucket
2026-01-28 10:33:43,611 - banking_customer_churn_prediction.pipelines.feature_engineering.nodes - INFO - Feature engineering complete. Shape: (10000, 13)
2026-01-28 10:33:43,613 - kedro.io.data_catalog - INFO - Saving data to [dark_orange]features_df[/dark_orange] (MemoryDataset)...
2026-01-28 10:33:43,626 - kedro.runner.sequential_runner - INFO - Completed node: create_engineered_features
2026-01-28 10:33:43,628 - kedro.runner.sequential_runner - INFO - Completed 4 out of 8 tasks
2026-01-28 10:33:43,632 - kedro.io.data_catalog - INFO - Loading data from [dark_orange]features_df[/dark_orange] (MemoryDataset)...
2026-01-28 10:33:43,642 - kedro.io.data_catalog - INFO - Loading data from [dark_orange]params:data.target[/dark_orange] (MemoryDataset)...
2026-01-28 10:33:43,649 - kedro.io.data_catalog - INFO - Loading data from [dark_orange]params:data.test_size[/dark_orange] (MemoryDataset)...
2026-01-28 10:33:43,656 - kedro.io.data_catalog - INFO - Loading data from [dark_orange]params:data.val_size[/dark_orange] (MemoryDataset)...
2026-01-28 10:33:43,663 - kedro.io.data_catalog - INFO - Loading data from [dark_orange]params:data.random_state[/dark_orange] (MemoryDataset)...
2026-01-28 10:33:43,666 - kedro.io.data_catalog - INFO - Loading data from [dark_orange]params:data.stratify[/dark_orange] (MemoryDataset)...
2026-01-28 10:33:43,675 - kedro.pipeline.node - INFO - Running node: split_features_target: split_features_target([features_df;params:data.target;params:data.test_size;params:data.val_size;params:data.random_state;params:data.stratify]) -> [X_train;X_val;X_test;y_train;y_val;y_test]
2026-01-28 10:33:43,697 - banking_customer_churn_prediction.pipelines.feature_engineering.nodes - INFO - Data split complete:
2026-01-28 10:33:43,709 - banking_customer_churn_prediction.pipelines.feature_engineering.nodes - INFO -   Train: 7000 samples (1426 positive)
2026-01-28 10:33:43,712 - banking_customer_churn_prediction.pipelines.feature_engineering.nodes - INFO -   Val: 1500 samples (305 positive)
2026-01-28 10:33:43,721 - banking_customer_churn_prediction.pipelines.feature_engineering.nodes - INFO -   Test: 1500 samples (306 positive)
2026-01-28 10:33:43,728 - kedro.io.data_catalog - INFO - Saving data to [dark_orange]X_train[/dark_orange] (ParquetDataset)...
2026-01-28 10:33:43,762 - kedro.io.data_catalog - INFO - Saving data to [dark_orange]X_val[/dark_orange] (ParquetDataset)...
2026-01-28 10:33:43,772 - kedro.io.data_catalog - INFO - Saving data to [dark_orange]X_test[/dark_orange] (ParquetDataset)...
2026-01-28 10:33:43,793 - kedro.io.data_catalog - INFO - Saving data to [dark_orange]y_train[/dark_orange] (PickleDataset)...
2026-01-28 10:33:43,805 - kedro.io.data_catalog - INFO - Saving data to [dark_orange]y_val[/dark_orange] (PickleDataset)...
2026-01-28 10:33:43,812 - kedro.io.data_catalog - INFO - Saving data to [dark_orange]y_test[/dark_orange] (PickleDataset)...
2026-01-28 10:33:43,822 - kedro.runner.sequential_runner - INFO - Completed node: split_features_target
2026-01-28 10:33:43,830 - kedro.runner.sequential_runner - INFO - Completed 5 out of 8 tasks
2026-01-28 10:33:43,835 - kedro.io.data_catalog - INFO - Loading data from [dark_orange]feature_preprocessor[/dark_orange] (PickleDataset)...
2026-01-28 10:33:43,860 - kedro.io.data_catalog - INFO - Loading data from [dark_orange]X_train[/dark_orange] (ParquetDataset)...
2026-01-28 10:33:43,894 - kedro.io.data_catalog - INFO - Loading data from [dark_orange]X_val[/dark_orange] (ParquetDataset)...
2026-01-28 10:33:43,921 - kedro.io.data_catalog - INFO - Loading data from [dark_orange]X_test[/dark_orange] (ParquetDataset)...
2026-01-28 10:33:43,945 - kedro.pipeline.node - INFO - Running node: fit_and_transform_preprocessor: fit_preprocessor([feature_preprocessor;X_train;X_val;X_test]) -> [X_train_processed;X_val_processed;X_test_processed;feature_preprocessor_fitted]
2026-01-28 10:33:43,956 - banking_customer_churn_prediction.pipelines.preprocessing.nodes - INFO - Fitting preprocessor on training data...
2026-01-28 10:33:44,028 - banking_customer_churn_prediction.pipelines.preprocessing.nodes - INFO - Preprocessing complete. Feature count: 9
2026-01-28 10:33:44,040 - kedro.io.data_catalog - INFO - Saving data to [dark_orange]X_train_processed[/dark_orange] (MemoryDataset)...
2026-01-28 10:33:44,045 - kedro.io.data_catalog - INFO - Saving data to [dark_orange]X_val_processed[/dark_orange] (MemoryDataset)...
2026-01-28 10:33:44,049 - kedro.io.data_catalog - INFO - Saving data to [dark_orange]X_test_processed[/dark_orange] (MemoryDataset)...
2026-01-28 10:33:44,058 - kedro.io.data_catalog - INFO - Saving data to [dark_orange]feature_preprocessor_fitted[/dark_orange] (MemoryDataset)...
2026-01-28 10:33:44,065 - kedro.runner.sequential_runner - INFO - Completed node: fit_and_transform_preprocessor
2026-01-28 10:33:44,070 - kedro.runner.sequential_runner - INFO - Completed 6 out of 8 tasks
2026-01-28 10:33:44,077 - kedro.io.data_catalog - INFO - Loading data from [dark_orange]X_train_processed[/dark_orange] (MemoryDataset)...
2026-01-28 10:33:44,081 - kedro.io.data_catalog - INFO - Loading data from [dark_orange]y_train[/dark_orange] (PickleDataset)...
2026-01-28 10:33:44,110 - kedro.io.data_catalog - INFO - Loading data from [dark_orange]X_val_processed[/dark_orange] (MemoryDataset)...
2026-01-28 10:33:44,115 - kedro.io.data_catalog - INFO - Loading data from [dark_orange]y_val[/dark_orange] (PickleDataset)...
2026-01-28 10:33:44,141 - kedro.io.data_catalog - INFO - Loading data from [dark_orange]params:models[/dark_orange] (MemoryDataset)...
2026-01-28 10:33:44,148 - kedro.io.data_catalog - INFO - Loading data from [dark_orange]params:training[/dark_orange] (MemoryDataset)...
2026-01-28 10:33:44,155 - kedro.pipeline.node - INFO - Running node: train_models_with_cv: train_models_with_cv([X_train_processed;y_train;X_val_processed;y_val;params:models;params:training]) -> [trained_models;model_metrics;cv_metrics;best_model_name;best_model;best_model_metrics;training_data_ref]
2026-01-28 10:33:44,160 - banking_customer_churn_prediction.pipelines.training.nodes - INFO - Training models on 7000 samples
2026-01-28 10:33:44,161 - banking_customer_churn_prediction.pipelines.training.nodes - INFO - Training logistic_regression...
2026-01-28 10:33:50,440 - banking_customer_churn_prediction.pipelines.training.nodes - INFO - logistic_regression - CV AUC: 0.7589 ± 0.0190
2026-01-28 10:33:50,440 - banking_customer_churn_prediction.pipelines.training.nodes - INFO - logistic_regression - Val AUC: 0.7450
2026-01-28 10:33:50,450 - banking_customer_churn_prediction.pipelines.training.nodes - INFO - Training random_forest...
2026-01-28 10:33:58,234 - banking_customer_churn_prediction.pipelines.training.nodes - INFO - random_forest - CV AUC: 0.8521 ± 0.0057
2026-01-28 10:33:58,234 - banking_customer_churn_prediction.pipelines.training.nodes - INFO - random_forest - Val AUC: 0.8515
2026-01-28 10:33:58,241 - banking_customer_churn_prediction.pipelines.training.nodes - INFO - Training xgboost...
2026-01-28 10:34:00,043 - banking_customer_churn_prediction.pipelines.training.nodes - INFO - xgboost - CV AUC: 0.8442 ± 0.0055
2026-01-28 10:34:00,047 - banking_customer_churn_prediction.pipelines.training.nodes - INFO - xgboost - Val AUC: 0.8358
2026-01-28 10:34:00,047 - banking_customer_churn_prediction.pipelines.training.nodes - INFO - Best model: random_forest with AUC: 0.8515
2026-01-28 10:34:00,053 - kedro.io.data_catalog - INFO - Saving data to [dark_orange]trained_models[/dark_orange] (MemoryDataset)...
2026-01-28 10:34:00,212 - kedro.io.data_catalog - INFO - Saving data to [dark_orange]model_metrics[/dark_orange] (JSONDataset)...
2026-01-28 10:34:00,235 - kedro.io.data_catalog - INFO - Saving data to [dark_orange]cv_metrics[/dark_orange] (MemoryDataset)...
2026-01-28 10:34:00,254 - kedro.io.data_catalog - INFO - Saving data to [dark_orange]best_model_name[/dark_orange] (MemoryDataset)...
2026-01-28 10:34:00,261 - kedro.io.data_catalog - INFO - Saving data to [dark_orange]best_model[/dark_orange] (PickleDataset)...
2026-01-28 10:34:00,296 - kedro.io.data_catalog - INFO - Saving data to [dark_orange]best_model_metrics[/dark_orange] (MemoryDataset)...
2026-01-28 10:34:00,303 - kedro.io.data_catalog - INFO - Saving data to [dark_orange]training_data_ref[/dark_orange] (MemoryDataset)...
2026-01-28 10:34:00,311 - kedro.runner.sequential_runner - INFO - Completed node: train_models_with_cv
2026-01-28 10:34:00,313 - kedro.runner.sequential_runner - INFO - Completed 7 out of 8 tasks
2026-01-28 10:34:00,323 - kedro.io.data_catalog - INFO - Loading data from [dark_orange]best_model[/dark_orange] (PickleDataset)...
2026-01-28 10:34:00,367 - kedro.io.data_catalog - INFO - Loading data from [dark_orange]best_model_name[/dark_orange] (MemoryDataset)...
2026-01-28 10:34:00,373 - kedro.io.data_catalog - INFO - Loading data from [dark_orange]best_model_metrics[/dark_orange] (MemoryDataset)...
2026-01-28 10:34:00,378 - kedro.io.data_catalog - INFO - Loading data from [dark_orange]cv_metrics[/dark_orange] (MemoryDataset)...
2026-01-28 10:34:00,384 - kedro.io.data_catalog - INFO - Loading data from [dark_orange]training_data_ref[/dark_orange] (MemoryDataset)...
2026-01-28 10:34:00,392 - kedro.io.data_catalog - INFO - Loading data from [dark_orange]params:models[/dark_orange] (MemoryDataset)...
2026-01-28 10:34:00,398 - kedro.pipeline.node - INFO - Running node: log_best_model_to_mlflow: log_to_mlflow([best_model;best_model_name;best_model_metrics;cv_metrics;training_data_ref;params:models]) -> [mlflow_run_id]
2026-01-28 10:34:11,989 - banking_customer_churn_prediction.pipelines.training.nodes - INFO - Logged to MLflow run: a8317c5e003d4ec199977bdb9cfbd8fa
2026-01-28 10:34:12,020 - kedro.io.data_catalog - INFO - Saving data to [dark_orange]mlflow_run_id[/dark_orange] (MemoryDataset)...
2026-01-28 10:34:12,020 - kedro.runner.sequential_runner - INFO - Completed node: log_best_model_to_mlflow
2026-01-28 10:34:12,030 - kedro.runner.sequential_runner - INFO - Completed 8 out of 8 tasks
2026-01-28 10:34:12,036 - kedro.runner.sequential_runner - INFO - Pipeline execution completed successfully in 28.8 sec.
2026-01-28 10:51:04,490 - kedro.framework.project - INFO - Using 'conf\logging.yml' as logging configuration. You can change this by setting the KEDRO_LOGGING_CONFIG environment variable accordingly.
2026-01-28 11:00:29,059 - kedro.framework.project - INFO - Using 'conf\logging.yml' as logging configuration. You can change this by setting the KEDRO_LOGGING_CONFIG environment variable accordingly.
2026-01-28 11:00:29,206 - kedro.runner.sequential_runner - INFO - Using synchronous mode for loading and saving data. Use the --async flag for potential performance gains. https://docs.kedro.org/en/stable/nodes_and_pipelines/run_a_pipeline.html#load-and-save-asynchronously
2026-01-28 11:00:29,206 - kedro.io.data_catalog - INFO - Loading data from [dark_orange]raw_churn[/dark_orange] (MemoryDataset)...
2026-01-28 11:00:29,216 - kedro.pipeline.node - INFO - Running node: extract_raw_data: extract_raw([raw_churn]) -> [raw_df;raw_data_quality_metrics]
2026-01-28 11:00:29,219 - banking_customer_churn_prediction.pipelines.etl.nodes - INFO - Extracting raw data with shape: (3, 12)
2026-01-28 11:00:29,257 - banking_customer_churn_prediction.pipelines.etl.nodes - INFO - Data quality metrics: {'row_count': 3, 'column_count': 12, 'null_percentage': np.float64(0.0), 'duplicate_rows': np.int64(0), 'churn_rate': np.float64(0.3333333333333333)}
2026-01-28 11:00:29,259 - kedro.io.data_catalog - INFO - Saving data to [dark_orange]raw_df[/dark_orange] (MemoryDataset)...
2026-01-28 11:00:29,267 - kedro.io.data_catalog - INFO - Saving data to [dark_orange]raw_data_quality_metrics[/dark_orange] (MemoryDataset)...
2026-01-28 11:00:29,269 - kedro.runner.sequential_runner - INFO - Completed node: extract_raw_data
2026-01-28 11:00:29,274 - kedro.runner.sequential_runner - INFO - Completed 1 out of 2 tasks
2026-01-28 11:00:29,278 - kedro.io.data_catalog - INFO - Loading data from [dark_orange]raw_df[/dark_orange] (MemoryDataset)...
2026-01-28 11:00:29,278 - kedro.io.data_catalog - INFO - Loading data from [dark_orange]raw_data_quality_metrics[/dark_orange] (MemoryDataset)...
2026-01-28 11:00:29,290 - kedro.io.data_catalog - INFO - Loading data from [dark_orange]params:data.columns.drop[/dark_orange] (MemoryDataset)...
2026-01-28 11:00:29,296 - kedro.io.data_catalog - INFO - Loading data from [dark_orange]params:data.random_state[/dark_orange] (MemoryDataset)...
2026-01-28 11:00:29,302 - kedro.pipeline.node - INFO - Running node: clean_and_prepare_data: clean_and_prepare_data([raw_df;raw_data_quality_metrics;params:data.columns.drop;params:data.random_state]) -> [cleaned_customers]
2026-01-28 11:00:29,305 - banking_customer_churn_prediction.pipelines.etl.nodes - INFO - Starting data cleaning with shape: (3, 12)
2026-01-28 11:00:29,314 - banking_customer_churn_prediction.pipelines.etl.nodes - INFO - Dropped columns: ['CustomerId']
2026-01-28 11:00:29,320 - banking_customer_churn_prediction.pipelines.etl.nodes - INFO - Cleaned data shape: (3, 11)
2026-01-28 11:00:29,323 - kedro.io.data_catalog - INFO - Saving data to [dark_orange]cleaned_customers[/dark_orange] (MemoryDataset)...
2026-01-28 11:00:29,328 - kedro.runner.sequential_runner - INFO - Completed node: clean_and_prepare_data
2026-01-28 11:00:29,331 - kedro.runner.sequential_runner - INFO - Completed 2 out of 2 tasks
2026-01-28 11:00:29,331 - kedro.runner.sequential_runner - INFO - Pipeline execution completed successfully in 0.1 sec.
2026-01-28 11:13:17,003 - kedro.framework.project - INFO - Using 'conf\logging.yml' as logging configuration. You can change this by setting the KEDRO_LOGGING_CONFIG environment variable accordingly.
2026-01-28 11:13:22,630 - kedro.runner.sequential_runner - INFO - Using synchronous mode for loading and saving data. Use the --async flag for potential performance gains. https://docs.kedro.org/en/stable/nodes_and_pipelines/run_a_pipeline.html#load-and-save-asynchronously
2026-01-28 11:13:22,637 - kedro.io.data_catalog - INFO - Loading data from [dark_orange]raw_churn[/dark_orange] (MemoryDataset)...
2026-01-28 11:13:22,645 - kedro.pipeline.node - INFO - Running node: extract_raw_data: extract_raw([raw_churn]) -> [raw_df;raw_data_quality_metrics]
2026-01-28 11:13:22,648 - banking_customer_churn_prediction.pipelines.etl.nodes - INFO - Extracting raw data with shape: (3, 14)
2026-01-28 11:13:22,658 - banking_customer_churn_prediction.pipelines.etl.nodes - INFO - Data quality metrics: {'row_count': 3, 'column_count': 14, 'null_percentage': np.float64(0.0), 'duplicate_rows': np.int64(0), 'churn_rate': np.float64(0.3333333333333333)}
2026-01-28 11:13:22,660 - kedro.io.data_catalog - INFO - Saving data to [dark_orange]raw_df[/dark_orange] (MemoryDataset)...
2026-01-28 11:13:22,675 - kedro.io.data_catalog - INFO - Saving data to [dark_orange]raw_data_quality_metrics[/dark_orange] (MemoryDataset)...
2026-01-28 11:13:22,679 - kedro.runner.sequential_runner - INFO - Completed node: extract_raw_data
2026-01-28 11:13:22,679 - kedro.runner.sequential_runner - INFO - Completed 1 out of 2 tasks
2026-01-28 11:13:22,679 - kedro.io.data_catalog - INFO - Loading data from [dark_orange]raw_df[/dark_orange] (MemoryDataset)...
2026-01-28 11:13:22,690 - kedro.io.data_catalog - INFO - Loading data from [dark_orange]raw_data_quality_metrics[/dark_orange] (MemoryDataset)...
2026-01-28 11:13:22,690 - kedro.io.data_catalog - INFO - Loading data from [dark_orange]params:data.columns.drop[/dark_orange] (MemoryDataset)...
2026-01-28 11:13:22,701 - kedro.io.data_catalog - INFO - Loading data from [dark_orange]params:data.random_state[/dark_orange] (MemoryDataset)...
2026-01-28 11:13:22,709 - kedro.pipeline.node - INFO - Running node: clean_and_prepare_data: clean_and_prepare_data([raw_df;raw_data_quality_metrics;params:data.columns.drop;params:data.random_state]) -> [cleaned_customers]
2026-01-28 11:13:22,721 - banking_customer_churn_prediction.pipelines.etl.nodes - INFO - Starting data cleaning with shape: (3, 14)
2026-01-28 11:13:22,732 - banking_customer_churn_prediction.pipelines.etl.nodes - INFO - Dropped columns: ['RowNumber', 'CustomerId', 'Surname']
2026-01-28 11:13:22,736 - banking_customer_churn_prediction.pipelines.etl.nodes - INFO - Cleaned data shape: (3, 11)
2026-01-28 11:13:22,742 - kedro.io.data_catalog - INFO - Saving data to [dark_orange]cleaned_customers[/dark_orange] (MemoryDataset)...
2026-01-28 11:13:22,742 - kedro.runner.sequential_runner - INFO - Completed node: clean_and_prepare_data
2026-01-28 11:13:22,751 - kedro.runner.sequential_runner - INFO - Completed 2 out of 2 tasks
2026-01-28 11:13:22,751 - kedro.runner.sequential_runner - INFO - Pipeline execution completed successfully in 0.1 sec.
2026-01-28 11:13:22,751 - kedro.io.data_catalog - INFO - Loading data from [dark_orange]cleaned_customers[/dark_orange] (MemoryDataset)...
2026-01-28 11:13:22,828 - kedro.runner.sequential_runner - INFO - Using synchronous mode for loading and saving data. Use the --async flag for potential performance gains. https://docs.kedro.org/en/stable/nodes_and_pipelines/run_a_pipeline.html#load-and-save-asynchronously
2026-01-28 11:13:22,837 - kedro.io.data_catalog - INFO - Loading data from [dark_orange]cleaned_customers[/dark_orange] (MemoryDataset)...
2026-01-28 11:13:22,846 - kedro.io.data_catalog - INFO - Loading data from [dark_orange]params:data.columns.numeric[/dark_orange] (MemoryDataset)...
2026-01-28 11:13:22,851 - kedro.io.data_catalog - INFO - Loading data from [dark_orange]params:data.columns.categorical[/dark_orange] (MemoryDataset)...
2026-01-28 11:13:22,857 - kedro.io.data_catalog - INFO - Loading data from [dark_orange]params:features[/dark_orange] (MemoryDataset)...
2026-01-28 11:13:22,862 - kedro.pipeline.node - INFO - Running node: create_engineered_features: create_features([cleaned_customers;params:data.columns.numeric;params:data.columns.categorical;params:features]) -> [features_df]
2026-01-28 11:13:22,866 - banking_customer_churn_prediction.pipelines.feature_engineering.nodes - INFO - Created feature: avg_bal_per_product
2026-01-28 11:13:22,869 - banking_customer_churn_prediction.pipelines.feature_engineering.nodes - INFO - Created feature: tenure_bucket
2026-01-28 11:13:22,881 - banking_customer_churn_prediction.pipelines.feature_engineering.nodes - INFO - Feature engineering complete. Shape: (3, 13)
2026-01-28 11:13:22,881 - kedro.io.data_catalog - INFO - Saving data to [dark_orange]features_df[/dark_orange] (MemoryDataset)...
2026-01-28 11:13:22,890 - kedro.runner.sequential_runner - INFO - Completed node: create_engineered_features
2026-01-28 11:13:22,890 - kedro.runner.sequential_runner - INFO - Completed 1 out of 2 tasks
2026-01-28 11:13:22,896 - kedro.io.data_catalog - INFO - Loading data from [dark_orange]features_df[/dark_orange] (MemoryDataset)...
2026-01-28 11:13:22,900 - kedro.io.data_catalog - INFO - Loading data from [dark_orange]params:data.target[/dark_orange] (MemoryDataset)...
2026-01-28 11:13:22,900 - kedro.io.data_catalog - INFO - Loading data from [dark_orange]params:data.test_size[/dark_orange] (MemoryDataset)...
2026-01-28 11:13:22,911 - kedro.io.data_catalog - INFO - Loading data from [dark_orange]params:data.val_size[/dark_orange] (MemoryDataset)...
2026-01-28 11:13:22,911 - kedro.io.data_catalog - INFO - Loading data from [dark_orange]params:data.random_state[/dark_orange] (MemoryDataset)...
2026-01-28 11:13:22,922 - kedro.io.data_catalog - INFO - Loading data from [dark_orange]params:data.stratify[/dark_orange] (MemoryDataset)...
2026-01-28 11:13:22,931 - kedro.pipeline.node - INFO - Running node: split_features_target: split_features_target([features_df;params:data.target;params:data.test_size;params:data.val_size;params:data.random_state;params:data.stratify]) -> [X_train;X_val;X_test;y_train;y_val;y_test]
2026-01-28 11:13:22,942 - kedro.pipeline.node - ERROR - Node split_features_target: split_features_target([features_df;params:data.target;params:data.test_size;params:data.val_size;params:data.random_state;params:data.stratify]) -> [X_train;X_val;X_test;y_train;y_val;y_test] failed with error: 
The least populated class in y has only 1 member, which is too few. The minimum number of groups for any class cannot be less than 2.
2026-01-28 11:13:22,953 - kedro.runner.sequential_runner - WARNING - There are 1 nodes that have not run.
You can resume the pipeline run from the nearest nodes with persisted inputs by adding the following argument to your previous command:
  --from-nodes "create_engineered_features"
2026-01-28 11:13:24,773 - kedro.runner.sequential_runner - INFO - Using synchronous mode for loading and saving data. Use the --async flag for potential performance gains. https://docs.kedro.org/en/stable/nodes_and_pipelines/run_a_pipeline.html#load-and-save-asynchronously
2026-01-28 11:13:24,784 - kedro.io.data_catalog - INFO - Loading data from [dark_orange]raw_churn[/dark_orange] (MemoryDataset)...
2026-01-28 11:13:24,806 - kedro.pipeline.node - INFO - Running node: extract_raw_data: extract_raw([raw_churn]) -> [raw_df;raw_data_quality_metrics]
2026-01-28 11:13:24,813 - banking_customer_churn_prediction.pipelines.etl.nodes - INFO - Extracting raw data with shape: (1, 2)
2026-01-28 11:13:24,820 - banking_customer_churn_prediction.pipelines.etl.nodes - ERROR - Data validation failed: Missing columns: {'Geography', 'HasCrCard', 'Tenure', 'Gender', 'NumOfProducts', 'Age', 'EstimatedSalary', 'IsActiveMember', 'Balance'}
2026-01-28 11:13:24,829 - kedro.pipeline.node - ERROR - Node extract_raw_data: extract_raw([raw_churn]) -> [raw_df;raw_data_quality_metrics] failed with error: 
Invalid raw data: Missing columns: {'Geography', 'HasCrCard', 'Tenure', 'Gender', 'NumOfProducts', 'Age', 'EstimatedSalary', 'IsActiveMember', 'Balance'}
2026-01-28 11:13:24,842 - kedro.runner.sequential_runner - WARNING - No nodes ran. Repeat the previous command to attempt a new run.
2026-01-28 11:24:09,468 - kedro.framework.project - INFO - Using 'conf\logging.yml' as logging configuration. You can change this by setting the KEDRO_LOGGING_CONFIG environment variable accordingly.
2026-01-28 11:24:15,548 - kedro.runner.sequential_runner - INFO - Using synchronous mode for loading and saving data. Use the --async flag for potential performance gains. https://docs.kedro.org/en/stable/nodes_and_pipelines/run_a_pipeline.html#load-and-save-asynchronously
2026-01-28 11:24:15,548 - kedro.io.data_catalog - INFO - Loading data from [dark_orange]raw_churn[/dark_orange] (MemoryDataset)...
2026-01-28 11:24:15,558 - kedro.pipeline.node - INFO - Running node: extract_raw_data: extract_raw([raw_churn]) -> [raw_df;raw_data_quality_metrics]
2026-01-28 11:24:15,573 - banking_customer_churn_prediction.pipelines.etl.nodes - INFO - Extracting raw data with shape: (10, 14)
2026-01-28 11:24:15,581 - banking_customer_churn_prediction.pipelines.etl.nodes - INFO - Data quality metrics: {'row_count': 10, 'column_count': 14, 'null_percentage': np.float64(0.0), 'duplicate_rows': np.int64(0), 'churn_rate': np.float64(0.4)}
2026-01-28 11:24:15,589 - kedro.io.data_catalog - INFO - Saving data to [dark_orange]raw_df[/dark_orange] (MemoryDataset)...
2026-01-28 11:24:15,604 - kedro.io.data_catalog - INFO - Saving data to [dark_orange]raw_data_quality_metrics[/dark_orange] (MemoryDataset)...
2026-01-28 11:24:15,610 - kedro.runner.sequential_runner - INFO - Completed node: extract_raw_data
2026-01-28 11:24:15,610 - kedro.runner.sequential_runner - INFO - Completed 1 out of 2 tasks
2026-01-28 11:24:15,610 - kedro.io.data_catalog - INFO - Loading data from [dark_orange]raw_df[/dark_orange] (MemoryDataset)...
2026-01-28 11:24:15,620 - kedro.io.data_catalog - INFO - Loading data from [dark_orange]raw_data_quality_metrics[/dark_orange] (MemoryDataset)...
2026-01-28 11:24:15,634 - kedro.io.data_catalog - INFO - Loading data from [dark_orange]params:data.columns.drop[/dark_orange] (MemoryDataset)...
2026-01-28 11:24:15,642 - kedro.io.data_catalog - INFO - Loading data from [dark_orange]params:data.random_state[/dark_orange] (MemoryDataset)...
2026-01-28 11:24:15,651 - kedro.pipeline.node - INFO - Running node: clean_and_prepare_data: clean_and_prepare_data([raw_df;raw_data_quality_metrics;params:data.columns.drop;params:data.random_state]) -> [cleaned_customers]
2026-01-28 11:24:15,651 - banking_customer_churn_prediction.pipelines.etl.nodes - INFO - Starting data cleaning with shape: (10, 14)
2026-01-28 11:24:15,661 - banking_customer_churn_prediction.pipelines.etl.nodes - INFO - Dropped columns: ['RowNumber', 'CustomerId', 'Surname']
2026-01-28 11:24:15,665 - banking_customer_churn_prediction.pipelines.etl.nodes - INFO - Cleaned data shape: (10, 11)
2026-01-28 11:24:15,665 - kedro.io.data_catalog - INFO - Saving data to [dark_orange]cleaned_customers[/dark_orange] (MemoryDataset)...
2026-01-28 11:24:15,671 - kedro.runner.sequential_runner - INFO - Completed node: clean_and_prepare_data
2026-01-28 11:24:15,671 - kedro.runner.sequential_runner - INFO - Completed 2 out of 2 tasks
2026-01-28 11:24:15,682 - kedro.runner.sequential_runner - INFO - Pipeline execution completed successfully in 0.1 sec.
2026-01-28 11:24:15,682 - kedro.io.data_catalog - INFO - Loading data from [dark_orange]cleaned_customers[/dark_orange] (MemoryDataset)...
2026-01-28 11:24:15,778 - kedro.runner.sequential_runner - INFO - Using synchronous mode for loading and saving data. Use the --async flag for potential performance gains. https://docs.kedro.org/en/stable/nodes_and_pipelines/run_a_pipeline.html#load-and-save-asynchronously
2026-01-28 11:24:15,782 - kedro.io.data_catalog - INFO - Loading data from [dark_orange]cleaned_customers[/dark_orange] (MemoryDataset)...
2026-01-28 11:24:15,787 - kedro.io.data_catalog - INFO - Loading data from [dark_orange]params:data.columns.numeric[/dark_orange] (MemoryDataset)...
2026-01-28 11:24:15,794 - kedro.io.data_catalog - INFO - Loading data from [dark_orange]params:data.columns.categorical[/dark_orange] (MemoryDataset)...
2026-01-28 11:24:15,799 - kedro.io.data_catalog - INFO - Loading data from [dark_orange]params:features[/dark_orange] (MemoryDataset)...
2026-01-28 11:24:15,804 - kedro.pipeline.node - INFO - Running node: create_engineered_features: create_features([cleaned_customers;params:data.columns.numeric;params:data.columns.categorical;params:features]) -> [features_df]
2026-01-28 11:24:15,810 - banking_customer_churn_prediction.pipelines.feature_engineering.nodes - INFO - Created feature: avg_bal_per_product
2026-01-28 11:24:15,810 - banking_customer_churn_prediction.pipelines.feature_engineering.nodes - INFO - Created feature: tenure_bucket
2026-01-28 11:24:15,819 - banking_customer_churn_prediction.pipelines.feature_engineering.nodes - INFO - Feature engineering complete. Shape: (10, 13)
2026-01-28 11:24:15,819 - kedro.io.data_catalog - INFO - Saving data to [dark_orange]features_df[/dark_orange] (MemoryDataset)...
2026-01-28 11:24:15,829 - kedro.runner.sequential_runner - INFO - Completed node: create_engineered_features
2026-01-28 11:24:15,839 - kedro.runner.sequential_runner - INFO - Completed 1 out of 2 tasks
2026-01-28 11:24:15,843 - kedro.io.data_catalog - INFO - Loading data from [dark_orange]features_df[/dark_orange] (MemoryDataset)...
2026-01-28 11:24:15,843 - kedro.io.data_catalog - INFO - Loading data from [dark_orange]params:data.target[/dark_orange] (MemoryDataset)...
2026-01-28 11:24:15,850 - kedro.io.data_catalog - INFO - Loading data from [dark_orange]params:data.test_size[/dark_orange] (MemoryDataset)...
2026-01-28 11:24:15,856 - kedro.io.data_catalog - INFO - Loading data from [dark_orange]params:data.val_size[/dark_orange] (MemoryDataset)...
2026-01-28 11:24:15,860 - kedro.io.data_catalog - INFO - Loading data from [dark_orange]params:data.random_state[/dark_orange] (MemoryDataset)...
2026-01-28 11:24:15,860 - kedro.io.data_catalog - INFO - Loading data from [dark_orange]params:data.stratify[/dark_orange] (MemoryDataset)...
2026-01-28 11:24:15,874 - kedro.pipeline.node - INFO - Running node: split_features_target: split_features_target([features_df;params:data.target;params:data.test_size;params:data.val_size;params:data.random_state;params:data.stratify]) -> [X_train;X_val;X_test;y_train;y_val;y_test]
2026-01-28 11:24:15,898 - banking_customer_churn_prediction.pipelines.feature_engineering.nodes - INFO - Data split complete:
2026-01-28 11:24:15,905 - banking_customer_churn_prediction.pipelines.feature_engineering.nodes - INFO -   Train: 6 samples (2 positive)
2026-01-28 11:24:15,909 - banking_customer_churn_prediction.pipelines.feature_engineering.nodes - INFO -   Val: 2 samples (1 positive)
2026-01-28 11:24:15,912 - banking_customer_churn_prediction.pipelines.feature_engineering.nodes - INFO -   Test: 2 samples (1 positive)
2026-01-28 11:24:15,912 - kedro.io.data_catalog - INFO - Saving data to [dark_orange]X_train[/dark_orange] (MemoryDataset)...
2026-01-28 11:24:15,922 - kedro.io.data_catalog - INFO - Saving data to [dark_orange]X_val[/dark_orange] (MemoryDataset)...
2026-01-28 11:24:15,925 - kedro.io.data_catalog - INFO - Saving data to [dark_orange]X_test[/dark_orange] (MemoryDataset)...
2026-01-28 11:24:15,940 - kedro.io.data_catalog - INFO - Saving data to [dark_orange]y_train[/dark_orange] (MemoryDataset)...
2026-01-28 11:24:15,943 - kedro.io.data_catalog - INFO - Saving data to [dark_orange]y_val[/dark_orange] (MemoryDataset)...
2026-01-28 11:24:15,943 - kedro.io.data_catalog - INFO - Saving data to [dark_orange]y_test[/dark_orange] (MemoryDataset)...
2026-01-28 11:24:15,955 - kedro.runner.sequential_runner - INFO - Completed node: split_features_target
2026-01-28 11:24:15,958 - kedro.runner.sequential_runner - INFO - Completed 2 out of 2 tasks
2026-01-28 11:24:15,963 - kedro.runner.sequential_runner - INFO - Pipeline execution completed successfully in 0.2 sec.
2026-01-28 11:24:15,963 - kedro.io.data_catalog - INFO - Loading data from [dark_orange]X_train[/dark_orange] (MemoryDataset)...
2026-01-28 11:24:15,970 - kedro.io.data_catalog - INFO - Loading data from [dark_orange]X_val[/dark_orange] (MemoryDataset)...
2026-01-28 11:24:15,976 - kedro.io.data_catalog - INFO - Loading data from [dark_orange]X_test[/dark_orange] (MemoryDataset)...
2026-01-28 11:24:16,088 - kedro.runner.sequential_runner - INFO - Using synchronous mode for loading and saving data. Use the --async flag for potential performance gains. https://docs.kedro.org/en/stable/nodes_and_pipelines/run_a_pipeline.html#load-and-save-asynchronously
2026-01-28 11:24:16,095 - kedro.io.data_catalog - INFO - Loading data from [dark_orange]params:data.columns.numeric[/dark_orange] (MemoryDataset)...
2026-01-28 11:24:16,100 - kedro.io.data_catalog - INFO - Loading data from [dark_orange]params:data.columns.categorical[/dark_orange] (MemoryDataset)...
2026-01-28 11:24:16,104 - kedro.io.data_catalog - INFO - Loading data from [dark_orange]params:features.preprocessing[/dark_orange] (MemoryDataset)...
2026-01-28 11:24:16,111 - kedro.pipeline.node - INFO - Running node: build_preprocessor: build_preprocessor([params:data.columns.numeric;params:data.columns.categorical;params:features.preprocessing]) -> [feature_preprocessor]
2026-01-28 11:24:16,111 - banking_customer_churn_prediction.pipelines.preprocessing.nodes - INFO - Built preprocessor for 6 numeric and 2 categorical features
2026-01-28 11:24:16,111 - kedro.io.data_catalog - INFO - Saving data to [dark_orange]feature_preprocessor[/dark_orange] (MemoryDataset)...
2026-01-28 11:24:16,121 - kedro.runner.sequential_runner - INFO - Completed node: build_preprocessor
2026-01-28 11:24:16,126 - kedro.runner.sequential_runner - INFO - Completed 1 out of 6 tasks
2026-01-28 11:24:16,131 - kedro.io.data_catalog - INFO - Loading data from [dark_orange]raw_churn[/dark_orange] (MemoryDataset)...
2026-01-28 11:24:16,131 - kedro.pipeline.node - INFO - Running node: extract_raw_data: extract_raw([raw_churn]) -> [raw_df;raw_data_quality_metrics]
2026-01-28 11:24:16,131 - banking_customer_churn_prediction.pipelines.etl.nodes - INFO - Extracting raw data with shape: (10, 14)
2026-01-28 11:24:16,152 - banking_customer_churn_prediction.pipelines.etl.nodes - INFO - Data quality metrics: {'row_count': 10, 'column_count': 14, 'null_percentage': np.float64(0.0), 'duplicate_rows': np.int64(0), 'churn_rate': np.float64(0.4)}
2026-01-28 11:24:16,157 - kedro.io.data_catalog - INFO - Saving data to [dark_orange]raw_df[/dark_orange] (MemoryDataset)...
2026-01-28 11:24:16,162 - kedro.io.data_catalog - INFO - Saving data to [dark_orange]raw_data_quality_metrics[/dark_orange] (MemoryDataset)...
2026-01-28 11:24:16,162 - kedro.runner.sequential_runner - INFO - Completed node: extract_raw_data
2026-01-28 11:24:16,172 - kedro.runner.sequential_runner - INFO - Completed 2 out of 6 tasks
2026-01-28 11:24:16,172 - kedro.io.data_catalog - INFO - Loading data from [dark_orange]raw_df[/dark_orange] (MemoryDataset)...
2026-01-28 11:24:16,187 - kedro.io.data_catalog - INFO - Loading data from [dark_orange]raw_data_quality_metrics[/dark_orange] (MemoryDataset)...
2026-01-28 11:24:16,193 - kedro.io.data_catalog - INFO - Loading data from [dark_orange]params:data.columns.drop[/dark_orange] (MemoryDataset)...
2026-01-28 11:24:16,203 - kedro.io.data_catalog - INFO - Loading data from [dark_orange]params:data.random_state[/dark_orange] (MemoryDataset)...
2026-01-28 11:24:16,212 - kedro.pipeline.node - INFO - Running node: clean_and_prepare_data: clean_and_prepare_data([raw_df;raw_data_quality_metrics;params:data.columns.drop;params:data.random_state]) -> [cleaned_customers]
2026-01-28 11:24:16,220 - banking_customer_churn_prediction.pipelines.etl.nodes - INFO - Starting data cleaning with shape: (10, 14)
2026-01-28 11:24:16,224 - banking_customer_churn_prediction.pipelines.etl.nodes - INFO - Dropped columns: ['RowNumber', 'CustomerId', 'Surname']
2026-01-28 11:24:16,226 - banking_customer_churn_prediction.pipelines.etl.nodes - INFO - Cleaned data shape: (10, 11)
2026-01-28 11:24:16,226 - kedro.io.data_catalog - INFO - Saving data to [dark_orange]cleaned_customers[/dark_orange] (MemoryDataset)...
2026-01-28 11:24:16,235 - kedro.runner.sequential_runner - INFO - Completed node: clean_and_prepare_data
2026-01-28 11:24:16,241 - kedro.runner.sequential_runner - INFO - Completed 3 out of 6 tasks
2026-01-28 11:24:16,245 - kedro.io.data_catalog - INFO - Loading data from [dark_orange]cleaned_customers[/dark_orange] (MemoryDataset)...
2026-01-28 11:24:16,245 - kedro.io.data_catalog - INFO - Loading data from [dark_orange]params:data.columns.numeric[/dark_orange] (MemoryDataset)...
2026-01-28 11:24:16,255 - kedro.io.data_catalog - INFO - Loading data from [dark_orange]params:data.columns.categorical[/dark_orange] (MemoryDataset)...
2026-01-28 11:24:16,255 - kedro.io.data_catalog - INFO - Loading data from [dark_orange]params:features[/dark_orange] (MemoryDataset)...
2026-01-28 11:24:16,266 - kedro.pipeline.node - INFO - Running node: create_engineered_features: create_features([cleaned_customers;params:data.columns.numeric;params:data.columns.categorical;params:features]) -> [features_df]
2026-01-28 11:24:16,271 - banking_customer_churn_prediction.pipelines.feature_engineering.nodes - INFO - Created feature: avg_bal_per_product
2026-01-28 11:24:16,276 - banking_customer_churn_prediction.pipelines.feature_engineering.nodes - INFO - Created feature: tenure_bucket
2026-01-28 11:24:16,276 - banking_customer_churn_prediction.pipelines.feature_engineering.nodes - INFO - Feature engineering complete. Shape: (10, 13)
2026-01-28 11:24:16,286 - kedro.io.data_catalog - INFO - Saving data to [dark_orange]features_df[/dark_orange] (MemoryDataset)...
2026-01-28 11:24:16,297 - kedro.runner.sequential_runner - INFO - Completed node: create_engineered_features
2026-01-28 11:24:16,301 - kedro.runner.sequential_runner - INFO - Completed 4 out of 6 tasks
2026-01-28 11:24:16,307 - kedro.io.data_catalog - INFO - Loading data from [dark_orange]features_df[/dark_orange] (MemoryDataset)...
2026-01-28 11:24:16,317 - kedro.io.data_catalog - INFO - Loading data from [dark_orange]params:data.target[/dark_orange] (MemoryDataset)...
2026-01-28 11:24:16,328 - kedro.io.data_catalog - INFO - Loading data from [dark_orange]params:data.test_size[/dark_orange] (MemoryDataset)...
2026-01-28 11:24:16,331 - kedro.io.data_catalog - INFO - Loading data from [dark_orange]params:data.val_size[/dark_orange] (MemoryDataset)...
2026-01-28 11:24:16,342 - kedro.io.data_catalog - INFO - Loading data from [dark_orange]params:data.random_state[/dark_orange] (MemoryDataset)...
2026-01-28 11:24:16,348 - kedro.io.data_catalog - INFO - Loading data from [dark_orange]params:data.stratify[/dark_orange] (MemoryDataset)...
2026-01-28 11:24:16,348 - kedro.pipeline.node - INFO - Running node: split_features_target: split_features_target([features_df;params:data.target;params:data.test_size;params:data.val_size;params:data.random_state;params:data.stratify]) -> [X_train;X_val;X_test;y_train;y_val;y_test]
2026-01-28 11:24:16,362 - banking_customer_churn_prediction.pipelines.feature_engineering.nodes - INFO - Data split complete:
2026-01-28 11:24:16,369 - banking_customer_churn_prediction.pipelines.feature_engineering.nodes - INFO -   Train: 6 samples (2 positive)
2026-01-28 11:24:16,373 - banking_customer_churn_prediction.pipelines.feature_engineering.nodes - INFO -   Val: 2 samples (1 positive)
2026-01-28 11:24:16,377 - banking_customer_churn_prediction.pipelines.feature_engineering.nodes - INFO -   Test: 2 samples (1 positive)
2026-01-28 11:24:16,379 - kedro.io.data_catalog - INFO - Saving data to [dark_orange]X_train[/dark_orange] (MemoryDataset)...
2026-01-28 11:24:16,382 - kedro.io.data_catalog - INFO - Saving data to [dark_orange]X_val[/dark_orange] (MemoryDataset)...
2026-01-28 11:24:16,389 - kedro.io.data_catalog - INFO - Saving data to [dark_orange]X_test[/dark_orange] (MemoryDataset)...
2026-01-28 11:24:16,392 - kedro.io.data_catalog - INFO - Saving data to [dark_orange]y_train[/dark_orange] (MemoryDataset)...
2026-01-28 11:24:16,399 - kedro.io.data_catalog - INFO - Saving data to [dark_orange]y_val[/dark_orange] (MemoryDataset)...
2026-01-28 11:24:16,403 - kedro.io.data_catalog - INFO - Saving data to [dark_orange]y_test[/dark_orange] (MemoryDataset)...
2026-01-28 11:24:16,412 - kedro.runner.sequential_runner - INFO - Completed node: split_features_target
2026-01-28 11:24:16,414 - kedro.runner.sequential_runner - INFO - Completed 5 out of 6 tasks
2026-01-28 11:24:16,418 - kedro.io.data_catalog - INFO - Loading data from [dark_orange]feature_preprocessor[/dark_orange] (MemoryDataset)...
2026-01-28 11:24:16,425 - kedro.io.data_catalog - INFO - Loading data from [dark_orange]X_train[/dark_orange] (MemoryDataset)...
2026-01-28 11:24:16,430 - kedro.io.data_catalog - INFO - Loading data from [dark_orange]X_val[/dark_orange] (MemoryDataset)...
2026-01-28 11:24:16,434 - kedro.io.data_catalog - INFO - Loading data from [dark_orange]X_test[/dark_orange] (MemoryDataset)...
2026-01-28 11:24:16,434 - kedro.pipeline.node - INFO - Running node: fit_and_transform_preprocessor: fit_preprocessor([feature_preprocessor;X_train;X_val;X_test]) -> [X_train_processed;X_val_processed;X_test_processed;feature_preprocessor_fitted]
2026-01-28 11:24:16,444 - banking_customer_churn_prediction.pipelines.preprocessing.nodes - INFO - Fitting preprocessor on training data...
2026-01-28 11:24:16,516 - banking_customer_churn_prediction.pipelines.preprocessing.nodes - INFO - Preprocessing complete. Feature count: 9
2026-01-28 11:24:16,523 - kedro.io.data_catalog - INFO - Saving data to [dark_orange]X_train_processed[/dark_orange] (MemoryDataset)...
2026-01-28 11:24:16,533 - kedro.io.data_catalog - INFO - Saving data to [dark_orange]X_val_processed[/dark_orange] (MemoryDataset)...
2026-01-28 11:24:16,549 - kedro.io.data_catalog - INFO - Saving data to [dark_orange]X_test_processed[/dark_orange] (MemoryDataset)...
2026-01-28 11:24:16,554 - kedro.io.data_catalog - INFO - Saving data to [dark_orange]feature_preprocessor_fitted[/dark_orange] (MemoryDataset)...
2026-01-28 11:24:16,560 - kedro.runner.sequential_runner - INFO - Completed node: fit_and_transform_preprocessor
2026-01-28 11:24:16,563 - kedro.runner.sequential_runner - INFO - Completed 6 out of 6 tasks
2026-01-28 11:24:16,568 - kedro.runner.sequential_runner - INFO - Pipeline execution completed successfully in 0.5 sec.
2026-01-28 11:24:16,658 - kedro.runner.sequential_runner - INFO - Using synchronous mode for loading and saving data. Use the --async flag for potential performance gains. https://docs.kedro.org/en/stable/nodes_and_pipelines/run_a_pipeline.html#load-and-save-asynchronously
2026-01-28 11:24:16,663 - kedro.io.data_catalog - INFO - Loading data from [dark_orange]raw_churn[/dark_orange] (MemoryDataset)...
2026-01-28 11:24:16,668 - kedro.pipeline.node - INFO - Running node: extract_raw_data: extract_raw([raw_churn]) -> [raw_df;raw_data_quality_metrics]
2026-01-28 11:24:16,671 - banking_customer_churn_prediction.pipelines.etl.nodes - INFO - Extracting raw data with shape: (2, 14)
2026-01-28 11:24:16,680 - banking_customer_churn_prediction.pipelines.etl.nodes - INFO - Data quality metrics: {'row_count': 2, 'column_count': 14, 'null_percentage': np.float64(0.0), 'duplicate_rows': np.int64(0), 'churn_rate': np.float64(0.5)}
2026-01-28 11:24:16,685 - kedro.io.data_catalog - INFO - Saving data to [dark_orange]raw_df[/dark_orange] (MemoryDataset)...
2026-01-28 11:24:16,690 - kedro.io.data_catalog - INFO - Saving data to [dark_orange]raw_data_quality_metrics[/dark_orange] (MemoryDataset)...
2026-01-28 11:24:16,693 - kedro.runner.sequential_runner - INFO - Completed node: extract_raw_data
2026-01-28 11:24:16,702 - kedro.runner.sequential_runner - INFO - Completed 1 out of 2 tasks
2026-01-28 11:24:16,712 - kedro.io.data_catalog - INFO - Loading data from [dark_orange]raw_df[/dark_orange] (MemoryDataset)...
2026-01-28 11:24:16,724 - kedro.io.data_catalog - INFO - Loading data from [dark_orange]raw_data_quality_metrics[/dark_orange] (MemoryDataset)...
2026-01-28 11:24:16,733 - kedro.io.data_catalog - INFO - Loading data from [dark_orange]params:data.columns.drop[/dark_orange] (MemoryDataset)...
2026-01-28 11:24:16,743 - kedro.io.data_catalog - INFO - Loading data from [dark_orange]params:data.random_state[/dark_orange] (MemoryDataset)...
2026-01-28 11:24:16,754 - kedro.pipeline.node - INFO - Running node: clean_and_prepare_data: clean_and_prepare_data([raw_df;raw_data_quality_metrics;params:data.columns.drop;params:data.random_state]) -> [cleaned_customers]
2026-01-28 11:24:16,761 - banking_customer_churn_prediction.pipelines.etl.nodes - INFO - Starting data cleaning with shape: (2, 14)
2026-01-28 11:24:16,766 - banking_customer_churn_prediction.pipelines.etl.nodes - INFO - Dropped columns: ['RowNumber', 'CustomerId', 'Surname']
2026-01-28 11:24:16,772 - banking_customer_churn_prediction.pipelines.etl.nodes - INFO - Cleaned data shape: (2, 11)
2026-01-28 11:24:16,775 - kedro.io.data_catalog - INFO - Saving data to [dark_orange]cleaned_customers[/dark_orange] (MemoryDataset)...
2026-01-28 11:24:16,787 - kedro.runner.sequential_runner - INFO - Completed node: clean_and_prepare_data
2026-01-28 11:24:16,792 - kedro.runner.sequential_runner - INFO - Completed 2 out of 2 tasks
2026-01-28 11:24:16,795 - kedro.runner.sequential_runner - INFO - Pipeline execution completed successfully in 0.1 sec.
2026-01-28 11:29:37,666 - kedro.framework.project - INFO - Using 'conf\logging.yml' as logging configuration. You can change this by setting the KEDRO_LOGGING_CONFIG environment variable accordingly.
2026-01-28 11:29:42,966 - kedro.runner.sequential_runner - INFO - Using synchronous mode for loading and saving data. Use the --async flag for potential performance gains. https://docs.kedro.org/en/stable/nodes_and_pipelines/run_a_pipeline.html#load-and-save-asynchronously
2026-01-28 11:29:42,966 - kedro.io.data_catalog - INFO - Loading data from [dark_orange]raw_churn[/dark_orange] (MemoryDataset)...
2026-01-28 11:29:42,977 - kedro.pipeline.node - INFO - Running node: extract_raw_data: extract_raw([raw_churn]) -> [raw_df;raw_data_quality_metrics]
2026-01-28 11:29:42,980 - banking_customer_churn_prediction.pipelines.etl.nodes - INFO - Extracting raw data with shape: (10, 14)
2026-01-28 11:29:42,997 - banking_customer_churn_prediction.pipelines.etl.nodes - INFO - Data quality metrics: {'row_count': 10, 'column_count': 14, 'null_percentage': np.float64(0.0), 'duplicate_rows': np.int64(0), 'churn_rate': np.float64(0.4)}
2026-01-28 11:29:43,008 - kedro.io.data_catalog - INFO - Saving data to [dark_orange]raw_df[/dark_orange] (MemoryDataset)...
2026-01-28 11:29:43,011 - kedro.io.data_catalog - INFO - Saving data to [dark_orange]raw_data_quality_metrics[/dark_orange] (MemoryDataset)...
2026-01-28 11:29:43,018 - kedro.runner.sequential_runner - INFO - Completed node: extract_raw_data
2026-01-28 11:29:43,021 - kedro.runner.sequential_runner - INFO - Completed 1 out of 2 tasks
2026-01-28 11:29:43,026 - kedro.io.data_catalog - INFO - Loading data from [dark_orange]raw_df[/dark_orange] (MemoryDataset)...
2026-01-28 11:29:43,028 - kedro.io.data_catalog - INFO - Loading data from [dark_orange]raw_data_quality_metrics[/dark_orange] (MemoryDataset)...
2026-01-28 11:29:43,038 - kedro.io.data_catalog - INFO - Loading data from [dark_orange]params:data.columns.drop[/dark_orange] (MemoryDataset)...
2026-01-28 11:29:43,041 - kedro.io.data_catalog - INFO - Loading data from [dark_orange]params:data.random_state[/dark_orange] (MemoryDataset)...
2026-01-28 11:29:43,048 - kedro.pipeline.node - INFO - Running node: clean_and_prepare_data: clean_and_prepare_data([raw_df;raw_data_quality_metrics;params:data.columns.drop;params:data.random_state]) -> [cleaned_customers]
2026-01-28 11:29:43,052 - banking_customer_churn_prediction.pipelines.etl.nodes - INFO - Starting data cleaning with shape: (10, 14)
2026-01-28 11:29:43,056 - banking_customer_churn_prediction.pipelines.etl.nodes - INFO - Dropped columns: ['RowNumber', 'CustomerId', 'Surname']
2026-01-28 11:29:43,068 - banking_customer_churn_prediction.pipelines.etl.nodes - INFO - Cleaned data shape: (10, 11)
2026-01-28 11:29:43,071 - kedro.io.data_catalog - INFO - Saving data to [dark_orange]cleaned_customers[/dark_orange] (MemoryDataset)...
2026-01-28 11:29:43,079 - kedro.runner.sequential_runner - INFO - Completed node: clean_and_prepare_data
2026-01-28 11:29:43,082 - kedro.runner.sequential_runner - INFO - Completed 2 out of 2 tasks
2026-01-28 11:29:43,089 - kedro.runner.sequential_runner - INFO - Pipeline execution completed successfully in 0.1 sec.
2026-01-28 11:29:43,089 - kedro.io.data_catalog - INFO - Loading data from [dark_orange]cleaned_customers[/dark_orange] (MemoryDataset)...
2026-01-28 11:29:43,231 - kedro.runner.sequential_runner - INFO - Using synchronous mode for loading and saving data. Use the --async flag for potential performance gains. https://docs.kedro.org/en/stable/nodes_and_pipelines/run_a_pipeline.html#load-and-save-asynchronously
2026-01-28 11:29:43,262 - kedro.io.data_catalog - INFO - Loading data from [dark_orange]cleaned_customers[/dark_orange] (MemoryDataset)...
2026-01-28 11:29:43,262 - kedro.io.data_catalog - INFO - Loading data from [dark_orange]params:data.columns.numeric[/dark_orange] (MemoryDataset)...
2026-01-28 11:29:43,284 - kedro.io.data_catalog - INFO - Loading data from [dark_orange]params:data.columns.categorical[/dark_orange] (MemoryDataset)...
2026-01-28 11:29:43,293 - kedro.io.data_catalog - INFO - Loading data from [dark_orange]params:features[/dark_orange] (MemoryDataset)...
2026-01-28 11:29:43,299 - kedro.pipeline.node - INFO - Running node: create_engineered_features: create_features([cleaned_customers;params:data.columns.numeric;params:data.columns.categorical;params:features]) -> [features_df]
2026-01-28 11:29:43,333 - banking_customer_churn_prediction.pipelines.feature_engineering.nodes - INFO - Created feature: avg_bal_per_product
2026-01-28 11:29:43,333 - banking_customer_churn_prediction.pipelines.feature_engineering.nodes - INFO - Created feature: tenure_bucket
2026-01-28 11:29:43,346 - banking_customer_churn_prediction.pipelines.feature_engineering.nodes - INFO - Feature engineering complete. Shape: (10, 13)
2026-01-28 11:29:43,346 - kedro.io.data_catalog - INFO - Saving data to [dark_orange]features_df[/dark_orange] (MemoryDataset)...
2026-01-28 11:29:43,361 - kedro.runner.sequential_runner - INFO - Completed node: create_engineered_features
2026-01-28 11:29:43,364 - kedro.runner.sequential_runner - INFO - Completed 1 out of 2 tasks
2026-01-28 11:29:43,364 - kedro.io.data_catalog - INFO - Loading data from [dark_orange]features_df[/dark_orange] (MemoryDataset)...
2026-01-28 11:29:43,375 - kedro.io.data_catalog - INFO - Loading data from [dark_orange]params:data.target[/dark_orange] (MemoryDataset)...
2026-01-28 11:29:43,376 - kedro.io.data_catalog - INFO - Loading data from [dark_orange]params:data.test_size[/dark_orange] (MemoryDataset)...
2026-01-28 11:29:43,385 - kedro.io.data_catalog - INFO - Loading data from [dark_orange]params:data.val_size[/dark_orange] (MemoryDataset)...
2026-01-28 11:29:43,387 - kedro.io.data_catalog - INFO - Loading data from [dark_orange]params:data.random_state[/dark_orange] (MemoryDataset)...
2026-01-28 11:29:43,396 - kedro.io.data_catalog - INFO - Loading data from [dark_orange]params:data.stratify[/dark_orange] (MemoryDataset)...
2026-01-28 11:29:43,396 - kedro.pipeline.node - INFO - Running node: split_features_target: split_features_target([features_df;params:data.target;params:data.test_size;params:data.val_size;params:data.random_state;params:data.stratify]) -> [X_train;X_val;X_test;y_train;y_val;y_test]
2026-01-28 11:29:43,415 - banking_customer_churn_prediction.pipelines.feature_engineering.nodes - INFO - Data split complete:
2026-01-28 11:29:43,417 - banking_customer_churn_prediction.pipelines.feature_engineering.nodes - INFO -   Train: 6 samples (2 positive)
2026-01-28 11:29:43,422 - banking_customer_churn_prediction.pipelines.feature_engineering.nodes - INFO -   Val: 2 samples (1 positive)
2026-01-28 11:29:43,426 - banking_customer_churn_prediction.pipelines.feature_engineering.nodes - INFO -   Test: 2 samples (1 positive)
2026-01-28 11:29:43,438 - kedro.io.data_catalog - INFO - Saving data to [dark_orange]X_train[/dark_orange] (MemoryDataset)...
2026-01-28 11:29:43,447 - kedro.io.data_catalog - INFO - Saving data to [dark_orange]X_val[/dark_orange] (MemoryDataset)...
2026-01-28 11:29:43,455 - kedro.io.data_catalog - INFO - Saving data to [dark_orange]X_test[/dark_orange] (MemoryDataset)...
2026-01-28 11:29:43,461 - kedro.io.data_catalog - INFO - Saving data to [dark_orange]y_train[/dark_orange] (MemoryDataset)...
2026-01-28 11:29:43,467 - kedro.io.data_catalog - INFO - Saving data to [dark_orange]y_val[/dark_orange] (MemoryDataset)...
2026-01-28 11:29:43,479 - kedro.io.data_catalog - INFO - Saving data to [dark_orange]y_test[/dark_orange] (MemoryDataset)...
2026-01-28 11:29:43,482 - kedro.runner.sequential_runner - INFO - Completed node: split_features_target
2026-01-28 11:29:43,482 - kedro.runner.sequential_runner - INFO - Completed 2 out of 2 tasks
2026-01-28 11:29:43,489 - kedro.runner.sequential_runner - INFO - Pipeline execution completed successfully in 0.3 sec.
2026-01-28 11:29:43,489 - kedro.io.data_catalog - INFO - Loading data from [dark_orange]X_train[/dark_orange] (MemoryDataset)...
2026-01-28 11:29:43,499 - kedro.io.data_catalog - INFO - Loading data from [dark_orange]X_val[/dark_orange] (MemoryDataset)...
2026-01-28 11:29:43,499 - kedro.io.data_catalog - INFO - Loading data from [dark_orange]X_test[/dark_orange] (MemoryDataset)...
2026-01-28 11:29:43,609 - kedro.runner.sequential_runner - INFO - Using synchronous mode for loading and saving data. Use the --async flag for potential performance gains. https://docs.kedro.org/en/stable/nodes_and_pipelines/run_a_pipeline.html#load-and-save-asynchronously
2026-01-28 11:29:43,613 - kedro.io.data_catalog - INFO - Loading data from [dark_orange]params:data.columns.numeric[/dark_orange] (MemoryDataset)...
2026-01-28 11:29:43,625 - kedro.io.data_catalog - INFO - Loading data from [dark_orange]params:data.columns.categorical[/dark_orange] (MemoryDataset)...
2026-01-28 11:29:43,632 - kedro.io.data_catalog - INFO - Loading data from [dark_orange]params:features.preprocessing[/dark_orange] (MemoryDataset)...
2026-01-28 11:29:43,638 - kedro.pipeline.node - INFO - Running node: build_preprocessor: build_preprocessor([params:data.columns.numeric;params:data.columns.categorical;params:features.preprocessing]) -> [feature_preprocessor]
2026-01-28 11:29:43,638 - banking_customer_churn_prediction.pipelines.preprocessing.nodes - INFO - Built preprocessor for 6 numeric and 2 categorical features
2026-01-28 11:29:43,638 - kedro.io.data_catalog - INFO - Saving data to [dark_orange]feature_preprocessor[/dark_orange] (MemoryDataset)...
2026-01-28 11:29:43,656 - kedro.runner.sequential_runner - INFO - Completed node: build_preprocessor
2026-01-28 11:29:43,656 - kedro.runner.sequential_runner - INFO - Completed 1 out of 6 tasks
2026-01-28 11:29:43,666 - kedro.io.data_catalog - INFO - Loading data from [dark_orange]raw_churn[/dark_orange] (MemoryDataset)...
2026-01-28 11:29:43,666 - kedro.pipeline.node - INFO - Running node: extract_raw_data: extract_raw([raw_churn]) -> [raw_df;raw_data_quality_metrics]
2026-01-28 11:29:43,676 - banking_customer_churn_prediction.pipelines.etl.nodes - INFO - Extracting raw data with shape: (10, 14)
2026-01-28 11:29:43,686 - banking_customer_churn_prediction.pipelines.etl.nodes - INFO - Data quality metrics: {'row_count': 10, 'column_count': 14, 'null_percentage': np.float64(0.0), 'duplicate_rows': np.int64(0), 'churn_rate': np.float64(0.4)}
2026-01-28 11:29:43,700 - kedro.io.data_catalog - INFO - Saving data to [dark_orange]raw_df[/dark_orange] (MemoryDataset)...
2026-01-28 11:29:43,705 - kedro.io.data_catalog - INFO - Saving data to [dark_orange]raw_data_quality_metrics[/dark_orange] (MemoryDataset)...
2026-01-28 11:29:43,710 - kedro.runner.sequential_runner - INFO - Completed node: extract_raw_data
2026-01-28 11:29:43,712 - kedro.runner.sequential_runner - INFO - Completed 2 out of 6 tasks
2026-01-28 11:29:43,719 - kedro.io.data_catalog - INFO - Loading data from [dark_orange]raw_df[/dark_orange] (MemoryDataset)...
2026-01-28 11:29:43,729 - kedro.io.data_catalog - INFO - Loading data from [dark_orange]raw_data_quality_metrics[/dark_orange] (MemoryDataset)...
2026-01-28 11:29:43,738 - kedro.io.data_catalog - INFO - Loading data from [dark_orange]params:data.columns.drop[/dark_orange] (MemoryDataset)...
2026-01-28 11:29:43,738 - kedro.io.data_catalog - INFO - Loading data from [dark_orange]params:data.random_state[/dark_orange] (MemoryDataset)...
2026-01-28 11:29:43,750 - kedro.pipeline.node - INFO - Running node: clean_and_prepare_data: clean_and_prepare_data([raw_df;raw_data_quality_metrics;params:data.columns.drop;params:data.random_state]) -> [cleaned_customers]
2026-01-28 11:29:43,750 - banking_customer_churn_prediction.pipelines.etl.nodes - INFO - Starting data cleaning with shape: (10, 14)
2026-01-28 11:29:43,761 - banking_customer_churn_prediction.pipelines.etl.nodes - INFO - Dropped columns: ['RowNumber', 'CustomerId', 'Surname']
2026-01-28 11:29:43,776 - banking_customer_churn_prediction.pipelines.etl.nodes - INFO - Cleaned data shape: (10, 11)
2026-01-28 11:29:43,781 - kedro.io.data_catalog - INFO - Saving data to [dark_orange]cleaned_customers[/dark_orange] (MemoryDataset)...
2026-01-28 11:29:43,791 - kedro.runner.sequential_runner - INFO - Completed node: clean_and_prepare_data
2026-01-28 11:29:43,801 - kedro.runner.sequential_runner - INFO - Completed 3 out of 6 tasks
2026-01-28 11:29:43,807 - kedro.io.data_catalog - INFO - Loading data from [dark_orange]cleaned_customers[/dark_orange] (MemoryDataset)...
2026-01-28 11:29:43,822 - kedro.io.data_catalog - INFO - Loading data from [dark_orange]params:data.columns.numeric[/dark_orange] (MemoryDataset)...
2026-01-28 11:29:43,832 - kedro.io.data_catalog - INFO - Loading data from [dark_orange]params:data.columns.categorical[/dark_orange] (MemoryDataset)...
2026-01-28 11:29:43,838 - kedro.io.data_catalog - INFO - Loading data from [dark_orange]params:features[/dark_orange] (MemoryDataset)...
2026-01-28 11:29:43,842 - kedro.pipeline.node - INFO - Running node: create_engineered_features: create_features([cleaned_customers;params:data.columns.numeric;params:data.columns.categorical;params:features]) -> [features_df]
2026-01-28 11:29:43,852 - banking_customer_churn_prediction.pipelines.feature_engineering.nodes - INFO - Created feature: avg_bal_per_product
2026-01-28 11:29:43,856 - banking_customer_churn_prediction.pipelines.feature_engineering.nodes - INFO - Created feature: tenure_bucket
2026-01-28 11:29:43,860 - banking_customer_churn_prediction.pipelines.feature_engineering.nodes - INFO - Feature engineering complete. Shape: (10, 13)
2026-01-28 11:29:43,863 - kedro.io.data_catalog - INFO - Saving data to [dark_orange]features_df[/dark_orange] (MemoryDataset)...
2026-01-28 11:29:43,874 - kedro.runner.sequential_runner - INFO - Completed node: create_engineered_features
2026-01-28 11:29:43,881 - kedro.runner.sequential_runner - INFO - Completed 4 out of 6 tasks
2026-01-28 11:29:43,884 - kedro.io.data_catalog - INFO - Loading data from [dark_orange]features_df[/dark_orange] (MemoryDataset)...
2026-01-28 11:29:43,900 - kedro.io.data_catalog - INFO - Loading data from [dark_orange]params:data.target[/dark_orange] (MemoryDataset)...
2026-01-28 11:29:43,910 - kedro.io.data_catalog - INFO - Loading data from [dark_orange]params:data.test_size[/dark_orange] (MemoryDataset)...
2026-01-28 11:29:43,914 - kedro.io.data_catalog - INFO - Loading data from [dark_orange]params:data.val_size[/dark_orange] (MemoryDataset)...
2026-01-28 11:29:43,921 - kedro.io.data_catalog - INFO - Loading data from [dark_orange]params:data.random_state[/dark_orange] (MemoryDataset)...
2026-01-28 11:29:43,925 - kedro.io.data_catalog - INFO - Loading data from [dark_orange]params:data.stratify[/dark_orange] (MemoryDataset)...
2026-01-28 11:29:43,925 - kedro.pipeline.node - INFO - Running node: split_features_target: split_features_target([features_df;params:data.target;params:data.test_size;params:data.val_size;params:data.random_state;params:data.stratify]) -> [X_train;X_val;X_test;y_train;y_val;y_test]
2026-01-28 11:29:43,940 - banking_customer_churn_prediction.pipelines.feature_engineering.nodes - INFO - Data split complete:
2026-01-28 11:29:43,945 - banking_customer_churn_prediction.pipelines.feature_engineering.nodes - INFO -   Train: 6 samples (2 positive)
2026-01-28 11:29:43,945 - banking_customer_churn_prediction.pipelines.feature_engineering.nodes - INFO -   Val: 2 samples (1 positive)
2026-01-28 11:29:43,945 - banking_customer_churn_prediction.pipelines.feature_engineering.nodes - INFO -   Test: 2 samples (1 positive)
2026-01-28 11:29:43,955 - kedro.io.data_catalog - INFO - Saving data to [dark_orange]X_train[/dark_orange] (MemoryDataset)...
2026-01-28 11:29:43,955 - kedro.io.data_catalog - INFO - Saving data to [dark_orange]X_val[/dark_orange] (MemoryDataset)...
2026-01-28 11:29:43,966 - kedro.io.data_catalog - INFO - Saving data to [dark_orange]X_test[/dark_orange] (MemoryDataset)...
2026-01-28 11:29:43,970 - kedro.io.data_catalog - INFO - Saving data to [dark_orange]y_train[/dark_orange] (MemoryDataset)...
2026-01-28 11:29:43,976 - kedro.io.data_catalog - INFO - Saving data to [dark_orange]y_val[/dark_orange] (MemoryDataset)...
2026-01-28 11:29:43,976 - kedro.io.data_catalog - INFO - Saving data to [dark_orange]y_test[/dark_orange] (MemoryDataset)...
2026-01-28 11:29:43,986 - kedro.runner.sequential_runner - INFO - Completed node: split_features_target
2026-01-28 11:29:43,986 - kedro.runner.sequential_runner - INFO - Completed 5 out of 6 tasks
2026-01-28 11:29:44,001 - kedro.io.data_catalog - INFO - Loading data from [dark_orange]feature_preprocessor[/dark_orange] (MemoryDataset)...
2026-01-28 11:29:44,016 - kedro.io.data_catalog - INFO - Loading data from [dark_orange]X_train[/dark_orange] (MemoryDataset)...
2026-01-28 11:29:44,018 - kedro.io.data_catalog - INFO - Loading data from [dark_orange]X_val[/dark_orange] (MemoryDataset)...
2026-01-28 11:29:44,018 - kedro.io.data_catalog - INFO - Loading data from [dark_orange]X_test[/dark_orange] (MemoryDataset)...
2026-01-28 11:29:44,031 - kedro.pipeline.node - INFO - Running node: fit_and_transform_preprocessor: fit_preprocessor([feature_preprocessor;X_train;X_val;X_test]) -> [X_train_processed;X_val_processed;X_test_processed;feature_preprocessor_fitted]
2026-01-28 11:29:44,038 - banking_customer_churn_prediction.pipelines.preprocessing.nodes - INFO - Fitting preprocessor on training data...
2026-01-28 11:29:44,092 - banking_customer_churn_prediction.pipelines.preprocessing.nodes - INFO - Preprocessing complete. Feature count: 9
2026-01-28 11:29:44,103 - kedro.io.data_catalog - INFO - Saving data to [dark_orange]X_train_processed[/dark_orange] (MemoryDataset)...
2026-01-28 11:29:44,110 - kedro.io.data_catalog - INFO - Saving data to [dark_orange]X_val_processed[/dark_orange] (MemoryDataset)...
2026-01-28 11:29:44,123 - kedro.io.data_catalog - INFO - Saving data to [dark_orange]X_test_processed[/dark_orange] (MemoryDataset)...
2026-01-28 11:29:44,130 - kedro.io.data_catalog - INFO - Saving data to [dark_orange]feature_preprocessor_fitted[/dark_orange] (MemoryDataset)...
2026-01-28 11:29:44,140 - kedro.runner.sequential_runner - INFO - Completed node: fit_and_transform_preprocessor
2026-01-28 11:29:44,140 - kedro.runner.sequential_runner - INFO - Completed 6 out of 6 tasks
2026-01-28 11:29:44,140 - kedro.runner.sequential_runner - INFO - Pipeline execution completed successfully in 0.5 sec.
2026-01-28 11:29:44,237 - kedro.runner.sequential_runner - INFO - Using synchronous mode for loading and saving data. Use the --async flag for potential performance gains. https://docs.kedro.org/en/stable/nodes_and_pipelines/run_a_pipeline.html#load-and-save-asynchronously
2026-01-28 11:29:44,237 - kedro.io.data_catalog - INFO - Loading data from [dark_orange]raw_churn[/dark_orange] (MemoryDataset)...
2026-01-28 11:29:44,252 - kedro.pipeline.node - INFO - Running node: extract_raw_data: extract_raw([raw_churn]) -> [raw_df;raw_data_quality_metrics]
2026-01-28 11:29:44,255 - banking_customer_churn_prediction.pipelines.etl.nodes - INFO - Extracting raw data with shape: (2, 14)
2026-01-28 11:29:44,262 - banking_customer_churn_prediction.pipelines.etl.nodes - INFO - Data quality metrics: {'row_count': 2, 'column_count': 14, 'null_percentage': np.float64(0.0), 'duplicate_rows': np.int64(0), 'churn_rate': np.float64(0.5)}
2026-01-28 11:29:44,272 - kedro.io.data_catalog - INFO - Saving data to [dark_orange]raw_df[/dark_orange] (MemoryDataset)...
2026-01-28 11:29:44,282 - kedro.io.data_catalog - INFO - Saving data to [dark_orange]raw_data_quality_metrics[/dark_orange] (MemoryDataset)...
2026-01-28 11:29:44,283 - kedro.runner.sequential_runner - INFO - Completed node: extract_raw_data
2026-01-28 11:29:44,289 - kedro.runner.sequential_runner - INFO - Completed 1 out of 2 tasks
2026-01-28 11:29:44,289 - kedro.io.data_catalog - INFO - Loading data from [dark_orange]raw_df[/dark_orange] (MemoryDataset)...
2026-01-28 11:29:44,298 - kedro.io.data_catalog - INFO - Loading data from [dark_orange]raw_data_quality_metrics[/dark_orange] (MemoryDataset)...
2026-01-28 11:29:44,301 - kedro.io.data_catalog - INFO - Loading data from [dark_orange]params:data.columns.drop[/dark_orange] (MemoryDataset)...
2026-01-28 11:29:44,307 - kedro.io.data_catalog - INFO - Loading data from [dark_orange]params:data.random_state[/dark_orange] (MemoryDataset)...
2026-01-28 11:29:44,313 - kedro.pipeline.node - INFO - Running node: clean_and_prepare_data: clean_and_prepare_data([raw_df;raw_data_quality_metrics;params:data.columns.drop;params:data.random_state]) -> [cleaned_customers]
2026-01-28 11:29:44,313 - banking_customer_churn_prediction.pipelines.etl.nodes - INFO - Starting data cleaning with shape: (2, 14)
2026-01-28 11:29:44,319 - banking_customer_churn_prediction.pipelines.etl.nodes - INFO - Dropped columns: ['RowNumber', 'CustomerId', 'Surname']
2026-01-28 11:29:44,319 - banking_customer_churn_prediction.pipelines.etl.nodes - INFO - Cleaned data shape: (2, 11)
2026-01-28 11:29:44,329 - kedro.io.data_catalog - INFO - Saving data to [dark_orange]cleaned_customers[/dark_orange] (MemoryDataset)...
2026-01-28 11:29:44,329 - kedro.runner.sequential_runner - INFO - Completed node: clean_and_prepare_data
2026-01-28 11:29:44,329 - kedro.runner.sequential_runner - INFO - Completed 2 out of 2 tasks
2026-01-28 11:29:44,339 - kedro.runner.sequential_runner - INFO - Pipeline execution completed successfully in 0.1 sec.
2026-01-28 11:32:23,654 - kedro.framework.project - INFO - Using 'conf\logging.yml' as logging configuration. You can change this by setting the KEDRO_LOGGING_CONFIG environment variable accordingly.
2026-01-28 11:32:30,650 - kedro.framework.session.session - INFO - Kedro project banking-customer-churn-prediction
2026-01-28 11:32:31,199 - kedro_telemetry.plugin - INFO - Kedro is sending anonymous usage data with the sole purpose of improving the product. No personal data or IP addresses are stored on our side. To opt out, set the `KEDRO_DISABLE_TELEMETRY` or `DO_NOT_TRACK` environment variables, or create a `.telemetry` file in the current working directory with the contents `consent: false`. To hide this message, explicitly grant or deny consent. Read more at https://docs.kedro.org/en/stable/configuration/telemetry.html
2026-01-28 11:32:33,402 - py.warnings - WARNING - c:\Users\BIGSAM TECH\Desktop\ML Churn Modelling\.venv\lib\site-packages\google\api_core\_python_version_support.py:266: FutureWarning: You are using a Python version (3.10.11) which Google will stop supporting in new releases of google.api_core once it reaches its end of life (2026-10-04). Please upgrade to the latest Python version, or at least Python 3.11, to continue receiving updates for google.api_core past that date.
  warnings.warn(message, FutureWarning)

2026-01-28 11:32:35,604 - kedro.runner.sequential_runner - INFO - Using synchronous mode for loading and saving data. Use the --async flag for potential performance gains. https://docs.kedro.org/en/stable/nodes_and_pipelines/run_a_pipeline.html#load-and-save-asynchronously
2026-01-28 11:32:35,609 - kedro.io.data_catalog - INFO - Loading data from [dark_orange]params:data.columns.numeric[/dark_orange] (MemoryDataset)...
2026-01-28 11:32:35,616 - kedro.io.data_catalog - INFO - Loading data from [dark_orange]params:data.columns.categorical[/dark_orange] (MemoryDataset)...
2026-01-28 11:32:35,624 - kedro.io.data_catalog - INFO - Loading data from [dark_orange]params:features.preprocessing[/dark_orange] (MemoryDataset)...
2026-01-28 11:32:35,628 - kedro.pipeline.node - INFO - Running node: build_preprocessor: build_preprocessor([params:data.columns.numeric;params:data.columns.categorical;params:features.preprocessing]) -> [feature_preprocessor]
2026-01-28 11:32:35,636 - banking_customer_churn_prediction.pipelines.preprocessing.nodes - INFO - Built preprocessor for 6 numeric and 2 categorical features
2026-01-28 11:32:35,641 - kedro.io.data_catalog - INFO - Saving data to [dark_orange]feature_preprocessor[/dark_orange] (PickleDataset)...
2026-01-28 11:32:35,648 - kedro.runner.sequential_runner - INFO - Completed node: build_preprocessor
2026-01-28 11:32:35,657 - kedro.runner.sequential_runner - INFO - Completed 1 out of 8 tasks
2026-01-28 11:32:35,660 - kedro.io.data_catalog - INFO - Loading data from [dark_orange]raw_churn[/dark_orange] (CSVDataset)...
2026-01-28 11:32:35,736 - kedro.pipeline.node - INFO - Running node: extract_raw_data: extract_raw([raw_churn]) -> [raw_df;raw_data_quality_metrics]
2026-01-28 11:32:35,741 - banking_customer_churn_prediction.pipelines.etl.nodes - INFO - Extracting raw data with shape: (10000, 14)
2026-01-28 11:32:35,776 - banking_customer_churn_prediction.pipelines.etl.nodes - INFO - Data quality metrics: {'row_count': 10000, 'column_count': 14, 'null_percentage': np.float64(0.0), 'duplicate_rows': np.int64(0), 'churn_rate': np.float64(0.2037)}
2026-01-28 11:32:35,779 - kedro.io.data_catalog - INFO - Saving data to [dark_orange]raw_df[/dark_orange] (MemoryDataset)...
2026-01-28 11:32:35,790 - kedro.io.data_catalog - INFO - Saving data to [dark_orange]raw_data_quality_metrics[/dark_orange] (MemoryDataset)...
2026-01-28 11:32:35,795 - kedro.runner.sequential_runner - INFO - Completed node: extract_raw_data
2026-01-28 11:32:35,797 - kedro.runner.sequential_runner - INFO - Completed 2 out of 8 tasks
2026-01-28 11:32:35,808 - kedro.io.data_catalog - INFO - Loading data from [dark_orange]raw_df[/dark_orange] (MemoryDataset)...
2026-01-28 11:32:35,820 - kedro.io.data_catalog - INFO - Loading data from [dark_orange]raw_data_quality_metrics[/dark_orange] (MemoryDataset)...
2026-01-28 11:32:35,825 - kedro.io.data_catalog - INFO - Loading data from [dark_orange]params:data.columns.drop[/dark_orange] (MemoryDataset)...
2026-01-28 11:32:35,829 - kedro.io.data_catalog - INFO - Loading data from [dark_orange]params:data.random_state[/dark_orange] (MemoryDataset)...
2026-01-28 11:32:35,838 - kedro.pipeline.node - INFO - Running node: clean_and_prepare_data: clean_and_prepare_data([raw_df;raw_data_quality_metrics;params:data.columns.drop;params:data.random_state]) -> [cleaned_customers]
2026-01-28 11:32:35,845 - banking_customer_churn_prediction.pipelines.etl.nodes - INFO - Starting data cleaning with shape: (10000, 14)
2026-01-28 11:32:35,855 - banking_customer_churn_prediction.pipelines.etl.nodes - INFO - Dropped columns: ['RowNumber', 'CustomerId', 'Surname']
2026-01-28 11:32:35,868 - banking_customer_churn_prediction.pipelines.etl.nodes - INFO - Cleaned data shape: (10000, 11)
2026-01-28 11:32:35,872 - kedro.io.data_catalog - INFO - Saving data to [dark_orange]cleaned_customers[/dark_orange] (ParquetDataset)...
2026-01-28 11:32:36,000 - kedro.runner.sequential_runner - INFO - Completed node: clean_and_prepare_data
2026-01-28 11:32:36,004 - kedro.runner.sequential_runner - INFO - Completed 3 out of 8 tasks
2026-01-28 11:32:36,008 - kedro.io.data_catalog - INFO - Loading data from [dark_orange]cleaned_customers[/dark_orange] (ParquetDataset)...
2026-01-28 11:32:36,115 - kedro.io.data_catalog - INFO - Loading data from [dark_orange]params:data.columns.numeric[/dark_orange] (MemoryDataset)...
2026-01-28 11:32:36,120 - kedro.io.data_catalog - INFO - Loading data from [dark_orange]params:data.columns.categorical[/dark_orange] (MemoryDataset)...
2026-01-28 11:32:36,126 - kedro.io.data_catalog - INFO - Loading data from [dark_orange]params:features[/dark_orange] (MemoryDataset)...
2026-01-28 11:32:36,134 - kedro.pipeline.node - INFO - Running node: create_engineered_features: create_features([cleaned_customers;params:data.columns.numeric;params:data.columns.categorical;params:features]) -> [features_df]
2026-01-28 11:32:36,143 - banking_customer_churn_prediction.pipelines.feature_engineering.nodes - INFO - Created feature: avg_bal_per_product
2026-01-28 11:32:36,146 - banking_customer_churn_prediction.pipelines.feature_engineering.nodes - INFO - Created feature: tenure_bucket
2026-01-28 11:32:36,161 - banking_customer_churn_prediction.pipelines.feature_engineering.nodes - INFO - Feature engineering complete. Shape: (10000, 13)
2026-01-28 11:32:36,165 - kedro.io.data_catalog - INFO - Saving data to [dark_orange]features_df[/dark_orange] (MemoryDataset)...
2026-01-28 11:32:36,178 - kedro.runner.sequential_runner - INFO - Completed node: create_engineered_features
2026-01-28 11:32:36,183 - kedro.runner.sequential_runner - INFO - Completed 4 out of 8 tasks
2026-01-28 11:32:36,191 - kedro.io.data_catalog - INFO - Loading data from [dark_orange]features_df[/dark_orange] (MemoryDataset)...
2026-01-28 11:32:36,197 - kedro.io.data_catalog - INFO - Loading data from [dark_orange]params:data.target[/dark_orange] (MemoryDataset)...
2026-01-28 11:32:36,207 - kedro.io.data_catalog - INFO - Loading data from [dark_orange]params:data.test_size[/dark_orange] (MemoryDataset)...
2026-01-28 11:32:36,211 - kedro.io.data_catalog - INFO - Loading data from [dark_orange]params:data.val_size[/dark_orange] (MemoryDataset)...
2026-01-28 11:32:36,221 - kedro.io.data_catalog - INFO - Loading data from [dark_orange]params:data.random_state[/dark_orange] (MemoryDataset)...
2026-01-28 11:32:36,226 - kedro.io.data_catalog - INFO - Loading data from [dark_orange]params:data.stratify[/dark_orange] (MemoryDataset)...
2026-01-28 11:32:36,231 - kedro.pipeline.node - INFO - Running node: split_features_target: split_features_target([features_df;params:data.target;params:data.test_size;params:data.val_size;params:data.random_state;params:data.stratify]) -> [X_train;X_val;X_test;y_train;y_val;y_test]
2026-01-28 11:32:36,272 - banking_customer_churn_prediction.pipelines.feature_engineering.nodes - INFO - Data split complete:
2026-01-28 11:32:36,276 - banking_customer_churn_prediction.pipelines.feature_engineering.nodes - INFO -   Train: 7000 samples (1426 positive)
2026-01-28 11:32:36,282 - banking_customer_churn_prediction.pipelines.feature_engineering.nodes - INFO -   Val: 1500 samples (305 positive)
2026-01-28 11:32:36,289 - banking_customer_churn_prediction.pipelines.feature_engineering.nodes - INFO -   Test: 1500 samples (306 positive)
2026-01-28 11:32:36,294 - kedro.io.data_catalog - INFO - Saving data to [dark_orange]X_train[/dark_orange] (ParquetDataset)...
2026-01-28 11:32:36,325 - kedro.io.data_catalog - INFO - Saving data to [dark_orange]X_val[/dark_orange] (ParquetDataset)...
2026-01-28 11:32:36,351 - kedro.io.data_catalog - INFO - Saving data to [dark_orange]X_test[/dark_orange] (ParquetDataset)...
2026-01-28 11:32:36,374 - kedro.io.data_catalog - INFO - Saving data to [dark_orange]y_train[/dark_orange] (PickleDataset)...
2026-01-28 11:32:36,381 - kedro.io.data_catalog - INFO - Saving data to [dark_orange]y_val[/dark_orange] (PickleDataset)...
2026-01-28 11:32:36,393 - kedro.io.data_catalog - INFO - Saving data to [dark_orange]y_test[/dark_orange] (PickleDataset)...
2026-01-28 11:32:36,401 - kedro.runner.sequential_runner - INFO - Completed node: split_features_target
2026-01-28 11:32:36,411 - kedro.runner.sequential_runner - INFO - Completed 5 out of 8 tasks
2026-01-28 11:32:36,424 - kedro.io.data_catalog - INFO - Loading data from [dark_orange]feature_preprocessor[/dark_orange] (PickleDataset)...
2026-01-28 11:32:36,430 - kedro.io.data_catalog - INFO - Loading data from [dark_orange]X_train[/dark_orange] (ParquetDataset)...
2026-01-28 11:32:36,472 - kedro.io.data_catalog - INFO - Loading data from [dark_orange]X_val[/dark_orange] (ParquetDataset)...
2026-01-28 11:32:36,498 - kedro.io.data_catalog - INFO - Loading data from [dark_orange]X_test[/dark_orange] (ParquetDataset)...
2026-01-28 11:32:36,532 - kedro.pipeline.node - INFO - Running node: fit_and_transform_preprocessor: fit_preprocessor([feature_preprocessor;X_train;X_val;X_test]) -> [X_train_processed;X_val_processed;X_test_processed;feature_preprocessor_fitted]
2026-01-28 11:32:36,537 - banking_customer_churn_prediction.pipelines.preprocessing.nodes - INFO - Fitting preprocessor on training data...
2026-01-28 11:32:36,647 - banking_customer_churn_prediction.pipelines.preprocessing.nodes - INFO - Preprocessing complete. Feature count: 9
2026-01-28 11:32:36,651 - kedro.io.data_catalog - INFO - Saving data to [dark_orange]X_train_processed[/dark_orange] (MemoryDataset)...
2026-01-28 11:32:36,686 - kedro.io.data_catalog - INFO - Saving data to [dark_orange]X_val_processed[/dark_orange] (MemoryDataset)...
2026-01-28 11:32:36,698 - kedro.io.data_catalog - INFO - Saving data to [dark_orange]X_test_processed[/dark_orange] (MemoryDataset)...
2026-01-28 11:32:36,712 - kedro.io.data_catalog - INFO - Saving data to [dark_orange]feature_preprocessor_fitted[/dark_orange] (MemoryDataset)...
2026-01-28 11:32:36,728 - kedro.runner.sequential_runner - INFO - Completed node: fit_and_transform_preprocessor
2026-01-28 11:32:36,743 - kedro.runner.sequential_runner - INFO - Completed 6 out of 8 tasks
2026-01-28 11:32:36,757 - kedro.io.data_catalog - INFO - Loading data from [dark_orange]X_train_processed[/dark_orange] (MemoryDataset)...
2026-01-28 11:32:36,767 - kedro.io.data_catalog - INFO - Loading data from [dark_orange]y_train[/dark_orange] (PickleDataset)...
2026-01-28 11:32:36,807 - kedro.io.data_catalog - INFO - Loading data from [dark_orange]X_val_processed[/dark_orange] (MemoryDataset)...
2026-01-28 11:32:36,814 - kedro.io.data_catalog - INFO - Loading data from [dark_orange]y_val[/dark_orange] (PickleDataset)...
2026-01-28 11:32:36,846 - kedro.io.data_catalog - INFO - Loading data from [dark_orange]params:models[/dark_orange] (MemoryDataset)...
2026-01-28 11:32:36,852 - kedro.io.data_catalog - INFO - Loading data from [dark_orange]params:training[/dark_orange] (MemoryDataset)...
2026-01-28 11:32:36,864 - kedro.pipeline.node - INFO - Running node: train_models_with_cv: train_models_with_cv([X_train_processed;y_train;X_val_processed;y_val;params:models;params:training]) -> [trained_models;model_metrics;cv_metrics;best_model_name;best_model;best_model_metrics;training_data_ref]
2026-01-28 11:32:36,873 - banking_customer_churn_prediction.pipelines.training.nodes - INFO - Training models on 7000 samples
2026-01-28 11:32:36,881 - banking_customer_churn_prediction.pipelines.training.nodes - INFO - Training logistic_regression...
2026-01-28 11:32:47,574 - banking_customer_churn_prediction.pipelines.training.nodes - INFO - logistic_regression - CV AUC: 0.7589 ± 0.0190
2026-01-28 11:32:47,577 - banking_customer_churn_prediction.pipelines.training.nodes - INFO - logistic_regression - Val AUC: 0.7450
2026-01-28 11:32:47,579 - banking_customer_churn_prediction.pipelines.training.nodes - INFO - Training random_forest...
2026-01-28 11:32:55,847 - banking_customer_churn_prediction.pipelines.training.nodes - INFO - random_forest - CV AUC: 0.8521 ± 0.0057
2026-01-28 11:32:55,847 - banking_customer_churn_prediction.pipelines.training.nodes - INFO - random_forest - Val AUC: 0.8515
2026-01-28 11:32:55,847 - banking_customer_churn_prediction.pipelines.training.nodes - INFO - Training xgboost...
2026-01-28 11:32:57,733 - banking_customer_churn_prediction.pipelines.training.nodes - INFO - xgboost - CV AUC: 0.8442 ± 0.0055
2026-01-28 11:32:57,737 - banking_customer_churn_prediction.pipelines.training.nodes - INFO - xgboost - Val AUC: 0.8358
2026-01-28 11:32:57,743 - banking_customer_churn_prediction.pipelines.training.nodes - INFO - Best model: random_forest with AUC: 0.8515
2026-01-28 11:32:57,743 - kedro.io.data_catalog - INFO - Saving data to [dark_orange]trained_models[/dark_orange] (MemoryDataset)...
2026-01-28 11:32:57,842 - kedro.io.data_catalog - INFO - Saving data to [dark_orange]model_metrics[/dark_orange] (JSONDataset)...
2026-01-28 11:32:57,849 - kedro.io.data_catalog - INFO - Saving data to [dark_orange]cv_metrics[/dark_orange] (MemoryDataset)...
2026-01-28 11:32:57,857 - kedro.io.data_catalog - INFO - Saving data to [dark_orange]best_model_name[/dark_orange] (MemoryDataset)...
2026-01-28 11:32:57,867 - kedro.io.data_catalog - INFO - Saving data to [dark_orange]best_model[/dark_orange] (PickleDataset)...
2026-01-28 11:32:57,908 - kedro.io.data_catalog - INFO - Saving data to [dark_orange]best_model_metrics[/dark_orange] (MemoryDataset)...
2026-01-28 11:32:57,913 - kedro.io.data_catalog - INFO - Saving data to [dark_orange]training_data_ref[/dark_orange] (MemoryDataset)...
2026-01-28 11:32:57,925 - kedro.runner.sequential_runner - INFO - Completed node: train_models_with_cv
2026-01-28 11:32:57,927 - kedro.runner.sequential_runner - INFO - Completed 7 out of 8 tasks
2026-01-28 11:32:57,936 - kedro.io.data_catalog - INFO - Loading data from [dark_orange]best_model[/dark_orange] (PickleDataset)...
2026-01-28 11:32:58,049 - kedro.io.data_catalog - INFO - Loading data from [dark_orange]best_model_name[/dark_orange] (MemoryDataset)...
2026-01-28 11:32:58,055 - kedro.io.data_catalog - INFO - Loading data from [dark_orange]best_model_metrics[/dark_orange] (MemoryDataset)...
2026-01-28 11:32:58,058 - kedro.io.data_catalog - INFO - Loading data from [dark_orange]cv_metrics[/dark_orange] (MemoryDataset)...
2026-01-28 11:32:58,064 - kedro.io.data_catalog - INFO - Loading data from [dark_orange]training_data_ref[/dark_orange] (MemoryDataset)...
2026-01-28 11:32:58,073 - kedro.io.data_catalog - INFO - Loading data from [dark_orange]params:models[/dark_orange] (MemoryDataset)...
2026-01-28 11:32:58,073 - kedro.pipeline.node - INFO - Running node: log_best_model_to_mlflow: log_to_mlflow([best_model;best_model_name;best_model_metrics;cv_metrics;training_data_ref;params:models]) -> [mlflow_run_id]
2026-01-28 11:32:59,207 - kedro.pipeline.node - ERROR - Node log_best_model_to_mlflow: log_to_mlflow([best_model;best_model_name;best_model_metrics;cv_metrics;training_data_ref;params:models]) -> [mlflow_run_id] failed with error: 
Cannot set a deleted experiment 'churn_prediction' as the active experiment. You can restore the experiment, or permanently delete the experiment to create a new one.
2026-01-28 11:32:59,208 - kedro.runner.sequential_runner - WARNING - There are 1 nodes that have not run.
You can resume the pipeline run from the nearest nodes with persisted inputs by adding the following argument to your previous command:
  --from-nodes "fit_and_transform_preprocessor"
2026-01-28 11:36:25,345 - kedro.framework.project - INFO - Using 'conf\logging.yml' as logging configuration. You can change this by setting the KEDRO_LOGGING_CONFIG environment variable accordingly.
2026-01-28 11:36:31,366 - kedro.framework.session.session - INFO - Kedro project banking-customer-churn-prediction
2026-01-28 11:36:31,868 - kedro_telemetry.plugin - INFO - Kedro is sending anonymous usage data with the sole purpose of improving the product. No personal data or IP addresses are stored on our side. To opt out, set the `KEDRO_DISABLE_TELEMETRY` or `DO_NOT_TRACK` environment variables, or create a `.telemetry` file in the current working directory with the contents `consent: false`. To hide this message, explicitly grant or deny consent. Read more at https://docs.kedro.org/en/stable/configuration/telemetry.html
2026-01-28 11:36:33,721 - py.warnings - WARNING - c:\Users\BIGSAM TECH\Desktop\ML Churn Modelling\.venv\lib\site-packages\google\api_core\_python_version_support.py:266: FutureWarning: You are using a Python version (3.10.11) which Google will stop supporting in new releases of google.api_core once it reaches its end of life (2026-10-04). Please upgrade to the latest Python version, or at least Python 3.11, to continue receiving updates for google.api_core past that date.
  warnings.warn(message, FutureWarning)

2026-01-28 11:36:35,120 - kedro.runner.sequential_runner - INFO - Using synchronous mode for loading and saving data. Use the --async flag for potential performance gains. https://docs.kedro.org/en/stable/nodes_and_pipelines/run_a_pipeline.html#load-and-save-asynchronously
2026-01-28 11:36:35,126 - kedro.io.data_catalog - INFO - Loading data from [dark_orange]params:data.columns.numeric[/dark_orange] (MemoryDataset)...
2026-01-28 11:36:35,132 - kedro.io.data_catalog - INFO - Loading data from [dark_orange]params:data.columns.categorical[/dark_orange] (MemoryDataset)...
2026-01-28 11:36:35,137 - kedro.io.data_catalog - INFO - Loading data from [dark_orange]params:features.preprocessing[/dark_orange] (MemoryDataset)...
2026-01-28 11:36:35,142 - kedro.pipeline.node - INFO - Running node: build_preprocessor: build_preprocessor([params:data.columns.numeric;params:data.columns.categorical;params:features.preprocessing]) -> [feature_preprocessor]
2026-01-28 11:36:35,153 - banking_customer_churn_prediction.pipelines.preprocessing.nodes - INFO - Built preprocessor for 6 numeric and 2 categorical features
2026-01-28 11:36:35,156 - kedro.io.data_catalog - INFO - Saving data to [dark_orange]feature_preprocessor[/dark_orange] (PickleDataset)...
2026-01-28 11:36:35,168 - kedro.runner.sequential_runner - INFO - Completed node: build_preprocessor
2026-01-28 11:36:35,177 - kedro.runner.sequential_runner - INFO - Completed 1 out of 8 tasks
2026-01-28 11:36:35,184 - kedro.io.data_catalog - INFO - Loading data from [dark_orange]raw_churn[/dark_orange] (CSVDataset)...
2026-01-28 11:36:35,234 - kedro.pipeline.node - INFO - Running node: extract_raw_data: extract_raw([raw_churn]) -> [raw_df;raw_data_quality_metrics]
2026-01-28 11:36:35,234 - banking_customer_churn_prediction.pipelines.etl.nodes - INFO - Extracting raw data with shape: (10000, 14)
2026-01-28 11:36:35,271 - banking_customer_churn_prediction.pipelines.etl.nodes - INFO - Data quality metrics: {'row_count': 10000, 'column_count': 14, 'null_percentage': np.float64(0.0), 'duplicate_rows': np.int64(0), 'churn_rate': np.float64(0.2037)}
2026-01-28 11:36:35,274 - kedro.io.data_catalog - INFO - Saving data to [dark_orange]raw_df[/dark_orange] (MemoryDataset)...
2026-01-28 11:36:35,290 - kedro.io.data_catalog - INFO - Saving data to [dark_orange]raw_data_quality_metrics[/dark_orange] (MemoryDataset)...
2026-01-28 11:36:35,300 - kedro.runner.sequential_runner - INFO - Completed node: extract_raw_data
2026-01-28 11:36:35,303 - kedro.runner.sequential_runner - INFO - Completed 2 out of 8 tasks
2026-01-28 11:36:35,310 - kedro.io.data_catalog - INFO - Loading data from [dark_orange]raw_df[/dark_orange] (MemoryDataset)...
2026-01-28 11:36:35,318 - kedro.io.data_catalog - INFO - Loading data from [dark_orange]raw_data_quality_metrics[/dark_orange] (MemoryDataset)...
2026-01-28 11:36:35,325 - kedro.io.data_catalog - INFO - Loading data from [dark_orange]params:data.columns.drop[/dark_orange] (MemoryDataset)...
2026-01-28 11:36:35,337 - kedro.io.data_catalog - INFO - Loading data from [dark_orange]params:data.random_state[/dark_orange] (MemoryDataset)...
2026-01-28 11:36:35,344 - kedro.pipeline.node - INFO - Running node: clean_and_prepare_data: clean_and_prepare_data([raw_df;raw_data_quality_metrics;params:data.columns.drop;params:data.random_state]) -> [cleaned_customers]
2026-01-28 11:36:35,350 - banking_customer_churn_prediction.pipelines.etl.nodes - INFO - Starting data cleaning with shape: (10000, 14)
2026-01-28 11:36:35,357 - banking_customer_churn_prediction.pipelines.etl.nodes - INFO - Dropped columns: ['RowNumber', 'CustomerId', 'Surname']
2026-01-28 11:36:35,383 - banking_customer_churn_prediction.pipelines.etl.nodes - INFO - Cleaned data shape: (10000, 11)
2026-01-28 11:36:35,384 - kedro.io.data_catalog - INFO - Saving data to [dark_orange]cleaned_customers[/dark_orange] (ParquetDataset)...
2026-01-28 11:36:35,429 - kedro.runner.sequential_runner - INFO - Completed node: clean_and_prepare_data
2026-01-28 11:36:35,432 - kedro.runner.sequential_runner - INFO - Completed 3 out of 8 tasks
2026-01-28 11:36:35,439 - kedro.io.data_catalog - INFO - Loading data from [dark_orange]cleaned_customers[/dark_orange] (ParquetDataset)...
2026-01-28 11:36:35,481 - kedro.io.data_catalog - INFO - Loading data from [dark_orange]params:data.columns.numeric[/dark_orange] (MemoryDataset)...
2026-01-28 11:36:35,484 - kedro.io.data_catalog - INFO - Loading data from [dark_orange]params:data.columns.categorical[/dark_orange] (MemoryDataset)...
2026-01-28 11:36:35,490 - kedro.io.data_catalog - INFO - Loading data from [dark_orange]params:features[/dark_orange] (MemoryDataset)...
2026-01-28 11:36:35,496 - kedro.pipeline.node - INFO - Running node: create_engineered_features: create_features([cleaned_customers;params:data.columns.numeric;params:data.columns.categorical;params:features]) -> [features_df]
2026-01-28 11:36:35,501 - banking_customer_churn_prediction.pipelines.feature_engineering.nodes - INFO - Created feature: avg_bal_per_product
2026-01-28 11:36:35,509 - banking_customer_churn_prediction.pipelines.feature_engineering.nodes - INFO - Created feature: tenure_bucket
2026-01-28 11:36:35,519 - banking_customer_churn_prediction.pipelines.feature_engineering.nodes - INFO - Feature engineering complete. Shape: (10000, 13)
2026-01-28 11:36:35,522 - kedro.io.data_catalog - INFO - Saving data to [dark_orange]features_df[/dark_orange] (MemoryDataset)...
2026-01-28 11:36:35,533 - kedro.runner.sequential_runner - INFO - Completed node: create_engineered_features
2026-01-28 11:36:35,537 - kedro.runner.sequential_runner - INFO - Completed 4 out of 8 tasks
2026-01-28 11:36:35,541 - kedro.io.data_catalog - INFO - Loading data from [dark_orange]features_df[/dark_orange] (MemoryDataset)...
2026-01-28 11:36:35,548 - kedro.io.data_catalog - INFO - Loading data from [dark_orange]params:data.target[/dark_orange] (MemoryDataset)...
2026-01-28 11:36:35,558 - kedro.io.data_catalog - INFO - Loading data from [dark_orange]params:data.test_size[/dark_orange] (MemoryDataset)...
2026-01-28 11:36:35,565 - kedro.io.data_catalog - INFO - Loading data from [dark_orange]params:data.val_size[/dark_orange] (MemoryDataset)...
2026-01-28 11:36:35,574 - kedro.io.data_catalog - INFO - Loading data from [dark_orange]params:data.random_state[/dark_orange] (MemoryDataset)...
2026-01-28 11:36:35,587 - kedro.io.data_catalog - INFO - Loading data from [dark_orange]params:data.stratify[/dark_orange] (MemoryDataset)...
2026-01-28 11:36:35,591 - kedro.pipeline.node - INFO - Running node: split_features_target: split_features_target([features_df;params:data.target;params:data.test_size;params:data.val_size;params:data.random_state;params:data.stratify]) -> [X_train;X_val;X_test;y_train;y_val;y_test]
2026-01-28 11:36:35,617 - banking_customer_churn_prediction.pipelines.feature_engineering.nodes - INFO - Data split complete:
2026-01-28 11:36:35,620 - banking_customer_churn_prediction.pipelines.feature_engineering.nodes - INFO -   Train: 7000 samples (1426 positive)
2026-01-28 11:36:35,622 - banking_customer_churn_prediction.pipelines.feature_engineering.nodes - INFO -   Val: 1500 samples (305 positive)
2026-01-28 11:36:35,626 - banking_customer_churn_prediction.pipelines.feature_engineering.nodes - INFO -   Test: 1500 samples (306 positive)
2026-01-28 11:36:35,633 - kedro.io.data_catalog - INFO - Saving data to [dark_orange]X_train[/dark_orange] (ParquetDataset)...
2026-01-28 11:36:35,669 - kedro.io.data_catalog - INFO - Saving data to [dark_orange]X_val[/dark_orange] (ParquetDataset)...
2026-01-28 11:36:35,686 - kedro.io.data_catalog - INFO - Saving data to [dark_orange]X_test[/dark_orange] (ParquetDataset)...
2026-01-28 11:36:35,705 - kedro.io.data_catalog - INFO - Saving data to [dark_orange]y_train[/dark_orange] (PickleDataset)...
2026-01-28 11:36:35,721 - kedro.io.data_catalog - INFO - Saving data to [dark_orange]y_val[/dark_orange] (PickleDataset)...
2026-01-28 11:36:35,728 - kedro.io.data_catalog - INFO - Saving data to [dark_orange]y_test[/dark_orange] (PickleDataset)...
2026-01-28 11:36:35,739 - kedro.runner.sequential_runner - INFO - Completed node: split_features_target
2026-01-28 11:36:35,743 - kedro.runner.sequential_runner - INFO - Completed 5 out of 8 tasks
2026-01-28 11:36:35,752 - kedro.io.data_catalog - INFO - Loading data from [dark_orange]feature_preprocessor[/dark_orange] (PickleDataset)...
2026-01-28 11:36:35,757 - kedro.io.data_catalog - INFO - Loading data from [dark_orange]X_train[/dark_orange] (ParquetDataset)...
2026-01-28 11:36:35,790 - kedro.io.data_catalog - INFO - Loading data from [dark_orange]X_val[/dark_orange] (ParquetDataset)...
2026-01-28 11:36:35,818 - kedro.io.data_catalog - INFO - Loading data from [dark_orange]X_test[/dark_orange] (ParquetDataset)...
2026-01-28 11:36:35,843 - kedro.pipeline.node - INFO - Running node: fit_and_transform_preprocessor: fit_preprocessor([feature_preprocessor;X_train;X_val;X_test]) -> [X_train_processed;X_val_processed;X_test_processed;feature_preprocessor_fitted]
2026-01-28 11:36:35,850 - banking_customer_churn_prediction.pipelines.preprocessing.nodes - INFO - Fitting preprocessor on training data...
2026-01-28 11:36:35,942 - banking_customer_churn_prediction.pipelines.preprocessing.nodes - INFO - Preprocessing complete. Feature count: 9
2026-01-28 11:36:35,947 - kedro.io.data_catalog - INFO - Saving data to [dark_orange]X_train_processed[/dark_orange] (MemoryDataset)...
2026-01-28 11:36:35,953 - kedro.io.data_catalog - INFO - Saving data to [dark_orange]X_val_processed[/dark_orange] (MemoryDataset)...
2026-01-28 11:36:35,956 - kedro.io.data_catalog - INFO - Saving data to [dark_orange]X_test_processed[/dark_orange] (MemoryDataset)...
2026-01-28 11:36:35,964 - kedro.io.data_catalog - INFO - Saving data to [dark_orange]feature_preprocessor_fitted[/dark_orange] (MemoryDataset)...
2026-01-28 11:36:35,974 - kedro.runner.sequential_runner - INFO - Completed node: fit_and_transform_preprocessor
2026-01-28 11:36:35,976 - kedro.runner.sequential_runner - INFO - Completed 6 out of 8 tasks
2026-01-28 11:36:35,987 - kedro.io.data_catalog - INFO - Loading data from [dark_orange]X_train_processed[/dark_orange] (MemoryDataset)...
2026-01-28 11:36:35,995 - kedro.io.data_catalog - INFO - Loading data from [dark_orange]y_train[/dark_orange] (PickleDataset)...
2026-01-28 11:36:36,019 - kedro.io.data_catalog - INFO - Loading data from [dark_orange]X_val_processed[/dark_orange] (MemoryDataset)...
2026-01-28 11:36:36,022 - kedro.io.data_catalog - INFO - Loading data from [dark_orange]y_val[/dark_orange] (PickleDataset)...
2026-01-28 11:36:36,054 - kedro.io.data_catalog - INFO - Loading data from [dark_orange]params:models[/dark_orange] (MemoryDataset)...
2026-01-28 11:36:36,058 - kedro.io.data_catalog - INFO - Loading data from [dark_orange]params:training[/dark_orange] (MemoryDataset)...
2026-01-28 11:36:36,068 - kedro.pipeline.node - INFO - Running node: train_models_with_cv: train_models_with_cv([X_train_processed;y_train;X_val_processed;y_val;params:models;params:training]) -> [trained_models;model_metrics;cv_metrics;best_model_name;best_model;best_model_metrics;training_data_ref]
2026-01-28 11:36:36,073 - banking_customer_churn_prediction.pipelines.training.nodes - INFO - Training models on 7000 samples
2026-01-28 11:36:36,076 - banking_customer_churn_prediction.pipelines.training.nodes - INFO - Training logistic_regression...
2026-01-28 11:36:42,061 - banking_customer_churn_prediction.pipelines.training.nodes - INFO - logistic_regression - CV AUC: 0.7589 ± 0.0190
2026-01-28 11:36:42,072 - banking_customer_churn_prediction.pipelines.training.nodes - INFO - logistic_regression - Val AUC: 0.7450
2026-01-28 11:36:42,076 - banking_customer_churn_prediction.pipelines.training.nodes - INFO - Training random_forest...
2026-01-28 11:36:49,109 - banking_customer_churn_prediction.pipelines.training.nodes - INFO - random_forest - CV AUC: 0.8521 ± 0.0057
2026-01-28 11:36:49,112 - banking_customer_churn_prediction.pipelines.training.nodes - INFO - random_forest - Val AUC: 0.8515
2026-01-28 11:36:49,112 - banking_customer_churn_prediction.pipelines.training.nodes - INFO - Training xgboost...
2026-01-28 11:36:50,941 - banking_customer_churn_prediction.pipelines.training.nodes - INFO - xgboost - CV AUC: 0.8442 ± 0.0055
2026-01-28 11:36:50,941 - banking_customer_churn_prediction.pipelines.training.nodes - INFO - xgboost - Val AUC: 0.8358
2026-01-28 11:36:50,951 - banking_customer_churn_prediction.pipelines.training.nodes - INFO - Best model: random_forest with AUC: 0.8515
2026-01-28 11:36:50,956 - kedro.io.data_catalog - INFO - Saving data to [dark_orange]trained_models[/dark_orange] (MemoryDataset)...
2026-01-28 11:36:51,049 - kedro.io.data_catalog - INFO - Saving data to [dark_orange]model_metrics[/dark_orange] (JSONDataset)...
2026-01-28 11:36:51,056 - kedro.io.data_catalog - INFO - Saving data to [dark_orange]cv_metrics[/dark_orange] (MemoryDataset)...
2026-01-28 11:36:51,063 - kedro.io.data_catalog - INFO - Saving data to [dark_orange]best_model_name[/dark_orange] (MemoryDataset)...
2026-01-28 11:36:51,065 - kedro.io.data_catalog - INFO - Saving data to [dark_orange]best_model[/dark_orange] (PickleDataset)...
2026-01-28 11:36:51,107 - kedro.io.data_catalog - INFO - Saving data to [dark_orange]best_model_metrics[/dark_orange] (MemoryDataset)...
2026-01-28 11:36:51,115 - kedro.io.data_catalog - INFO - Saving data to [dark_orange]training_data_ref[/dark_orange] (MemoryDataset)...
2026-01-28 11:36:51,122 - kedro.runner.sequential_runner - INFO - Completed node: train_models_with_cv
2026-01-28 11:36:51,134 - kedro.runner.sequential_runner - INFO - Completed 7 out of 8 tasks
2026-01-28 11:36:51,141 - kedro.io.data_catalog - INFO - Loading data from [dark_orange]best_model[/dark_orange] (PickleDataset)...
2026-01-28 11:36:51,195 - kedro.io.data_catalog - INFO - Loading data from [dark_orange]best_model_name[/dark_orange] (MemoryDataset)...
2026-01-28 11:36:51,196 - kedro.io.data_catalog - INFO - Loading data from [dark_orange]best_model_metrics[/dark_orange] (MemoryDataset)...
2026-01-28 11:36:51,207 - kedro.io.data_catalog - INFO - Loading data from [dark_orange]cv_metrics[/dark_orange] (MemoryDataset)...
2026-01-28 11:36:51,213 - kedro.io.data_catalog - INFO - Loading data from [dark_orange]training_data_ref[/dark_orange] (MemoryDataset)...
2026-01-28 11:36:51,224 - kedro.io.data_catalog - INFO - Loading data from [dark_orange]params:models[/dark_orange] (MemoryDataset)...
2026-01-28 11:36:51,230 - kedro.pipeline.node - INFO - Running node: log_best_model_to_mlflow: log_to_mlflow([best_model;best_model_name;best_model_metrics;cv_metrics;training_data_ref;params:models]) -> [mlflow_run_id]
2026-01-28 11:36:52,143 - kedro.pipeline.node - ERROR - Node log_best_model_to_mlflow: log_to_mlflow([best_model;best_model_name;best_model_metrics;cv_metrics;training_data_ref;params:models]) -> [mlflow_run_id] failed with error: 
Cannot set a deleted experiment 'churn_prediction' as the active experiment. You can restore the experiment, or permanently delete the experiment to create a new one.
2026-01-28 11:36:52,152 - kedro.runner.sequential_runner - WARNING - There are 1 nodes that have not run.
You can resume the pipeline run from the nearest nodes with persisted inputs by adding the following argument to your previous command:
  --from-nodes "fit_and_transform_preprocessor"
2026-01-28 11:40:53,496 - kedro.framework.project - INFO - Using 'conf\logging.yml' as logging configuration. You can change this by setting the KEDRO_LOGGING_CONFIG environment variable accordingly.
2026-01-28 11:41:38,533 - kedro.framework.session.session - INFO - Kedro project banking-customer-churn-prediction
2026-01-28 11:41:38,938 - kedro_telemetry.plugin - INFO - Kedro is sending anonymous usage data with the sole purpose of improving the product. No personal data or IP addresses are stored on our side. To opt out, set the `KEDRO_DISABLE_TELEMETRY` or `DO_NOT_TRACK` environment variables, or create a `.telemetry` file in the current working directory with the contents `consent: false`. To hide this message, explicitly grant or deny consent. Read more at https://docs.kedro.org/en/stable/configuration/telemetry.html
2026-01-28 11:41:46,916 - py.warnings - WARNING - c:\Users\BIGSAM TECH\Desktop\ML Churn Modelling\.venv\lib\site-packages\google\api_core\_python_version_support.py:266: FutureWarning: You are using a Python version (3.10.11) which Google will stop supporting in new releases of google.api_core once it reaches its end of life (2026-10-04). Please upgrade to the latest Python version, or at least Python 3.11, to continue receiving updates for google.api_core past that date.
  warnings.warn(message, FutureWarning)

2026-01-28 11:41:57,646 - kedro.runner.sequential_runner - INFO - Using synchronous mode for loading and saving data. Use the --async flag for potential performance gains. https://docs.kedro.org/en/stable/nodes_and_pipelines/run_a_pipeline.html#load-and-save-asynchronously
2026-01-28 11:41:57,646 - kedro.io.data_catalog - INFO - Loading data from [dark_orange]params:data.columns.numeric[/dark_orange] (MemoryDataset)...
2026-01-28 11:41:57,660 - kedro.io.data_catalog - INFO - Loading data from [dark_orange]params:data.columns.categorical[/dark_orange] (MemoryDataset)...
2026-01-28 11:41:57,667 - kedro.io.data_catalog - INFO - Loading data from [dark_orange]params:features.preprocessing[/dark_orange] (MemoryDataset)...
2026-01-28 11:41:57,675 - kedro.pipeline.node - INFO - Running node: build_preprocessor: build_preprocessor([params:data.columns.numeric;params:data.columns.categorical;params:features.preprocessing]) -> [feature_preprocessor]
2026-01-28 11:41:57,677 - banking_customer_churn_prediction.pipelines.preprocessing.nodes - INFO - Built preprocessor for 6 numeric and 2 categorical features
2026-01-28 11:41:57,682 - kedro.io.data_catalog - INFO - Saving data to [dark_orange]feature_preprocessor[/dark_orange] (PickleDataset)...
2026-01-28 11:41:57,712 - kedro.runner.sequential_runner - INFO - Completed node: build_preprocessor
2026-01-28 11:41:57,721 - kedro.runner.sequential_runner - INFO - Completed 1 out of 8 tasks
2026-01-28 11:41:57,723 - kedro.io.data_catalog - INFO - Loading data from [dark_orange]raw_churn[/dark_orange] (CSVDataset)...
2026-01-28 11:41:57,788 - kedro.pipeline.node - INFO - Running node: extract_raw_data: extract_raw([raw_churn]) -> [raw_df;raw_data_quality_metrics]
2026-01-28 11:41:57,791 - banking_customer_churn_prediction.pipelines.etl.nodes - INFO - Extracting raw data with shape: (10000, 14)
2026-01-28 11:41:57,811 - banking_customer_churn_prediction.pipelines.etl.nodes - INFO - Data quality metrics: {'row_count': 10000, 'column_count': 14, 'null_percentage': np.float64(0.0), 'duplicate_rows': np.int64(0), 'churn_rate': np.float64(0.2037)}
2026-01-28 11:41:57,814 - kedro.io.data_catalog - INFO - Saving data to [dark_orange]raw_df[/dark_orange] (MemoryDataset)...
2026-01-28 11:41:57,822 - kedro.io.data_catalog - INFO - Saving data to [dark_orange]raw_data_quality_metrics[/dark_orange] (MemoryDataset)...
2026-01-28 11:41:57,830 - kedro.runner.sequential_runner - INFO - Completed node: extract_raw_data
2026-01-28 11:41:57,832 - kedro.runner.sequential_runner - INFO - Completed 2 out of 8 tasks
2026-01-28 11:41:57,839 - kedro.io.data_catalog - INFO - Loading data from [dark_orange]raw_df[/dark_orange] (MemoryDataset)...
2026-01-28 11:41:57,845 - kedro.io.data_catalog - INFO - Loading data from [dark_orange]raw_data_quality_metrics[/dark_orange] (MemoryDataset)...
2026-01-28 11:41:57,848 - kedro.io.data_catalog - INFO - Loading data from [dark_orange]params:data.columns.drop[/dark_orange] (MemoryDataset)...
2026-01-28 11:41:57,854 - kedro.io.data_catalog - INFO - Loading data from [dark_orange]params:data.random_state[/dark_orange] (MemoryDataset)...
2026-01-28 11:41:57,861 - kedro.pipeline.node - INFO - Running node: clean_and_prepare_data: clean_and_prepare_data([raw_df;raw_data_quality_metrics;params:data.columns.drop;params:data.random_state]) -> [cleaned_customers]
2026-01-28 11:41:57,865 - banking_customer_churn_prediction.pipelines.etl.nodes - INFO - Starting data cleaning with shape: (10000, 14)
2026-01-28 11:41:57,877 - banking_customer_churn_prediction.pipelines.etl.nodes - INFO - Dropped columns: ['RowNumber', 'CustomerId', 'Surname']
2026-01-28 11:41:57,890 - banking_customer_churn_prediction.pipelines.etl.nodes - INFO - Cleaned data shape: (10000, 11)
2026-01-28 11:41:57,898 - kedro.io.data_catalog - INFO - Saving data to [dark_orange]cleaned_customers[/dark_orange] (ParquetDataset)...
2026-01-28 11:41:58,087 - kedro.runner.sequential_runner - INFO - Completed node: clean_and_prepare_data
2026-01-28 11:41:58,090 - kedro.runner.sequential_runner - INFO - Completed 3 out of 8 tasks
2026-01-28 11:41:58,094 - kedro.io.data_catalog - INFO - Loading data from [dark_orange]cleaned_customers[/dark_orange] (ParquetDataset)...
2026-01-28 11:41:58,141 - kedro.io.data_catalog - INFO - Loading data from [dark_orange]params:data.columns.numeric[/dark_orange] (MemoryDataset)...
2026-01-28 11:41:58,141 - kedro.io.data_catalog - INFO - Loading data from [dark_orange]params:data.columns.categorical[/dark_orange] (MemoryDataset)...
2026-01-28 11:41:58,141 - kedro.io.data_catalog - INFO - Loading data from [dark_orange]params:features[/dark_orange] (MemoryDataset)...
2026-01-28 11:41:58,156 - kedro.pipeline.node - INFO - Running node: create_engineered_features: create_features([cleaned_customers;params:data.columns.numeric;params:data.columns.categorical;params:features]) -> [features_df]
2026-01-28 11:41:58,162 - banking_customer_churn_prediction.pipelines.feature_engineering.nodes - INFO - Created feature: avg_bal_per_product
2026-01-28 11:41:58,168 - banking_customer_churn_prediction.pipelines.feature_engineering.nodes - INFO - Created feature: tenure_bucket
2026-01-28 11:41:58,176 - banking_customer_churn_prediction.pipelines.feature_engineering.nodes - INFO - Feature engineering complete. Shape: (10000, 13)
2026-01-28 11:41:58,181 - kedro.io.data_catalog - INFO - Saving data to [dark_orange]features_df[/dark_orange] (MemoryDataset)...
2026-01-28 11:41:58,194 - kedro.runner.sequential_runner - INFO - Completed node: create_engineered_features
2026-01-28 11:41:58,196 - kedro.runner.sequential_runner - INFO - Completed 4 out of 8 tasks
2026-01-28 11:41:58,201 - kedro.io.data_catalog - INFO - Loading data from [dark_orange]features_df[/dark_orange] (MemoryDataset)...
2026-01-28 11:41:58,210 - kedro.io.data_catalog - INFO - Loading data from [dark_orange]params:data.target[/dark_orange] (MemoryDataset)...
2026-01-28 11:41:58,215 - kedro.io.data_catalog - INFO - Loading data from [dark_orange]params:data.test_size[/dark_orange] (MemoryDataset)...
2026-01-28 11:41:58,223 - kedro.io.data_catalog - INFO - Loading data from [dark_orange]params:data.val_size[/dark_orange] (MemoryDataset)...
2026-01-28 11:41:58,223 - kedro.io.data_catalog - INFO - Loading data from [dark_orange]params:data.random_state[/dark_orange] (MemoryDataset)...
2026-01-28 11:41:58,234 - kedro.io.data_catalog - INFO - Loading data from [dark_orange]params:data.stratify[/dark_orange] (MemoryDataset)...
2026-01-28 11:41:58,243 - kedro.pipeline.node - INFO - Running node: split_features_target: split_features_target([features_df;params:data.target;params:data.test_size;params:data.val_size;params:data.random_state;params:data.stratify]) -> [X_train;X_val;X_test;y_train;y_val;y_test]
2026-01-28 11:41:58,280 - banking_customer_churn_prediction.pipelines.feature_engineering.nodes - INFO - Data split complete:
2026-01-28 11:41:58,288 - banking_customer_churn_prediction.pipelines.feature_engineering.nodes - INFO -   Train: 7000 samples (1426 positive)
2026-01-28 11:41:58,290 - banking_customer_churn_prediction.pipelines.feature_engineering.nodes - INFO -   Val: 1500 samples (305 positive)
2026-01-28 11:41:58,298 - banking_customer_churn_prediction.pipelines.feature_engineering.nodes - INFO -   Test: 1500 samples (306 positive)
2026-01-28 11:41:58,305 - kedro.io.data_catalog - INFO - Saving data to [dark_orange]X_train[/dark_orange] (ParquetDataset)...
2026-01-28 11:41:58,324 - kedro.io.data_catalog - INFO - Saving data to [dark_orange]X_val[/dark_orange] (ParquetDataset)...
2026-01-28 11:41:58,342 - kedro.io.data_catalog - INFO - Saving data to [dark_orange]X_test[/dark_orange] (ParquetDataset)...
2026-01-28 11:41:58,372 - kedro.io.data_catalog - INFO - Saving data to [dark_orange]y_train[/dark_orange] (PickleDataset)...
2026-01-28 11:41:58,377 - kedro.io.data_catalog - INFO - Saving data to [dark_orange]y_val[/dark_orange] (PickleDataset)...
2026-01-28 11:41:58,384 - kedro.io.data_catalog - INFO - Saving data to [dark_orange]y_test[/dark_orange] (PickleDataset)...
2026-01-28 11:41:58,394 - kedro.runner.sequential_runner - INFO - Completed node: split_features_target
2026-01-28 11:41:58,398 - kedro.runner.sequential_runner - INFO - Completed 5 out of 8 tasks
2026-01-28 11:41:58,402 - kedro.io.data_catalog - INFO - Loading data from [dark_orange]feature_preprocessor[/dark_orange] (PickleDataset)...
2026-01-28 11:41:58,429 - kedro.io.data_catalog - INFO - Loading data from [dark_orange]X_train[/dark_orange] (ParquetDataset)...
2026-01-28 11:41:58,456 - kedro.io.data_catalog - INFO - Loading data from [dark_orange]X_val[/dark_orange] (ParquetDataset)...
2026-01-28 11:41:58,487 - kedro.io.data_catalog - INFO - Loading data from [dark_orange]X_test[/dark_orange] (ParquetDataset)...
2026-01-28 11:41:58,519 - kedro.pipeline.node - INFO - Running node: fit_and_transform_preprocessor: fit_preprocessor([feature_preprocessor;X_train;X_val;X_test]) -> [X_train_processed;X_val_processed;X_test_processed;feature_preprocessor_fitted]
2026-01-28 11:41:58,524 - banking_customer_churn_prediction.pipelines.preprocessing.nodes - INFO - Fitting preprocessor on training data...
2026-01-28 11:41:58,593 - banking_customer_churn_prediction.pipelines.preprocessing.nodes - INFO - Preprocessing complete. Feature count: 9
2026-01-28 11:41:58,603 - kedro.io.data_catalog - INFO - Saving data to [dark_orange]X_train_processed[/dark_orange] (MemoryDataset)...
2026-01-28 11:41:58,609 - kedro.io.data_catalog - INFO - Saving data to [dark_orange]X_val_processed[/dark_orange] (MemoryDataset)...
2026-01-28 11:41:58,618 - kedro.io.data_catalog - INFO - Saving data to [dark_orange]X_test_processed[/dark_orange] (MemoryDataset)...
2026-01-28 11:41:58,628 - kedro.io.data_catalog - INFO - Saving data to [dark_orange]feature_preprocessor_fitted[/dark_orange] (MemoryDataset)...
2026-01-28 11:41:58,637 - kedro.runner.sequential_runner - INFO - Completed node: fit_and_transform_preprocessor
2026-01-28 11:41:58,639 - kedro.runner.sequential_runner - INFO - Completed 6 out of 8 tasks
2026-01-28 11:41:58,650 - kedro.io.data_catalog - INFO - Loading data from [dark_orange]X_train_processed[/dark_orange] (MemoryDataset)...
2026-01-28 11:41:58,662 - kedro.io.data_catalog - INFO - Loading data from [dark_orange]y_train[/dark_orange] (PickleDataset)...
2026-01-28 11:41:58,708 - kedro.io.data_catalog - INFO - Loading data from [dark_orange]X_val_processed[/dark_orange] (MemoryDataset)...
2026-01-28 11:41:58,708 - kedro.io.data_catalog - INFO - Loading data from [dark_orange]y_val[/dark_orange] (PickleDataset)...
2026-01-28 11:41:58,745 - kedro.io.data_catalog - INFO - Loading data from [dark_orange]params:models[/dark_orange] (MemoryDataset)...
2026-01-28 11:41:58,757 - kedro.io.data_catalog - INFO - Loading data from [dark_orange]params:training[/dark_orange] (MemoryDataset)...
2026-01-28 11:41:58,759 - kedro.pipeline.node - INFO - Running node: train_models_with_cv: train_models_with_cv([X_train_processed;y_train;X_val_processed;y_val;params:models;params:training]) -> [trained_models;model_metrics;cv_metrics;best_model_name;best_model;best_model_metrics;training_data_ref]
2026-01-28 11:41:58,775 - banking_customer_churn_prediction.pipelines.training.nodes - INFO - Training models on 7000 samples
2026-01-28 11:41:58,780 - banking_customer_churn_prediction.pipelines.training.nodes - INFO - Training logistic_regression...
2026-01-28 11:42:05,113 - banking_customer_churn_prediction.pipelines.training.nodes - INFO - logistic_regression - CV AUC: 0.7589 ± 0.0190
2026-01-28 11:42:05,116 - banking_customer_churn_prediction.pipelines.training.nodes - INFO - logistic_regression - Val AUC: 0.7450
2026-01-28 11:42:05,123 - banking_customer_churn_prediction.pipelines.training.nodes - INFO - Training random_forest...
2026-01-28 11:42:12,981 - banking_customer_churn_prediction.pipelines.training.nodes - INFO - random_forest - CV AUC: 0.8521 ± 0.0057
2026-01-28 11:42:12,982 - banking_customer_churn_prediction.pipelines.training.nodes - INFO - random_forest - Val AUC: 0.8515
2026-01-28 11:42:12,982 - banking_customer_churn_prediction.pipelines.training.nodes - INFO - Training xgboost...
2026-01-28 11:42:14,895 - banking_customer_churn_prediction.pipelines.training.nodes - INFO - xgboost - CV AUC: 0.8442 ± 0.0055
2026-01-28 11:42:14,907 - banking_customer_churn_prediction.pipelines.training.nodes - INFO - xgboost - Val AUC: 0.8358
2026-01-28 11:42:14,907 - banking_customer_churn_prediction.pipelines.training.nodes - INFO - Best model: random_forest with AUC: 0.8515
2026-01-28 11:42:14,907 - kedro.io.data_catalog - INFO - Saving data to [dark_orange]trained_models[/dark_orange] (MemoryDataset)...
2026-01-28 11:42:14,999 - kedro.io.data_catalog - INFO - Saving data to [dark_orange]model_metrics[/dark_orange] (JSONDataset)...
2026-01-28 11:42:15,007 - kedro.io.data_catalog - INFO - Saving data to [dark_orange]cv_metrics[/dark_orange] (MemoryDataset)...
2026-01-28 11:42:15,013 - kedro.io.data_catalog - INFO - Saving data to [dark_orange]best_model_name[/dark_orange] (MemoryDataset)...
2026-01-28 11:42:15,022 - kedro.io.data_catalog - INFO - Saving data to [dark_orange]best_model[/dark_orange] (PickleDataset)...
2026-01-28 11:42:15,062 - kedro.io.data_catalog - INFO - Saving data to [dark_orange]best_model_metrics[/dark_orange] (MemoryDataset)...
2026-01-28 11:42:15,068 - kedro.io.data_catalog - INFO - Saving data to [dark_orange]training_data_ref[/dark_orange] (MemoryDataset)...
2026-01-28 11:42:15,078 - kedro.runner.sequential_runner - INFO - Completed node: train_models_with_cv
2026-01-28 11:42:15,078 - kedro.runner.sequential_runner - INFO - Completed 7 out of 8 tasks
2026-01-28 11:42:15,090 - kedro.io.data_catalog - INFO - Loading data from [dark_orange]best_model[/dark_orange] (PickleDataset)...
2026-01-28 11:42:15,171 - kedro.io.data_catalog - INFO - Loading data from [dark_orange]best_model_name[/dark_orange] (MemoryDataset)...
2026-01-28 11:42:15,177 - kedro.io.data_catalog - INFO - Loading data from [dark_orange]best_model_metrics[/dark_orange] (MemoryDataset)...
2026-01-28 11:42:15,181 - kedro.io.data_catalog - INFO - Loading data from [dark_orange]cv_metrics[/dark_orange] (MemoryDataset)...
2026-01-28 11:42:15,186 - kedro.io.data_catalog - INFO - Loading data from [dark_orange]training_data_ref[/dark_orange] (MemoryDataset)...
2026-01-28 11:42:15,190 - kedro.io.data_catalog - INFO - Loading data from [dark_orange]params:models[/dark_orange] (MemoryDataset)...
2026-01-28 11:42:15,196 - kedro.pipeline.node - INFO - Running node: log_best_model_to_mlflow: log_to_mlflow([best_model;best_model_name;best_model_metrics;cv_metrics;training_data_ref;params:models]) -> [mlflow_run_id]
2026-01-28 11:42:19,675 - kedro.io.data_catalog - INFO - Saving data to [dark_orange]mlflow_run_id[/dark_orange] (MemoryDataset)...
2026-01-28 11:42:19,686 - kedro.runner.sequential_runner - WARNING - There are 1 nodes that have not run.
You can resume the pipeline run from the nearest nodes with persisted inputs by adding the following argument to your previous command:
  --from-nodes "fit_and_transform_preprocessor"
2026-01-28 11:50:26,004 - kedro.framework.project - INFO - Using 'conf\logging.yml' as logging configuration. You can change this by setting the KEDRO_LOGGING_CONFIG environment variable accordingly.
2026-01-28 11:50:34,015 - kedro.framework.session.session - INFO - Kedro project banking-customer-churn-prediction
2026-01-28 11:50:34,378 - kedro_telemetry.plugin - INFO - Kedro is sending anonymous usage data with the sole purpose of improving the product. No personal data or IP addresses are stored on our side. To opt out, set the `KEDRO_DISABLE_TELEMETRY` or `DO_NOT_TRACK` environment variables, or create a `.telemetry` file in the current working directory with the contents `consent: false`. To hide this message, explicitly grant or deny consent. Read more at https://docs.kedro.org/en/stable/configuration/telemetry.html
2026-01-28 11:50:36,414 - py.warnings - WARNING - c:\Users\BIGSAM TECH\Desktop\ML Churn Modelling\.venv\lib\site-packages\google\api_core\_python_version_support.py:266: FutureWarning: You are using a Python version (3.10.11) which Google will stop supporting in new releases of google.api_core once it reaches its end of life (2026-10-04). Please upgrade to the latest Python version, or at least Python 3.11, to continue receiving updates for google.api_core past that date.
  warnings.warn(message, FutureWarning)

2026-01-28 11:50:37,788 - kedro.runner.sequential_runner - INFO - Using synchronous mode for loading and saving data. Use the --async flag for potential performance gains. https://docs.kedro.org/en/stable/nodes_and_pipelines/run_a_pipeline.html#load-and-save-asynchronously
2026-01-28 11:50:37,790 - kedro.io.data_catalog - INFO - Loading data from [dark_orange]params:data.columns.numeric[/dark_orange] (MemoryDataset)...
2026-01-28 11:50:37,790 - kedro.io.data_catalog - INFO - Loading data from [dark_orange]params:data.columns.categorical[/dark_orange] (MemoryDataset)...
2026-01-28 11:50:37,804 - kedro.io.data_catalog - INFO - Loading data from [dark_orange]params:features.preprocessing[/dark_orange] (MemoryDataset)...
2026-01-28 11:50:37,813 - kedro.pipeline.node - INFO - Running node: build_preprocessor: build_preprocessor([params:data.columns.numeric;params:data.columns.categorical;params:features.preprocessing]) -> [feature_preprocessor]
2026-01-28 11:50:37,818 - banking_customer_churn_prediction.pipelines.preprocessing.nodes - INFO - Built preprocessor for 6 numeric and 2 categorical features
2026-01-28 11:50:37,822 - kedro.io.data_catalog - INFO - Saving data to [dark_orange]feature_preprocessor[/dark_orange] (PickleDataset)...
2026-01-28 11:50:37,836 - kedro.runner.sequential_runner - INFO - Completed node: build_preprocessor
2026-01-28 11:50:37,836 - kedro.runner.sequential_runner - INFO - Completed 1 out of 8 tasks
2026-01-28 11:50:37,846 - kedro.io.data_catalog - INFO - Loading data from [dark_orange]raw_churn[/dark_orange] (CSVDataset)...
2026-01-28 11:50:37,902 - kedro.pipeline.node - INFO - Running node: extract_raw_data: extract_raw([raw_churn]) -> [raw_df;raw_data_quality_metrics]
2026-01-28 11:50:37,904 - banking_customer_churn_prediction.pipelines.etl.nodes - INFO - Extracting raw data with shape: (10000, 14)
2026-01-28 11:50:37,954 - banking_customer_churn_prediction.pipelines.etl.nodes - INFO - Data quality metrics: {'row_count': 10000, 'column_count': 14, 'null_percentage': np.float64(0.0), 'duplicate_rows': np.int64(0), 'churn_rate': np.float64(0.2037)}
2026-01-28 11:50:37,957 - kedro.io.data_catalog - INFO - Saving data to [dark_orange]raw_df[/dark_orange] (MemoryDataset)...
2026-01-28 11:50:37,966 - kedro.io.data_catalog - INFO - Saving data to [dark_orange]raw_data_quality_metrics[/dark_orange] (MemoryDataset)...
2026-01-28 11:50:37,969 - kedro.runner.sequential_runner - INFO - Completed node: extract_raw_data
2026-01-28 11:50:37,970 - kedro.runner.sequential_runner - INFO - Completed 2 out of 8 tasks
2026-01-28 11:50:37,981 - kedro.io.data_catalog - INFO - Loading data from [dark_orange]raw_df[/dark_orange] (MemoryDataset)...
2026-01-28 11:50:37,986 - kedro.io.data_catalog - INFO - Loading data from [dark_orange]raw_data_quality_metrics[/dark_orange] (MemoryDataset)...
2026-01-28 11:50:37,992 - kedro.io.data_catalog - INFO - Loading data from [dark_orange]params:data.columns.drop[/dark_orange] (MemoryDataset)...
2026-01-28 11:50:37,999 - kedro.io.data_catalog - INFO - Loading data from [dark_orange]params:data.random_state[/dark_orange] (MemoryDataset)...
2026-01-28 11:50:38,001 - kedro.pipeline.node - INFO - Running node: clean_and_prepare_data: clean_and_prepare_data([raw_df;raw_data_quality_metrics;params:data.columns.drop;params:data.random_state]) -> [cleaned_customers]
2026-01-28 11:50:38,011 - banking_customer_churn_prediction.pipelines.etl.nodes - INFO - Starting data cleaning with shape: (10000, 14)
2026-01-28 11:50:38,020 - banking_customer_churn_prediction.pipelines.etl.nodes - INFO - Dropped columns: ['RowNumber', 'CustomerId', 'Surname']
2026-01-28 11:50:38,033 - banking_customer_churn_prediction.pipelines.etl.nodes - INFO - Cleaned data shape: (10000, 11)
2026-01-28 11:50:38,035 - kedro.io.data_catalog - INFO - Saving data to [dark_orange]cleaned_customers[/dark_orange] (ParquetDataset)...
2026-01-28 11:50:38,140 - kedro.runner.sequential_runner - INFO - Completed node: clean_and_prepare_data
2026-01-28 11:50:38,141 - kedro.runner.sequential_runner - INFO - Completed 3 out of 8 tasks
2026-01-28 11:50:38,149 - kedro.io.data_catalog - INFO - Loading data from [dark_orange]cleaned_customers[/dark_orange] (ParquetDataset)...
2026-01-28 11:50:38,248 - kedro.io.data_catalog - INFO - Loading data from [dark_orange]params:data.columns.numeric[/dark_orange] (MemoryDataset)...
2026-01-28 11:50:38,252 - kedro.io.data_catalog - INFO - Loading data from [dark_orange]params:data.columns.categorical[/dark_orange] (MemoryDataset)...
2026-01-28 11:50:38,257 - kedro.io.data_catalog - INFO - Loading data from [dark_orange]params:features[/dark_orange] (MemoryDataset)...
2026-01-28 11:50:38,263 - kedro.pipeline.node - INFO - Running node: create_engineered_features: create_features([cleaned_customers;params:data.columns.numeric;params:data.columns.categorical;params:features]) -> [features_df]
2026-01-28 11:50:38,271 - banking_customer_churn_prediction.pipelines.feature_engineering.nodes - INFO - Created feature: avg_bal_per_product
2026-01-28 11:50:38,277 - banking_customer_churn_prediction.pipelines.feature_engineering.nodes - INFO - Created feature: tenure_bucket
2026-01-28 11:50:38,287 - banking_customer_churn_prediction.pipelines.feature_engineering.nodes - INFO - Feature engineering complete. Shape: (10000, 13)
2026-01-28 11:50:38,290 - kedro.io.data_catalog - INFO - Saving data to [dark_orange]features_df[/dark_orange] (MemoryDataset)...
2026-01-28 11:50:38,302 - kedro.runner.sequential_runner - INFO - Completed node: create_engineered_features
2026-01-28 11:50:38,304 - kedro.runner.sequential_runner - INFO - Completed 4 out of 8 tasks
2026-01-28 11:50:38,314 - kedro.io.data_catalog - INFO - Loading data from [dark_orange]features_df[/dark_orange] (MemoryDataset)...
2026-01-28 11:50:38,319 - kedro.io.data_catalog - INFO - Loading data from [dark_orange]params:data.target[/dark_orange] (MemoryDataset)...
2026-01-28 11:50:38,327 - kedro.io.data_catalog - INFO - Loading data from [dark_orange]params:data.test_size[/dark_orange] (MemoryDataset)...
2026-01-28 11:50:38,332 - kedro.io.data_catalog - INFO - Loading data from [dark_orange]params:data.val_size[/dark_orange] (MemoryDataset)...
2026-01-28 11:50:38,337 - kedro.io.data_catalog - INFO - Loading data from [dark_orange]params:data.random_state[/dark_orange] (MemoryDataset)...
2026-01-28 11:50:38,344 - kedro.io.data_catalog - INFO - Loading data from [dark_orange]params:data.stratify[/dark_orange] (MemoryDataset)...
2026-01-28 11:50:38,351 - kedro.pipeline.node - INFO - Running node: split_features_target: split_features_target([features_df;params:data.target;params:data.test_size;params:data.val_size;params:data.random_state;params:data.stratify]) -> [X_train;X_val;X_test;y_train;y_val;y_test]
2026-01-28 11:50:38,383 - banking_customer_churn_prediction.pipelines.feature_engineering.nodes - INFO - Data split complete:
2026-01-28 11:50:38,383 - banking_customer_churn_prediction.pipelines.feature_engineering.nodes - INFO -   Train: 7000 samples (1426 positive)
2026-01-28 11:50:38,395 - banking_customer_churn_prediction.pipelines.feature_engineering.nodes - INFO -   Val: 1500 samples (305 positive)
2026-01-28 11:50:38,400 - banking_customer_churn_prediction.pipelines.feature_engineering.nodes - INFO -   Test: 1500 samples (306 positive)
2026-01-28 11:50:38,404 - kedro.io.data_catalog - INFO - Saving data to [dark_orange]X_train[/dark_orange] (ParquetDataset)...
2026-01-28 11:50:38,461 - kedro.io.data_catalog - INFO - Saving data to [dark_orange]X_val[/dark_orange] (ParquetDataset)...
2026-01-28 11:50:38,481 - kedro.io.data_catalog - INFO - Saving data to [dark_orange]X_test[/dark_orange] (ParquetDataset)...
2026-01-28 11:50:38,495 - kedro.io.data_catalog - INFO - Saving data to [dark_orange]y_train[/dark_orange] (PickleDataset)...
2026-01-28 11:50:38,507 - kedro.io.data_catalog - INFO - Saving data to [dark_orange]y_val[/dark_orange] (PickleDataset)...
2026-01-28 11:50:38,514 - kedro.io.data_catalog - INFO - Saving data to [dark_orange]y_test[/dark_orange] (PickleDataset)...
2026-01-28 11:50:38,524 - kedro.runner.sequential_runner - INFO - Completed node: split_features_target
2026-01-28 11:50:38,528 - kedro.runner.sequential_runner - INFO - Completed 5 out of 8 tasks
2026-01-28 11:50:38,538 - kedro.io.data_catalog - INFO - Loading data from [dark_orange]feature_preprocessor[/dark_orange] (PickleDataset)...
2026-01-28 11:50:38,548 - kedro.io.data_catalog - INFO - Loading data from [dark_orange]X_train[/dark_orange] (ParquetDataset)...
2026-01-28 11:50:38,584 - kedro.io.data_catalog - INFO - Loading data from [dark_orange]X_val[/dark_orange] (ParquetDataset)...
2026-01-28 11:50:38,614 - kedro.io.data_catalog - INFO - Loading data from [dark_orange]X_test[/dark_orange] (ParquetDataset)...
2026-01-28 11:50:38,648 - kedro.pipeline.node - INFO - Running node: fit_and_transform_preprocessor: fit_preprocessor([feature_preprocessor;X_train;X_val;X_test]) -> [X_train_processed;X_val_processed;X_test_processed;feature_preprocessor_fitted]
2026-01-28 11:50:38,652 - banking_customer_churn_prediction.pipelines.preprocessing.nodes - INFO - Fitting preprocessor on training data...
2026-01-28 11:50:38,758 - banking_customer_churn_prediction.pipelines.preprocessing.nodes - INFO - Preprocessing complete. Feature count: 9
2026-01-28 11:50:38,758 - kedro.io.data_catalog - INFO - Saving data to [dark_orange]X_train_processed[/dark_orange] (MemoryDataset)...
2026-01-28 11:50:38,767 - kedro.io.data_catalog - INFO - Saving data to [dark_orange]X_val_processed[/dark_orange] (MemoryDataset)...
2026-01-28 11:50:38,778 - kedro.io.data_catalog - INFO - Saving data to [dark_orange]X_test_processed[/dark_orange] (MemoryDataset)...
2026-01-28 11:50:38,784 - kedro.io.data_catalog - INFO - Saving data to [dark_orange]feature_preprocessor_fitted[/dark_orange] (MemoryDataset)...
2026-01-28 11:50:38,793 - kedro.runner.sequential_runner - INFO - Completed node: fit_and_transform_preprocessor
2026-01-28 11:50:38,797 - kedro.runner.sequential_runner - INFO - Completed 6 out of 8 tasks
2026-01-28 11:50:38,808 - kedro.io.data_catalog - INFO - Loading data from [dark_orange]X_train_processed[/dark_orange] (MemoryDataset)...
2026-01-28 11:50:38,816 - kedro.io.data_catalog - INFO - Loading data from [dark_orange]y_train[/dark_orange] (PickleDataset)...
2026-01-28 11:50:38,848 - kedro.io.data_catalog - INFO - Loading data from [dark_orange]X_val_processed[/dark_orange] (MemoryDataset)...
2026-01-28 11:50:38,855 - kedro.io.data_catalog - INFO - Loading data from [dark_orange]y_val[/dark_orange] (PickleDataset)...
2026-01-28 11:50:38,895 - kedro.io.data_catalog - INFO - Loading data from [dark_orange]params:models[/dark_orange] (MemoryDataset)...
2026-01-28 11:50:38,898 - kedro.io.data_catalog - INFO - Loading data from [dark_orange]params:training[/dark_orange] (MemoryDataset)...
2026-01-28 11:50:38,900 - kedro.pipeline.node - INFO - Running node: train_models_with_cv: train_models_with_cv([X_train_processed;y_train;X_val_processed;y_val;params:models;params:training]) -> [trained_models;model_metrics;cv_metrics;best_model_name;best_model;best_model_metrics;training_data_ref]
2026-01-28 11:50:38,914 - banking_customer_churn_prediction.pipelines.training.nodes - INFO - Training models on 7000 samples
2026-01-28 11:50:38,916 - banking_customer_churn_prediction.pipelines.training.nodes - INFO - Training logistic_regression...
2026-01-28 11:50:45,430 - banking_customer_churn_prediction.pipelines.training.nodes - INFO - logistic_regression - CV AUC: 0.7589 ± 0.0190
2026-01-28 11:50:45,434 - banking_customer_churn_prediction.pipelines.training.nodes - INFO - logistic_regression - Val AUC: 0.7450
2026-01-28 11:50:45,434 - banking_customer_churn_prediction.pipelines.training.nodes - INFO - Training random_forest...
2026-01-28 11:50:53,124 - banking_customer_churn_prediction.pipelines.training.nodes - INFO - random_forest - CV AUC: 0.8521 ± 0.0057
2026-01-28 11:50:53,131 - banking_customer_churn_prediction.pipelines.training.nodes - INFO - random_forest - Val AUC: 0.8515
2026-01-28 11:50:53,134 - banking_customer_churn_prediction.pipelines.training.nodes - INFO - Training xgboost...
2026-01-28 11:50:54,906 - banking_customer_churn_prediction.pipelines.training.nodes - INFO - xgboost - CV AUC: 0.8442 ± 0.0055
2026-01-28 11:50:54,918 - banking_customer_churn_prediction.pipelines.training.nodes - INFO - xgboost - Val AUC: 0.8358
2026-01-28 11:50:54,918 - banking_customer_churn_prediction.pipelines.training.nodes - INFO - Best model: random_forest with AUC: 0.8515
2026-01-28 11:50:54,926 - kedro.io.data_catalog - INFO - Saving data to [dark_orange]trained_models[/dark_orange] (MemoryDataset)...
2026-01-28 11:50:55,013 - kedro.io.data_catalog - INFO - Saving data to [dark_orange]model_metrics[/dark_orange] (JSONDataset)...
2026-01-28 11:50:55,019 - kedro.io.data_catalog - INFO - Saving data to [dark_orange]cv_metrics[/dark_orange] (MemoryDataset)...
2026-01-28 11:50:55,026 - kedro.io.data_catalog - INFO - Saving data to [dark_orange]best_model_name[/dark_orange] (MemoryDataset)...
2026-01-28 11:50:55,032 - kedro.io.data_catalog - INFO - Saving data to [dark_orange]best_model[/dark_orange] (PickleDataset)...
2026-01-28 11:50:55,065 - kedro.io.data_catalog - INFO - Saving data to [dark_orange]best_model_metrics[/dark_orange] (MemoryDataset)...
2026-01-28 11:50:55,072 - kedro.io.data_catalog - INFO - Saving data to [dark_orange]training_data_ref[/dark_orange] (MemoryDataset)...
2026-01-28 11:50:55,083 - kedro.runner.sequential_runner - INFO - Completed node: train_models_with_cv
2026-01-28 11:50:55,086 - kedro.runner.sequential_runner - INFO - Completed 7 out of 8 tasks
2026-01-28 11:50:55,097 - kedro.io.data_catalog - INFO - Loading data from [dark_orange]best_model[/dark_orange] (PickleDataset)...
2026-01-28 11:50:55,177 - kedro.io.data_catalog - INFO - Loading data from [dark_orange]best_model_name[/dark_orange] (MemoryDataset)...
2026-01-28 11:50:55,184 - kedro.io.data_catalog - INFO - Loading data from [dark_orange]best_model_metrics[/dark_orange] (MemoryDataset)...
2026-01-28 11:50:55,192 - kedro.io.data_catalog - INFO - Loading data from [dark_orange]cv_metrics[/dark_orange] (MemoryDataset)...
2026-01-28 11:50:55,199 - kedro.io.data_catalog - INFO - Loading data from [dark_orange]training_data_ref[/dark_orange] (MemoryDataset)...
2026-01-28 11:50:55,207 - kedro.io.data_catalog - INFO - Loading data from [dark_orange]params:models[/dark_orange] (MemoryDataset)...
2026-01-28 11:50:55,217 - kedro.pipeline.node - INFO - Running node: log_best_model_to_mlflow: log_to_mlflow([best_model;best_model_name;best_model_metrics;cv_metrics;training_data_ref;params:models]) -> [mlflow_run_id]
2026-01-28 11:51:13,249 - kedro.io.data_catalog - INFO - Saving data to [dark_orange]mlflow_run_id[/dark_orange] (MemoryDataset)...
2026-01-28 11:51:13,260 - kedro.runner.sequential_runner - INFO - Completed node: log_best_model_to_mlflow
2026-01-28 11:51:13,267 - kedro.runner.sequential_runner - INFO - Completed 8 out of 8 tasks
2026-01-28 11:51:13,273 - kedro.runner.sequential_runner - INFO - Pipeline execution completed successfully in 35.5 sec.
2026-02-02 12:19:20,166 - kedro.framework.project - INFO - Using 'conf\logging.yml' as logging configuration. You can change this by setting the KEDRO_LOGGING_CONFIG environment variable accordingly.
2026-02-02 12:20:08,288 - kedro.framework.session.session - INFO - Kedro project banking-customer-churn-prediction
2026-02-02 12:20:08,726 - kedro_telemetry.plugin - INFO - Kedro is sending anonymous usage data with the sole purpose of improving the product. No personal data or IP addresses are stored on our side. To opt out, set the `KEDRO_DISABLE_TELEMETRY` or `DO_NOT_TRACK` environment variables, or create a `.telemetry` file in the current working directory with the contents `consent: false`. To hide this message, explicitly grant or deny consent. Read more at https://docs.kedro.org/en/stable/configuration/telemetry.html
2026-02-02 12:20:17,809 - py.warnings - WARNING - c:\Users\BIGSAM TECH\Desktop\ML Churn Modelling\.venv\lib\site-packages\google\api_core\_python_version_support.py:266: FutureWarning: You are using a Python version (3.10.11) which Google will stop supporting in new releases of google.api_core once it reaches its end of life (2026-10-04). Please upgrade to the latest Python version, or at least Python 3.11, to continue receiving updates for google.api_core past that date.
  warnings.warn(message, FutureWarning)

2026-02-02 12:20:30,018 - kedro.runner.sequential_runner - INFO - Using synchronous mode for loading and saving data. Use the --async flag for potential performance gains. https://docs.kedro.org/en/stable/nodes_and_pipelines/run_a_pipeline.html#load-and-save-asynchronously
2026-02-02 12:20:30,028 - kedro.io.data_catalog - INFO - Loading data from [dark_orange]params:data.columns.numeric[/dark_orange] (MemoryDataset)...
2026-02-02 12:20:30,028 - kedro.io.data_catalog - INFO - Loading data from [dark_orange]params:data.columns.categorical[/dark_orange] (MemoryDataset)...
2026-02-02 12:20:30,028 - kedro.io.data_catalog - INFO - Loading data from [dark_orange]params:features.preprocessing[/dark_orange] (MemoryDataset)...
2026-02-02 12:20:30,044 - kedro.pipeline.node - INFO - Running node: build_preprocessor: build_preprocessor([params:data.columns.numeric;params:data.columns.categorical;params:features.preprocessing]) -> [feature_preprocessor]
2026-02-02 12:20:30,049 - banking_customer_churn_prediction.pipelines.preprocessing.nodes - INFO - Built preprocessor for 6 numeric and 2 categorical features
2026-02-02 12:20:30,055 - kedro.io.data_catalog - INFO - Saving data to [dark_orange]feature_preprocessor[/dark_orange] (PickleDataset)...
2026-02-02 12:20:30,070 - kedro.runner.sequential_runner - INFO - Completed node: build_preprocessor
2026-02-02 12:20:30,077 - kedro.runner.sequential_runner - INFO - Completed 1 out of 8 tasks
2026-02-02 12:20:30,083 - kedro.io.data_catalog - INFO - Loading data from [dark_orange]raw_churn[/dark_orange] (CSVDataset)...
2026-02-02 12:20:30,177 - kedro.pipeline.node - INFO - Running node: extract_raw_data: extract_raw([raw_churn]) -> [raw_df;raw_data_quality_metrics]
2026-02-02 12:20:30,181 - banking_customer_churn_prediction.pipelines.etl.nodes - INFO - Extracting raw data with shape: (10000, 14)
2026-02-02 12:20:30,241 - banking_customer_churn_prediction.pipelines.etl.nodes - INFO - Data quality metrics: {'row_count': 10000, 'column_count': 14, 'null_percentage': np.float64(0.0), 'duplicate_rows': np.int64(0), 'churn_rate': np.float64(0.2037)}
2026-02-02 12:20:30,245 - kedro.io.data_catalog - INFO - Saving data to [dark_orange]raw_df[/dark_orange] (MemoryDataset)...
2026-02-02 12:20:30,250 - kedro.io.data_catalog - INFO - Saving data to [dark_orange]raw_data_quality_metrics[/dark_orange] (MemoryDataset)...
2026-02-02 12:20:30,256 - kedro.runner.sequential_runner - INFO - Completed node: extract_raw_data
2026-02-02 12:20:30,260 - kedro.runner.sequential_runner - INFO - Completed 2 out of 8 tasks
2026-02-02 12:20:30,265 - kedro.io.data_catalog - INFO - Loading data from [dark_orange]raw_df[/dark_orange] (MemoryDataset)...
2026-02-02 12:20:30,271 - kedro.io.data_catalog - INFO - Loading data from [dark_orange]raw_data_quality_metrics[/dark_orange] (MemoryDataset)...
2026-02-02 12:20:30,276 - kedro.io.data_catalog - INFO - Loading data from [dark_orange]params:data.columns.drop[/dark_orange] (MemoryDataset)...
2026-02-02 12:20:30,283 - kedro.io.data_catalog - INFO - Loading data from [dark_orange]params:data.random_state[/dark_orange] (MemoryDataset)...
2026-02-02 12:20:30,288 - kedro.pipeline.node - INFO - Running node: clean_and_prepare_data: clean_and_prepare_data([raw_df;raw_data_quality_metrics;params:data.columns.drop;params:data.random_state]) -> [cleaned_customers]
2026-02-02 12:20:30,295 - banking_customer_churn_prediction.pipelines.etl.nodes - INFO - Starting data cleaning with shape: (10000, 14)
2026-02-02 12:20:30,302 - banking_customer_churn_prediction.pipelines.etl.nodes - INFO - Dropped columns: ['RowNumber', 'CustomerId', 'Surname']
2026-02-02 12:20:30,313 - banking_customer_churn_prediction.pipelines.etl.nodes - INFO - Cleaned data shape: (10000, 11)
2026-02-02 12:20:30,313 - kedro.io.data_catalog - INFO - Saving data to [dark_orange]cleaned_customers[/dark_orange] (ParquetDataset)...
2026-02-02 12:20:30,495 - kedro.runner.sequential_runner - INFO - Completed node: clean_and_prepare_data
2026-02-02 12:20:30,497 - kedro.runner.sequential_runner - INFO - Completed 3 out of 8 tasks
2026-02-02 12:20:30,502 - kedro.io.data_catalog - INFO - Loading data from [dark_orange]cleaned_customers[/dark_orange] (ParquetDataset)...
2026-02-02 12:20:30,653 - kedro.io.data_catalog - INFO - Loading data from [dark_orange]params:data.columns.numeric[/dark_orange] (MemoryDataset)...
2026-02-02 12:20:30,663 - kedro.io.data_catalog - INFO - Loading data from [dark_orange]params:data.columns.categorical[/dark_orange] (MemoryDataset)...
2026-02-02 12:20:30,670 - kedro.io.data_catalog - INFO - Loading data from [dark_orange]params:features[/dark_orange] (MemoryDataset)...
2026-02-02 12:20:30,680 - kedro.pipeline.node - INFO - Running node: create_engineered_features: create_features([cleaned_customers;params:data.columns.numeric;params:data.columns.categorical;params:features]) -> [features_df]
2026-02-02 12:20:30,685 - banking_customer_churn_prediction.pipelines.feature_engineering.nodes - INFO - Created feature: avg_bal_per_product
2026-02-02 12:20:30,696 - banking_customer_churn_prediction.pipelines.feature_engineering.nodes - INFO - Created feature: tenure_bucket
2026-02-02 12:20:30,702 - banking_customer_churn_prediction.pipelines.feature_engineering.nodes - INFO - Feature engineering complete. Shape: (10000, 13)
2026-02-02 12:20:30,706 - kedro.io.data_catalog - INFO - Saving data to [dark_orange]features_df[/dark_orange] (MemoryDataset)...
2026-02-02 12:20:30,718 - kedro.runner.sequential_runner - INFO - Completed node: create_engineered_features
2026-02-02 12:20:30,718 - kedro.runner.sequential_runner - INFO - Completed 4 out of 8 tasks
2026-02-02 12:20:30,730 - kedro.io.data_catalog - INFO - Loading data from [dark_orange]features_df[/dark_orange] (MemoryDataset)...
2026-02-02 12:20:30,736 - kedro.io.data_catalog - INFO - Loading data from [dark_orange]params:data.target[/dark_orange] (MemoryDataset)...
2026-02-02 12:20:30,740 - kedro.io.data_catalog - INFO - Loading data from [dark_orange]params:data.test_size[/dark_orange] (MemoryDataset)...
2026-02-02 12:20:30,748 - kedro.io.data_catalog - INFO - Loading data from [dark_orange]params:data.val_size[/dark_orange] (MemoryDataset)...
2026-02-02 12:20:30,752 - kedro.io.data_catalog - INFO - Loading data from [dark_orange]params:data.random_state[/dark_orange] (MemoryDataset)...
2026-02-02 12:20:30,757 - kedro.io.data_catalog - INFO - Loading data from [dark_orange]params:data.stratify[/dark_orange] (MemoryDataset)...
2026-02-02 12:20:30,765 - kedro.pipeline.node - INFO - Running node: split_features_target: split_features_target([features_df;params:data.target;params:data.test_size;params:data.val_size;params:data.random_state;params:data.stratify]) -> [X_train;X_val;X_test;y_train;y_val;y_test]
2026-02-02 12:20:30,800 - banking_customer_churn_prediction.pipelines.feature_engineering.nodes - INFO - Data split complete:
2026-02-02 12:20:30,810 - banking_customer_churn_prediction.pipelines.feature_engineering.nodes - INFO -   Train: 7000 samples (1426 positive)
2026-02-02 12:20:30,815 - banking_customer_churn_prediction.pipelines.feature_engineering.nodes - INFO -   Val: 1500 samples (305 positive)
2026-02-02 12:20:30,819 - banking_customer_churn_prediction.pipelines.feature_engineering.nodes - INFO -   Test: 1500 samples (306 positive)
2026-02-02 12:20:30,821 - kedro.io.data_catalog - INFO - Saving data to [dark_orange]X_train[/dark_orange] (ParquetDataset)...
2026-02-02 12:20:30,849 - kedro.io.data_catalog - INFO - Saving data to [dark_orange]X_val[/dark_orange] (ParquetDataset)...
2026-02-02 12:20:30,868 - kedro.io.data_catalog - INFO - Saving data to [dark_orange]X_test[/dark_orange] (ParquetDataset)...
2026-02-02 12:20:30,888 - kedro.io.data_catalog - INFO - Saving data to [dark_orange]y_train[/dark_orange] (PickleDataset)...
2026-02-02 12:20:30,899 - kedro.io.data_catalog - INFO - Saving data to [dark_orange]y_val[/dark_orange] (PickleDataset)...
2026-02-02 12:20:30,905 - kedro.io.data_catalog - INFO - Saving data to [dark_orange]y_test[/dark_orange] (PickleDataset)...
2026-02-02 12:20:30,918 - kedro.runner.sequential_runner - INFO - Completed node: split_features_target
2026-02-02 12:20:30,921 - kedro.runner.sequential_runner - INFO - Completed 5 out of 8 tasks
2026-02-02 12:20:30,931 - kedro.io.data_catalog - INFO - Loading data from [dark_orange]feature_preprocessor[/dark_orange] (PickleDataset)...
2026-02-02 12:20:30,952 - kedro.io.data_catalog - INFO - Loading data from [dark_orange]X_train[/dark_orange] (ParquetDataset)...
2026-02-02 12:20:30,988 - kedro.io.data_catalog - INFO - Loading data from [dark_orange]X_val[/dark_orange] (ParquetDataset)...
2026-02-02 12:20:31,016 - kedro.io.data_catalog - INFO - Loading data from [dark_orange]X_test[/dark_orange] (ParquetDataset)...
2026-02-02 12:20:31,046 - kedro.pipeline.node - INFO - Running node: fit_and_transform_preprocessor: fit_preprocessor([feature_preprocessor;X_train;X_val;X_test]) -> [X_train_processed;X_val_processed;X_test_processed;feature_preprocessor_fitted]
2026-02-02 12:20:31,061 - banking_customer_churn_prediction.pipelines.preprocessing.nodes - INFO - Fitting preprocessor on training data...
2026-02-02 12:20:31,172 - banking_customer_churn_prediction.pipelines.preprocessing.nodes - INFO - Preprocessing complete. Feature count: 9
2026-02-02 12:20:31,177 - kedro.io.data_catalog - INFO - Saving data to [dark_orange]X_train_processed[/dark_orange] (MemoryDataset)...
2026-02-02 12:20:31,184 - kedro.io.data_catalog - INFO - Saving data to [dark_orange]X_val_processed[/dark_orange] (MemoryDataset)...
2026-02-02 12:20:31,197 - kedro.io.data_catalog - INFO - Saving data to [dark_orange]X_test_processed[/dark_orange] (MemoryDataset)...
2026-02-02 12:20:31,205 - kedro.io.data_catalog - INFO - Saving data to [dark_orange]feature_preprocessor_fitted[/dark_orange] (MemoryDataset)...
2026-02-02 12:20:31,216 - kedro.runner.sequential_runner - INFO - Completed node: fit_and_transform_preprocessor
2026-02-02 12:20:31,219 - kedro.runner.sequential_runner - INFO - Completed 6 out of 8 tasks
2026-02-02 12:20:31,228 - kedro.io.data_catalog - INFO - Loading data from [dark_orange]X_train_processed[/dark_orange] (MemoryDataset)...
2026-02-02 12:20:31,232 - kedro.io.data_catalog - INFO - Loading data from [dark_orange]y_train[/dark_orange] (PickleDataset)...
2026-02-02 12:20:31,250 - kedro.io.data_catalog - INFO - Loading data from [dark_orange]X_val_processed[/dark_orange] (MemoryDataset)...
2026-02-02 12:20:31,264 - kedro.io.data_catalog - INFO - Loading data from [dark_orange]y_val[/dark_orange] (PickleDataset)...
2026-02-02 12:20:31,282 - kedro.io.data_catalog - INFO - Loading data from [dark_orange]params:models[/dark_orange] (MemoryDataset)...
2026-02-02 12:20:31,288 - kedro.io.data_catalog - INFO - Loading data from [dark_orange]params:training[/dark_orange] (MemoryDataset)...
2026-02-02 12:20:31,294 - kedro.pipeline.node - INFO - Running node: train_models_with_cv: train_models_with_cv([X_train_processed;y_train;X_val_processed;y_val;params:models;params:training]) -> [trained_models;model_metrics;cv_metrics;best_model_name;best_model;best_model_metrics;training_data_ref]
2026-02-02 12:20:31,300 - banking_customer_churn_prediction.pipelines.training.nodes - INFO - Training models on 7000 samples
2026-02-02 12:20:31,302 - banking_customer_churn_prediction.pipelines.training.nodes - INFO - Training logistic_regression...
2026-02-02 12:20:38,890 - banking_customer_churn_prediction.pipelines.training.nodes - INFO - logistic_regression - CV AUC: 0.7589 ± 0.0190
2026-02-02 12:20:38,899 - banking_customer_churn_prediction.pipelines.training.nodes - INFO - logistic_regression - Val AUC: 0.7450
2026-02-02 12:20:38,899 - banking_customer_churn_prediction.pipelines.training.nodes - INFO - Training random_forest...
2026-02-02 12:20:46,528 - banking_customer_churn_prediction.pipelines.training.nodes - INFO - random_forest - CV AUC: 0.8521 ± 0.0057
2026-02-02 12:20:46,532 - banking_customer_churn_prediction.pipelines.training.nodes - INFO - random_forest - Val AUC: 0.8515
2026-02-02 12:20:46,532 - banking_customer_churn_prediction.pipelines.training.nodes - INFO - Training xgboost...
2026-02-02 12:20:48,276 - banking_customer_churn_prediction.pipelines.training.nodes - INFO - xgboost - CV AUC: 0.8442 ± 0.0055
2026-02-02 12:20:48,286 - banking_customer_churn_prediction.pipelines.training.nodes - INFO - xgboost - Val AUC: 0.8358
2026-02-02 12:20:48,287 - banking_customer_churn_prediction.pipelines.training.nodes - INFO - Best model: random_forest with AUC: 0.8515
2026-02-02 12:20:48,294 - kedro.io.data_catalog - INFO - Saving data to [dark_orange]trained_models[/dark_orange] (MemoryDataset)...
2026-02-02 12:20:48,395 - kedro.io.data_catalog - INFO - Saving data to [dark_orange]model_metrics[/dark_orange] (JSONDataset)...
2026-02-02 12:20:48,403 - kedro.io.data_catalog - INFO - Saving data to [dark_orange]cv_metrics[/dark_orange] (MemoryDataset)...
2026-02-02 12:20:48,410 - kedro.io.data_catalog - INFO - Saving data to [dark_orange]best_model_name[/dark_orange] (MemoryDataset)...
2026-02-02 12:20:48,418 - kedro.io.data_catalog - INFO - Saving data to [dark_orange]best_model[/dark_orange] (PickleDataset)...
2026-02-02 12:20:48,463 - kedro.io.data_catalog - INFO - Saving data to [dark_orange]best_model_metrics[/dark_orange] (MemoryDataset)...
2026-02-02 12:20:48,470 - kedro.io.data_catalog - INFO - Saving data to [dark_orange]training_data_ref[/dark_orange] (MemoryDataset)...
2026-02-02 12:20:48,480 - kedro.runner.sequential_runner - INFO - Completed node: train_models_with_cv
2026-02-02 12:20:48,483 - kedro.runner.sequential_runner - INFO - Completed 7 out of 8 tasks
2026-02-02 12:20:48,494 - kedro.io.data_catalog - INFO - Loading data from [dark_orange]best_model[/dark_orange] (PickleDataset)...
2026-02-02 12:20:48,540 - kedro.io.data_catalog - INFO - Loading data from [dark_orange]best_model_name[/dark_orange] (MemoryDataset)...
2026-02-02 12:20:48,546 - kedro.io.data_catalog - INFO - Loading data from [dark_orange]best_model_metrics[/dark_orange] (MemoryDataset)...
2026-02-02 12:20:48,553 - kedro.io.data_catalog - INFO - Loading data from [dark_orange]cv_metrics[/dark_orange] (MemoryDataset)...
2026-02-02 12:20:48,559 - kedro.io.data_catalog - INFO - Loading data from [dark_orange]training_data_ref[/dark_orange] (MemoryDataset)...
2026-02-02 12:20:48,568 - kedro.io.data_catalog - INFO - Loading data from [dark_orange]params:models[/dark_orange] (MemoryDataset)...
2026-02-02 12:20:48,574 - kedro.pipeline.node - INFO - Running node: log_best_model_to_mlflow: log_to_mlflow([best_model;best_model_name;best_model_metrics;cv_metrics;training_data_ref;params:models]) -> [mlflow_run_id]
2026-02-02 12:21:14,665 - kedro.io.data_catalog - INFO - Saving data to [dark_orange]mlflow_run_id[/dark_orange] (MemoryDataset)...
2026-02-02 12:21:14,686 - kedro.runner.sequential_runner - INFO - Completed node: log_best_model_to_mlflow
2026-02-02 12:21:14,693 - kedro.runner.sequential_runner - INFO - Completed 8 out of 8 tasks
2026-02-02 12:21:14,702 - kedro.runner.sequential_runner - INFO - Pipeline execution completed successfully in 44.7 sec.
2026-02-24 09:52:23,866 - kedro.framework.project - INFO - Using 'conf\logging.yml' as logging configuration. You can change this by setting the KEDRO_LOGGING_CONFIG environment variable accordingly.
2026-02-24 09:52:23,995 - banking_customer_churn_prediction.api.main - WARNING - No API key found. Headers: {'host': 'testserver', 'accept': '*/*', 'accept-encoding': 'gzip, deflate', 'connection': 'keep-alive', 'user-agent': 'testclient'}
2026-02-24 09:52:25,347 - banking_customer_churn_prediction.api.main - WARNING - No API key found. Headers: {'host': 'testserver', 'accept': '*/*', 'accept-encoding': 'gzip, deflate', 'connection': 'keep-alive', 'user-agent': 'testclient', 'content-length': '190', 'content-type': 'application/json'}
2026-02-24 09:52:25,388 - banking_customer_churn_prediction.api.main - WARNING - No API key found. Headers: {'host': 'testserver', 'accept': '*/*', 'accept-encoding': 'gzip, deflate', 'connection': 'keep-alive', 'user-agent': 'testclient', 'content-length': '390', 'content-type': 'application/json'}
2026-02-24 09:52:25,523 - kedro.runner.sequential_runner - INFO - Using synchronous mode for loading and saving data. Use the --async flag for potential performance gains. https://docs.kedro.org/en/stable/nodes_and_pipelines/run_a_pipeline.html#load-and-save-asynchronously
2026-02-24 09:52:25,526 - kedro.io.data_catalog - INFO - Loading data from [dark_orange]raw_churn[/dark_orange] (MemoryDataset)...
2026-02-24 09:52:25,537 - kedro.pipeline.node - INFO - Running node: extract_raw_data: extract_raw([raw_churn]) -> [raw_df;raw_data_quality_metrics]
2026-02-24 09:52:25,537 - banking_customer_churn_prediction.pipelines.etl.nodes - INFO - Extracting raw data with shape: (10, 14)
2026-02-24 09:52:25,589 - banking_customer_churn_prediction.pipelines.etl.nodes - INFO - Data quality metrics: {'row_count': 10, 'column_count': 14, 'null_percentage': np.float64(0.0), 'duplicate_rows': np.int64(0), 'churn_rate': np.float64(0.4)}
2026-02-24 09:52:25,593 - kedro.io.data_catalog - INFO - Saving data to [dark_orange]raw_df[/dark_orange] (MemoryDataset)...
2026-02-24 09:52:25,601 - kedro.io.data_catalog - INFO - Saving data to [dark_orange]raw_data_quality_metrics[/dark_orange] (MemoryDataset)...
2026-02-24 09:52:25,606 - kedro.runner.sequential_runner - INFO - Completed node: extract_raw_data
2026-02-24 09:52:25,606 - kedro.runner.sequential_runner - INFO - Completed 1 out of 2 tasks
2026-02-24 09:52:25,613 - kedro.io.data_catalog - INFO - Loading data from [dark_orange]raw_df[/dark_orange] (MemoryDataset)...
2026-02-24 09:52:25,620 - kedro.io.data_catalog - INFO - Loading data from [dark_orange]raw_data_quality_metrics[/dark_orange] (MemoryDataset)...
2026-02-24 09:52:25,623 - kedro.io.data_catalog - INFO - Loading data from [dark_orange]params:data.columns.drop[/dark_orange] (MemoryDataset)...
2026-02-24 09:52:25,631 - kedro.io.data_catalog - INFO - Loading data from [dark_orange]params:data.random_state[/dark_orange] (MemoryDataset)...
2026-02-24 09:52:25,635 - kedro.pipeline.node - INFO - Running node: clean_and_prepare_data: clean_and_prepare_data([raw_df;raw_data_quality_metrics;params:data.columns.drop;params:data.random_state]) -> [cleaned_customers]
2026-02-24 09:52:25,635 - banking_customer_churn_prediction.pipelines.etl.nodes - INFO - Starting data cleaning with shape: (10, 14)
2026-02-24 09:52:25,649 - banking_customer_churn_prediction.pipelines.etl.nodes - INFO - Dropped columns: ['RowNumber', 'CustomerId', 'Surname']
2026-02-24 09:52:25,653 - banking_customer_churn_prediction.pipelines.etl.nodes - INFO - Cleaned data shape: (10, 11)
2026-02-24 09:52:25,658 - kedro.io.data_catalog - INFO - Saving data to [dark_orange]cleaned_customers[/dark_orange] (MemoryDataset)...
2026-02-24 09:52:25,663 - kedro.runner.sequential_runner - INFO - Completed node: clean_and_prepare_data
2026-02-24 09:52:25,668 - kedro.runner.sequential_runner - INFO - Completed 2 out of 2 tasks
2026-02-24 09:52:25,668 - kedro.runner.sequential_runner - INFO - Pipeline execution completed successfully in 0.1 sec.
2026-02-24 09:52:25,673 - kedro.io.data_catalog - INFO - Loading data from [dark_orange]cleaned_customers[/dark_orange] (MemoryDataset)...
2026-02-24 09:52:25,743 - kedro.runner.sequential_runner - INFO - Using synchronous mode for loading and saving data. Use the --async flag for potential performance gains. https://docs.kedro.org/en/stable/nodes_and_pipelines/run_a_pipeline.html#load-and-save-asynchronously
2026-02-24 09:52:25,749 - kedro.io.data_catalog - INFO - Loading data from [dark_orange]cleaned_customers[/dark_orange] (MemoryDataset)...
2026-02-24 09:52:25,753 - kedro.io.data_catalog - INFO - Loading data from [dark_orange]params:data.columns.numeric[/dark_orange] (MemoryDataset)...
2026-02-24 09:52:25,758 - kedro.io.data_catalog - INFO - Loading data from [dark_orange]params:data.columns.categorical[/dark_orange] (MemoryDataset)...
2026-02-24 09:52:25,768 - kedro.io.data_catalog - INFO - Loading data from [dark_orange]params:features[/dark_orange] (MemoryDataset)...
2026-02-24 09:52:25,774 - kedro.pipeline.node - INFO - Running node: create_engineered_features: create_features([cleaned_customers;params:data.columns.numeric;params:data.columns.categorical;params:features]) -> [features_df]
2026-02-24 09:52:25,779 - banking_customer_churn_prediction.pipelines.feature_engineering.nodes - INFO - Created feature: avg_bal_per_product
2026-02-24 09:52:25,787 - banking_customer_churn_prediction.pipelines.feature_engineering.nodes - INFO - Created feature: tenure_bucket
2026-02-24 09:52:25,791 - banking_customer_churn_prediction.pipelines.feature_engineering.nodes - INFO - Feature engineering complete. Shape: (10, 13)
2026-02-24 09:52:25,796 - kedro.io.data_catalog - INFO - Saving data to [dark_orange]features_df[/dark_orange] (MemoryDataset)...
2026-02-24 09:52:25,801 - kedro.runner.sequential_runner - INFO - Completed node: create_engineered_features
2026-02-24 09:52:25,804 - kedro.runner.sequential_runner - INFO - Completed 1 out of 2 tasks
2026-02-24 09:52:25,804 - kedro.io.data_catalog - INFO - Loading data from [dark_orange]features_df[/dark_orange] (MemoryDataset)...
2026-02-24 09:52:25,813 - kedro.io.data_catalog - INFO - Loading data from [dark_orange]params:data.target[/dark_orange] (MemoryDataset)...
2026-02-24 09:52:25,818 - kedro.io.data_catalog - INFO - Loading data from [dark_orange]params:data.test_size[/dark_orange] (MemoryDataset)...
2026-02-24 09:52:25,823 - kedro.io.data_catalog - INFO - Loading data from [dark_orange]params:data.val_size[/dark_orange] (MemoryDataset)...
2026-02-24 09:52:25,831 - kedro.io.data_catalog - INFO - Loading data from [dark_orange]params:data.random_state[/dark_orange] (MemoryDataset)...
2026-02-24 09:52:25,833 - kedro.io.data_catalog - INFO - Loading data from [dark_orange]params:data.stratify[/dark_orange] (MemoryDataset)...
2026-02-24 09:52:25,838 - kedro.pipeline.node - INFO - Running node: split_features_target: split_features_target([features_df;params:data.target;params:data.test_size;params:data.val_size;params:data.random_state;params:data.stratify]) -> [X_train;X_val;X_test;y_train;y_val;y_test]
2026-02-24 09:52:25,858 - banking_customer_churn_prediction.pipelines.feature_engineering.nodes - INFO - Data split complete:
2026-02-24 09:52:25,863 - banking_customer_churn_prediction.pipelines.feature_engineering.nodes - INFO -   Train: 6 samples (2 positive)
2026-02-24 09:52:25,863 - banking_customer_churn_prediction.pipelines.feature_engineering.nodes - INFO -   Val: 2 samples (1 positive)
2026-02-24 09:52:25,863 - banking_customer_churn_prediction.pipelines.feature_engineering.nodes - INFO -   Test: 2 samples (1 positive)
2026-02-24 09:52:25,873 - kedro.io.data_catalog - INFO - Saving data to [dark_orange]X_train[/dark_orange] (MemoryDataset)...
2026-02-24 09:52:25,873 - kedro.io.data_catalog - INFO - Saving data to [dark_orange]X_val[/dark_orange] (MemoryDataset)...
2026-02-24 09:52:25,886 - kedro.io.data_catalog - INFO - Saving data to [dark_orange]X_test[/dark_orange] (MemoryDataset)...
2026-02-24 09:52:25,890 - kedro.io.data_catalog - INFO - Saving data to [dark_orange]y_train[/dark_orange] (MemoryDataset)...
2026-02-24 09:52:25,893 - kedro.io.data_catalog - INFO - Saving data to [dark_orange]y_val[/dark_orange] (MemoryDataset)...
2026-02-24 09:52:25,903 - kedro.io.data_catalog - INFO - Saving data to [dark_orange]y_test[/dark_orange] (MemoryDataset)...
2026-02-24 09:52:25,903 - kedro.runner.sequential_runner - INFO - Completed node: split_features_target
2026-02-24 09:52:25,903 - kedro.runner.sequential_runner - INFO - Completed 2 out of 2 tasks
2026-02-24 09:52:25,915 - kedro.runner.sequential_runner - INFO - Pipeline execution completed successfully in 0.2 sec.
2026-02-24 09:52:25,918 - kedro.io.data_catalog - INFO - Loading data from [dark_orange]X_train[/dark_orange] (MemoryDataset)...
2026-02-24 09:52:25,923 - kedro.io.data_catalog - INFO - Loading data from [dark_orange]X_val[/dark_orange] (MemoryDataset)...
2026-02-24 09:52:25,925 - kedro.io.data_catalog - INFO - Loading data from [dark_orange]X_test[/dark_orange] (MemoryDataset)...
2026-02-24 09:52:26,033 - kedro.runner.sequential_runner - INFO - Using synchronous mode for loading and saving data. Use the --async flag for potential performance gains. https://docs.kedro.org/en/stable/nodes_and_pipelines/run_a_pipeline.html#load-and-save-asynchronously
2026-02-24 09:52:26,033 - kedro.io.data_catalog - INFO - Loading data from [dark_orange]params:data.columns.numeric[/dark_orange] (MemoryDataset)...
2026-02-24 09:52:26,043 - kedro.io.data_catalog - INFO - Loading data from [dark_orange]params:data.columns.categorical[/dark_orange] (MemoryDataset)...
2026-02-24 09:52:26,050 - kedro.io.data_catalog - INFO - Loading data from [dark_orange]params:features.preprocessing[/dark_orange] (MemoryDataset)...
2026-02-24 09:52:26,056 - kedro.pipeline.node - INFO - Running node: build_preprocessor: build_preprocessor([params:data.columns.numeric;params:data.columns.categorical;params:features.preprocessing]) -> [feature_preprocessor]
2026-02-24 09:52:26,058 - banking_customer_churn_prediction.pipelines.preprocessing.nodes - INFO - Built preprocessor for 6 numeric and 2 categorical features
2026-02-24 09:52:26,063 - kedro.io.data_catalog - INFO - Saving data to [dark_orange]feature_preprocessor[/dark_orange] (MemoryDataset)...
2026-02-24 09:52:26,068 - kedro.runner.sequential_runner - INFO - Completed node: build_preprocessor
2026-02-24 09:52:26,073 - kedro.runner.sequential_runner - INFO - Completed 1 out of 6 tasks
2026-02-24 09:52:26,077 - kedro.io.data_catalog - INFO - Loading data from [dark_orange]raw_churn[/dark_orange] (MemoryDataset)...
2026-02-24 09:52:26,083 - kedro.pipeline.node - INFO - Running node: extract_raw_data: extract_raw([raw_churn]) -> [raw_df;raw_data_quality_metrics]
2026-02-24 09:52:26,083 - banking_customer_churn_prediction.pipelines.etl.nodes - INFO - Extracting raw data with shape: (10, 14)
2026-02-24 09:52:26,093 - banking_customer_churn_prediction.pipelines.etl.nodes - INFO - Data quality metrics: {'row_count': 10, 'column_count': 14, 'null_percentage': np.float64(0.0), 'duplicate_rows': np.int64(0), 'churn_rate': np.float64(0.4)}
2026-02-24 09:52:26,099 - kedro.io.data_catalog - INFO - Saving data to [dark_orange]raw_df[/dark_orange] (MemoryDataset)...
2026-02-24 09:52:26,103 - kedro.io.data_catalog - INFO - Saving data to [dark_orange]raw_data_quality_metrics[/dark_orange] (MemoryDataset)...
2026-02-24 09:52:26,117 - kedro.runner.sequential_runner - INFO - Completed node: extract_raw_data
2026-02-24 09:52:26,121 - kedro.runner.sequential_runner - INFO - Completed 2 out of 6 tasks
2026-02-24 09:52:26,124 - kedro.io.data_catalog - INFO - Loading data from [dark_orange]raw_df[/dark_orange] (MemoryDataset)...
2026-02-24 09:52:26,133 - kedro.io.data_catalog - INFO - Loading data from [dark_orange]raw_data_quality_metrics[/dark_orange] (MemoryDataset)...
2026-02-24 09:52:26,135 - kedro.io.data_catalog - INFO - Loading data from [dark_orange]params:data.columns.drop[/dark_orange] (MemoryDataset)...
2026-02-24 09:52:26,144 - kedro.io.data_catalog - INFO - Loading data from [dark_orange]params:data.random_state[/dark_orange] (MemoryDataset)...
2026-02-24 09:52:26,150 - kedro.pipeline.node - INFO - Running node: clean_and_prepare_data: clean_and_prepare_data([raw_df;raw_data_quality_metrics;params:data.columns.drop;params:data.random_state]) -> [cleaned_customers]
2026-02-24 09:52:26,155 - banking_customer_churn_prediction.pipelines.etl.nodes - INFO - Starting data cleaning with shape: (10, 14)
2026-02-24 09:52:26,159 - banking_customer_churn_prediction.pipelines.etl.nodes - INFO - Dropped columns: ['RowNumber', 'CustomerId', 'Surname']
2026-02-24 09:52:26,165 - banking_customer_churn_prediction.pipelines.etl.nodes - INFO - Cleaned data shape: (10, 11)
2026-02-24 09:52:26,165 - kedro.io.data_catalog - INFO - Saving data to [dark_orange]cleaned_customers[/dark_orange] (MemoryDataset)...
2026-02-24 09:52:26,175 - kedro.runner.sequential_runner - INFO - Completed node: clean_and_prepare_data
2026-02-24 09:52:26,175 - kedro.runner.sequential_runner - INFO - Completed 3 out of 6 tasks
2026-02-24 09:52:26,184 - kedro.io.data_catalog - INFO - Loading data from [dark_orange]cleaned_customers[/dark_orange] (MemoryDataset)...
2026-02-24 09:52:26,184 - kedro.io.data_catalog - INFO - Loading data from [dark_orange]params:data.columns.numeric[/dark_orange] (MemoryDataset)...
2026-02-24 09:52:26,193 - kedro.io.data_catalog - INFO - Loading data from [dark_orange]params:data.columns.categorical[/dark_orange] (MemoryDataset)...
2026-02-24 09:52:26,201 - kedro.io.data_catalog - INFO - Loading data from [dark_orange]params:features[/dark_orange] (MemoryDataset)...
2026-02-24 09:52:26,203 - kedro.pipeline.node - INFO - Running node: create_engineered_features: create_features([cleaned_customers;params:data.columns.numeric;params:data.columns.categorical;params:features]) -> [features_df]
2026-02-24 09:52:26,203 - banking_customer_churn_prediction.pipelines.feature_engineering.nodes - INFO - Created feature: avg_bal_per_product
2026-02-24 09:52:26,215 - banking_customer_churn_prediction.pipelines.feature_engineering.nodes - INFO - Created feature: tenure_bucket
2026-02-24 09:52:26,218 - banking_customer_churn_prediction.pipelines.feature_engineering.nodes - INFO - Feature engineering complete. Shape: (10, 13)
2026-02-24 09:52:26,223 - kedro.io.data_catalog - INFO - Saving data to [dark_orange]features_df[/dark_orange] (MemoryDataset)...
2026-02-24 09:52:26,227 - kedro.runner.sequential_runner - INFO - Completed node: create_engineered_features
2026-02-24 09:52:26,233 - kedro.runner.sequential_runner - INFO - Completed 4 out of 6 tasks
2026-02-24 09:52:26,235 - kedro.io.data_catalog - INFO - Loading data from [dark_orange]features_df[/dark_orange] (MemoryDataset)...
2026-02-24 09:52:26,242 - kedro.io.data_catalog - INFO - Loading data from [dark_orange]params:data.target[/dark_orange] (MemoryDataset)...
2026-02-24 09:52:26,248 - kedro.io.data_catalog - INFO - Loading data from [dark_orange]params:data.test_size[/dark_orange] (MemoryDataset)...
2026-02-24 09:52:26,253 - kedro.io.data_catalog - INFO - Loading data from [dark_orange]params:data.val_size[/dark_orange] (MemoryDataset)...
2026-02-24 09:52:26,259 - kedro.io.data_catalog - INFO - Loading data from [dark_orange]params:data.random_state[/dark_orange] (MemoryDataset)...
2026-02-24 09:52:26,265 - kedro.io.data_catalog - INFO - Loading data from [dark_orange]params:data.stratify[/dark_orange] (MemoryDataset)...
2026-02-24 09:52:26,266 - kedro.pipeline.node - INFO - Running node: split_features_target: split_features_target([features_df;params:data.target;params:data.test_size;params:data.val_size;params:data.random_state;params:data.stratify]) -> [X_train;X_val;X_test;y_train;y_val;y_test]
2026-02-24 09:52:26,281 - banking_customer_churn_prediction.pipelines.feature_engineering.nodes - INFO - Data split complete:
2026-02-24 09:52:26,283 - banking_customer_churn_prediction.pipelines.feature_engineering.nodes - INFO -   Train: 6 samples (2 positive)
2026-02-24 09:52:26,288 - banking_customer_churn_prediction.pipelines.feature_engineering.nodes - INFO -   Val: 2 samples (1 positive)
2026-02-24 09:52:26,293 - banking_customer_churn_prediction.pipelines.feature_engineering.nodes - INFO -   Test: 2 samples (1 positive)
2026-02-24 09:52:26,293 - kedro.io.data_catalog - INFO - Saving data to [dark_orange]X_train[/dark_orange] (MemoryDataset)...
2026-02-24 09:52:26,303 - kedro.io.data_catalog - INFO - Saving data to [dark_orange]X_val[/dark_orange] (MemoryDataset)...
2026-02-24 09:52:26,304 - kedro.io.data_catalog - INFO - Saving data to [dark_orange]X_test[/dark_orange] (MemoryDataset)...
2026-02-24 09:52:26,313 - kedro.io.data_catalog - INFO - Saving data to [dark_orange]y_train[/dark_orange] (MemoryDataset)...
2026-02-24 09:52:26,316 - kedro.io.data_catalog - INFO - Saving data to [dark_orange]y_val[/dark_orange] (MemoryDataset)...
2026-02-24 09:52:26,323 - kedro.io.data_catalog - INFO - Saving data to [dark_orange]y_test[/dark_orange] (MemoryDataset)...
2026-02-24 09:52:26,331 - kedro.runner.sequential_runner - INFO - Completed node: split_features_target
2026-02-24 09:52:26,334 - kedro.runner.sequential_runner - INFO - Completed 5 out of 6 tasks
2026-02-24 09:52:26,334 - kedro.io.data_catalog - INFO - Loading data from [dark_orange]feature_preprocessor[/dark_orange] (MemoryDataset)...
2026-02-24 09:52:26,343 - kedro.io.data_catalog - INFO - Loading data from [dark_orange]X_train[/dark_orange] (MemoryDataset)...
2026-02-24 09:52:26,351 - kedro.io.data_catalog - INFO - Loading data from [dark_orange]X_val[/dark_orange] (MemoryDataset)...
2026-02-24 09:52:26,353 - kedro.io.data_catalog - INFO - Loading data from [dark_orange]X_test[/dark_orange] (MemoryDataset)...
2026-02-24 09:52:26,358 - kedro.pipeline.node - INFO - Running node: fit_and_transform_preprocessor: fit_preprocessor([feature_preprocessor;X_train;X_val;X_test]) -> [X_train_processed;X_val_processed;X_test_processed;feature_preprocessor_fitted]
2026-02-24 09:52:26,365 - banking_customer_churn_prediction.pipelines.preprocessing.nodes - INFO - Fitting preprocessor on training data...
2026-02-24 09:52:26,431 - banking_customer_churn_prediction.pipelines.preprocessing.nodes - INFO - Preprocessing complete. Feature count: 9
2026-02-24 09:52:26,435 - kedro.io.data_catalog - INFO - Saving data to [dark_orange]X_train_processed[/dark_orange] (MemoryDataset)...
2026-02-24 09:52:26,441 - kedro.io.data_catalog - INFO - Saving data to [dark_orange]X_val_processed[/dark_orange] (MemoryDataset)...
2026-02-24 09:52:26,443 - kedro.io.data_catalog - INFO - Saving data to [dark_orange]X_test_processed[/dark_orange] (MemoryDataset)...
2026-02-24 09:52:26,453 - kedro.io.data_catalog - INFO - Saving data to [dark_orange]feature_preprocessor_fitted[/dark_orange] (MemoryDataset)...
2026-02-24 09:52:26,458 - kedro.runner.sequential_runner - INFO - Completed node: fit_and_transform_preprocessor
2026-02-24 09:52:26,464 - kedro.runner.sequential_runner - INFO - Completed 6 out of 6 tasks
2026-02-24 09:52:26,465 - kedro.runner.sequential_runner - INFO - Pipeline execution completed successfully in 0.4 sec.
2026-02-24 09:52:26,535 - kedro.runner.sequential_runner - INFO - Using synchronous mode for loading and saving data. Use the --async flag for potential performance gains. https://docs.kedro.org/en/stable/nodes_and_pipelines/run_a_pipeline.html#load-and-save-asynchronously
2026-02-24 09:52:26,543 - kedro.io.data_catalog - INFO - Loading data from [dark_orange]raw_churn[/dark_orange] (MemoryDataset)...
2026-02-24 09:52:26,550 - kedro.pipeline.node - INFO - Running node: extract_raw_data: extract_raw([raw_churn]) -> [raw_df;raw_data_quality_metrics]
2026-02-24 09:52:26,556 - banking_customer_churn_prediction.pipelines.etl.nodes - INFO - Extracting raw data with shape: (2, 14)
2026-02-24 09:52:26,560 - banking_customer_churn_prediction.pipelines.etl.nodes - INFO - Data quality metrics: {'row_count': 2, 'column_count': 14, 'null_percentage': np.float64(0.0), 'duplicate_rows': np.int64(0), 'churn_rate': np.float64(0.5)}
2026-02-24 09:52:26,565 - kedro.io.data_catalog - INFO - Saving data to [dark_orange]raw_df[/dark_orange] (MemoryDataset)...
2026-02-24 09:52:26,573 - kedro.io.data_catalog - INFO - Saving data to [dark_orange]raw_data_quality_metrics[/dark_orange] (MemoryDataset)...
2026-02-24 09:52:26,579 - kedro.runner.sequential_runner - INFO - Completed node: extract_raw_data
2026-02-24 09:52:26,583 - kedro.runner.sequential_runner - INFO - Completed 1 out of 2 tasks
2026-02-24 09:52:26,583 - kedro.io.data_catalog - INFO - Loading data from [dark_orange]raw_df[/dark_orange] (MemoryDataset)...
2026-02-24 09:52:26,592 - kedro.io.data_catalog - INFO - Loading data from [dark_orange]raw_data_quality_metrics[/dark_orange] (MemoryDataset)...
2026-02-24 09:52:26,598 - kedro.io.data_catalog - INFO - Loading data from [dark_orange]params:data.columns.drop[/dark_orange] (MemoryDataset)...
2026-02-24 09:52:26,604 - kedro.io.data_catalog - INFO - Loading data from [dark_orange]params:data.random_state[/dark_orange] (MemoryDataset)...
2026-02-24 09:52:26,606 - kedro.pipeline.node - INFO - Running node: clean_and_prepare_data: clean_and_prepare_data([raw_df;raw_data_quality_metrics;params:data.columns.drop;params:data.random_state]) -> [cleaned_customers]
2026-02-24 09:52:26,613 - banking_customer_churn_prediction.pipelines.etl.nodes - INFO - Starting data cleaning with shape: (2, 14)
2026-02-24 09:52:26,618 - banking_customer_churn_prediction.pipelines.etl.nodes - INFO - Dropped columns: ['RowNumber', 'CustomerId', 'Surname']
2026-02-24 09:52:26,625 - banking_customer_churn_prediction.pipelines.etl.nodes - INFO - Cleaned data shape: (2, 11)
2026-02-24 09:52:26,626 - kedro.io.data_catalog - INFO - Saving data to [dark_orange]cleaned_customers[/dark_orange] (MemoryDataset)...
2026-02-24 09:52:26,634 - kedro.runner.sequential_runner - INFO - Completed node: clean_and_prepare_data
2026-02-24 09:52:26,634 - kedro.runner.sequential_runner - INFO - Completed 2 out of 2 tasks
2026-02-24 09:52:26,641 - kedro.runner.sequential_runner - INFO - Pipeline execution completed successfully in 0.1 sec.
